image_name,label,temperature,humidity,plant_id,capture_date,day_id,remaining_days,path,p_fresh,p_slightly_aged,p_near_spoilage,p_spoiled,pred_label
10.38pm_6038.jpg,fresh,5.0,88.0,0,2025-09-19,0,7,/content/drive/MyDrive/spoilage_dataset/dataset_root/fresh/10.38pm_6038.jpg,0.9166409,0.083155856,0.00019997994,3.2269816e-06,fresh
10.38pm_IMG_6037.jpg,fresh,5.0,88.0,0,2025-09-19,0,7,/content/drive/MyDrive/spoilage_dataset/dataset_root/fresh/10.38pm_IMG_6037.jpg,0.9213046,0.078546934,0.00014592071,2.4886397e-06,fresh
10.39pm_IMG_6055.jpg,fresh,5.0,88.0,0,2025-09-19,0,7,/content/drive/MyDrive/spoilage_dataset/dataset_root/fresh/10.39pm_IMG_6055.jpg,0.9374304,0.061954413,0.0006138831,1.3235224e-06,fresh
10.40pm_IMG_6070.jpg,fresh,5.0,88.0,0,2025-09-19,0,7,/content/drive/MyDrive/spoilage_dataset/dataset_root/fresh/10.40pm_IMG_6070.jpg,0.9983718,0.0015202082,0.0001078966,8.368978e-08,fresh
10.42pm_IMG_6089.jpg,fresh,5.0,88.0,0,2025-09-19,0,7,/content/drive/MyDrive/spoilage_dataset/dataset_root/fresh/10.42pm_IMG_6089.jpg,0.87245077,0.12703311,0.00050520326,1.0884297e-05,fresh
10.43pm_IMG_6090.jpg,fresh,5.0,88.0,0,2025-09-19,0,7,/content/drive/MyDrive/spoilage_dataset/dataset_root/fresh/10.43pm_IMG_6090.jpg,0.57624745,0.42316854,0.00057580986,8.1948965e-06,fresh
10.44pm_IMG_6108.jpg,fresh,5.0,88.0,0,2025-09-19,0,7,/content/drive/MyDrive/spoilage_dataset/dataset_root/fresh/10.44pm_IMG_6108.jpg,0.97275734,0.027124893,0.000112940965,4.861073e-06,fresh
10.45pm_IMG_6130.jpg,fresh,5.0,88.0,0,2025-09-19,0,7,/content/drive/MyDrive/spoilage_dataset/dataset_root/fresh/10.45pm_IMG_6130.jpg,0.80462754,0.19492355,0.00044801028,8.583899e-07,fresh
10.46pm_IMG_6139.jpg,fresh,5.0,88.0,0,2025-09-19,0,7,/content/drive/MyDrive/spoilage_dataset/dataset_root/fresh/10.46pm_IMG_6139.jpg,0.91103053,0.08887824,8.866565e-05,2.6463526e-06,fresh
10.47pm_IMG_6156.jpg,fresh,5.0,88.0,0,2025-09-19,0,7,/content/drive/MyDrive/spoilage_dataset/dataset_root/fresh/10.47pm_IMG_6156.jpg,0.9984188,0.0015725384,8.274723e-06,3.3265945e-07,fresh
10.48pm_IMG_6159.jpg,fresh,5.0,88.0,0,2025-09-19,0,7,/content/drive/MyDrive/spoilage_dataset/dataset_root/fresh/10.48pm_IMG_6159.jpg,0.9917047,0.008270474,2.367775e-05,1.2206681e-06,fresh
10.49pm_IMG_6169.jpg,fresh,5.0,88.0,0,2025-09-19,0,7,/content/drive/MyDrive/spoilage_dataset/dataset_root/fresh/10.49pm_IMG_6169.jpg,0.98578346,0.014209685,6.6682705e-06,9.358293e-08,fresh
10.50pm_IMG_6179.jpg,fresh,5.0,88.0,0,2025-09-19,0,7,/content/drive/MyDrive/spoilage_dataset/dataset_root/fresh/10.50pm_IMG_6179.jpg,0.9477313,0.05217363,9.4728755e-05,2.909308e-07,fresh
10.51pm_IMG_6187.jpg,fresh,5.0,88.0,0,2025-09-19,0,7,/content/drive/MyDrive/spoilage_dataset/dataset_root/fresh/10.51pm_IMG_6187.jpg,0.9344829,0.0655106,6.507247e-06,8.613473e-09,fresh
10.52pm_IMG_6197.jpg,fresh,5.0,88.0,0,2025-09-19,0,7,/content/drive/MyDrive/spoilage_dataset/dataset_root/fresh/10.52pm_IMG_6197.jpg,0.10329372,0.8964304,0.00027549948,3.9036064e-07,slightly_aged
10.54pm_IMG_6213.jpg,fresh,5.0,88.0,0,2025-09-19,0,7,/content/drive/MyDrive/spoilage_dataset/dataset_root/fresh/10.54pm_IMG_6213.jpg,0.54451656,0.45546943,1.3954631e-05,5.6810737e-08,fresh
10.55pm_IMG_6221.jpg,fresh,5.0,88.0,0,2025-09-19,0,7,/content/drive/MyDrive/spoilage_dataset/dataset_root/fresh/10.55pm_IMG_6221.jpg,0.44101077,0.5579623,0.0010250334,1.8851315e-06,slightly_aged
10.56pm_IMG_6230.jpg,fresh,5.0,88.0,0,2025-09-19,0,7,/content/drive/MyDrive/spoilage_dataset/dataset_root/fresh/10.56pm_IMG_6230.jpg,0.98545235,0.014479037,6.832352e-05,2.9127077e-07,fresh
10.57pm_IMG_6234.jpg,fresh,5.0,88.0,0,2025-09-19,0,7,/content/drive/MyDrive/spoilage_dataset/dataset_root/fresh/10.57pm_IMG_6234.jpg,0.9516395,0.048249062,0.00011104358,2.9680845e-07,fresh
10.58pm_IMG_6248.jpg,fresh,5.0,88.0,0,2025-09-19,0,7,/content/drive/MyDrive/spoilage_dataset/dataset_root/fresh/10.58pm_IMG_6248.jpg,0.9936225,0.006340411,3.615476e-05,8.929132e-07,fresh
10.59pm_IMG_6253.jpg,fresh,5.0,88.0,0,2025-09-19,0,7,/content/drive/MyDrive/spoilage_dataset/dataset_root/fresh/10.59pm_IMG_6253.jpg,0.8331011,0.16674368,0.00015203391,3.155875e-06,fresh
11.01pm_IMG_6275.jpg,fresh,5.0,88.0,0,2025-09-19,0,7,/content/drive/MyDrive/spoilage_dataset/dataset_root/fresh/11.01pm_IMG_6275.jpg,0.7938885,0.20522377,0.0008861209,1.62546e-06,fresh
11.02pm_IMG_6281.jpg,fresh,5.0,88.0,0,2025-09-19,0,7,/content/drive/MyDrive/spoilage_dataset/dataset_root/fresh/11.02pm_IMG_6281.jpg,0.8904284,0.10920973,0.00036113508,7.242521e-07,fresh
11.03pm_IMG_6294.jpg,fresh,5.0,88.0,0,2025-09-19,0,7,/content/drive/MyDrive/spoilage_dataset/dataset_root/fresh/11.03pm_IMG_6294.jpg,0.9761475,0.02367167,0.00017994053,9.822874e-07,fresh
11.04pm_IMG_6305.jpg,fresh,5.0,88.0,0,2025-09-19,0,7,/content/drive/MyDrive/spoilage_dataset/dataset_root/fresh/11.04pm_IMG_6305.jpg,0.99502665,0.004862527,9.7164215e-05,1.3620888e-05,fresh
11pm_IMG_6263.jpg,fresh,5.0,88.0,0,2025-09-19,0,7,/content/drive/MyDrive/spoilage_dataset/dataset_root/fresh/11pm_IMG_6263.jpg,0.9341916,0.06490219,0.00090536097,7.5643817e-07,fresh
2025.10.19.10.22pm_IMG_02.jpg,fresh,5.0,88.0,0,2025-09-19,0,7,/content/drive/MyDrive/spoilage_dataset/dataset_root/fresh/2025.10.19.10.22pm_IMG_02.jpg,0.39598167,0.60365295,0.0003642858,1.0741292e-06,slightly_aged
2025.10.19.10.23pm_IMG_03.jpg,fresh,5.0,88.0,0,2025-09-19,0,7,/content/drive/MyDrive/spoilage_dataset/dataset_root/fresh/2025.10.19.10.23pm_IMG_03.jpg,0.9084476,0.090156116,0.0013863873,9.836473e-06,fresh
2025.10.19.10.23pm_IMG_04.jpg,fresh,5.0,88.0,0,2025-09-19,0,7,/content/drive/MyDrive/spoilage_dataset/dataset_root/fresh/2025.10.19.10.23pm_IMG_04.jpg,0.99165606,0.007730213,0.0006111137,2.5975648e-06,fresh
2025.10.19.10.23pm_IMG_05.jpg,fresh,5.0,88.0,0,2025-09-19,0,7,/content/drive/MyDrive/spoilage_dataset/dataset_root/fresh/2025.10.19.10.23pm_IMG_05.jpg,0.99601483,0.0034565562,0.00052666664,1.903909e-06,fresh
2025.10.19.10.23pm_IMG_06.jpg,fresh,5.0,88.0,0,2025-09-19,0,7,/content/drive/MyDrive/spoilage_dataset/dataset_root/fresh/2025.10.19.10.23pm_IMG_06.jpg,0.99814034,0.0017077893,0.0001497466,1.9874103e-06,fresh
2025.10.19.10.23pm_IMG_07.jpg,fresh,5.0,88.0,0,2025-09-19,0,7,/content/drive/MyDrive/spoilage_dataset/dataset_root/fresh/2025.10.19.10.23pm_IMG_07.jpg,0.9983917,0.0013422853,0.00026022768,5.8077903e-06,fresh
2025.10.19.10.23pm_IMG_08.jpg,fresh,5.0,88.0,0,2025-09-19,0,7,/content/drive/MyDrive/spoilage_dataset/dataset_root/fresh/2025.10.19.10.23pm_IMG_08.jpg,0.99474806,0.0050251535,0.00022499943,1.7286184e-06,fresh
2025.10.19.10.23pm_IMG_09.jpg,fresh,5.0,88.0,0,2025-09-19,0,7,/content/drive/MyDrive/spoilage_dataset/dataset_root/fresh/2025.10.19.10.23pm_IMG_09.jpg,0.96736825,0.031862553,0.000766396,2.782872e-06,fresh
2025.10.19.10.23pm_IMG_10.jpg,fresh,5.0,88.0,0,2025-09-19,0,7,/content/drive/MyDrive/spoilage_dataset/dataset_root/fresh/2025.10.19.10.23pm_IMG_10.jpg,0.98854625,0.0100999605,0.0013437202,9.980925e-06,fresh
2025.10.19.10.23pm_IMG_11.jpg,fresh,5.0,88.0,0,2025-09-19,0,7,/content/drive/MyDrive/spoilage_dataset/dataset_root/fresh/2025.10.19.10.23pm_IMG_11.jpg,0.998638,0.0010681337,0.00029225153,1.6354192e-06,fresh
2025.10.19.10.23pm_IMG_12.jpg,fresh,5.0,88.0,0,2025-09-19,0,7,/content/drive/MyDrive/spoilage_dataset/dataset_root/fresh/2025.10.19.10.23pm_IMG_12.jpg,0.9947577,0.0044690324,0.000767074,6.0047937e-06,fresh
2025.10.19.10.23pm_IMG_15.jpg,fresh,5.0,88.0,0,2025-09-19,0,7,/content/drive/MyDrive/spoilage_dataset/dataset_root/fresh/2025.10.19.10.23pm_IMG_15.jpg,0.7828413,0.21356937,0.0033986676,0.00019064458,fresh
2025.10.19.10.23pm_IMG_16.jpg,fresh,5.0,88.0,0,2025-09-19,0,7,/content/drive/MyDrive/spoilage_dataset/dataset_root/fresh/2025.10.19.10.23pm_IMG_16.jpg,0.72796017,0.26082048,0.010751651,0.00046770583,fresh
2025.10.19.10.23pm_IMG_17.jpg,fresh,5.0,88.0,0,2025-09-19,0,7,/content/drive/MyDrive/spoilage_dataset/dataset_root/fresh/2025.10.19.10.23pm_IMG_17.jpg,0.8439125,0.15179713,0.0041877073,0.0001026791,fresh
2025.10.19.10.23pm_IMG_18.jpg,fresh,5.0,88.0,0,2025-09-19,0,7,/content/drive/MyDrive/spoilage_dataset/dataset_root/fresh/2025.10.19.10.23pm_IMG_18.jpg,0.9256431,0.07352371,0.00080233073,3.0904725e-05,fresh
2025.10.19.10.23pm_IMG_19.jpg,fresh,5.0,88.0,0,2025-09-19,0,7,/content/drive/MyDrive/spoilage_dataset/dataset_root/fresh/2025.10.19.10.23pm_IMG_19.jpg,0.46785527,0.529101,0.0030350497,8.647424e-06,slightly_aged
2025.10.19.10.23pm_IMG_20.jpg,fresh,5.0,88.0,0,2025-09-19,0,7,/content/drive/MyDrive/spoilage_dataset/dataset_root/fresh/2025.10.19.10.23pm_IMG_20.jpg,0.9922897,0.0076269642,7.983627e-05,3.4733837e-06,fresh
2025.10.19.10.24pm_IMG_21.jpg,fresh,5.0,88.0,0,2025-09-19,0,7,/content/drive/MyDrive/spoilage_dataset/dataset_root/fresh/2025.10.19.10.24pm_IMG_21.jpg,0.56982493,0.42419302,0.0059153773,6.665295e-05,fresh
2025.10.19.10.24pm_IMG_22.jpg,fresh,5.0,88.0,0,2025-09-19,0,7,/content/drive/MyDrive/spoilage_dataset/dataset_root/fresh/2025.10.19.10.24pm_IMG_22.jpg,0.9651138,0.032294966,0.0023617367,0.00022953111,fresh
2025.10.19.10.24pm_IMG_23.jpg,fresh,5.0,88.0,0,2025-09-19,0,7,/content/drive/MyDrive/spoilage_dataset/dataset_root/fresh/2025.10.19.10.24pm_IMG_23.jpg,0.78600425,0.20189285,0.011968097,0.00013481968,fresh
2025.10.19.10.24pm_IMG_24.jpg,fresh,5.0,88.0,0,2025-09-19,0,7,/content/drive/MyDrive/spoilage_dataset/dataset_root/fresh/2025.10.19.10.24pm_IMG_24.jpg,0.97530705,0.024319207,0.00037193944,1.8162127e-06,fresh
2025.10.19.10.24pm_IMG_25.jpg,fresh,5.0,88.0,0,2025-09-19,0,7,/content/drive/MyDrive/spoilage_dataset/dataset_root/fresh/2025.10.19.10.24pm_IMG_25.jpg,0.98854965,0.0068829684,0.0045449175,2.2511022e-05,fresh
2025.10.19.10.24pm_IMG_26.jpg,fresh,5.0,88.0,0,2025-09-19,0,7,/content/drive/MyDrive/spoilage_dataset/dataset_root/fresh/2025.10.19.10.24pm_IMG_26.jpg,0.99772257,0.0018029906,0.00046257066,1.1931766e-05,fresh
2025.10.19.10.24pm_IMG_27.jpg,fresh,5.0,88.0,0,2025-09-19,0,7,/content/drive/MyDrive/spoilage_dataset/dataset_root/fresh/2025.10.19.10.24pm_IMG_27.jpg,0.9887472,0.010814074,0.00042707293,1.1834831e-05,fresh
2025.10.19.10.24pm_IMG_28.jpg,fresh,5.0,88.0,0,2025-09-19,0,7,/content/drive/MyDrive/spoilage_dataset/dataset_root/fresh/2025.10.19.10.24pm_IMG_28.jpg,0.9949798,0.0043946914,0.00061509147,1.04788305e-05,fresh
2025.10.19.10.24pm_IMG_29.jpg,fresh,5.0,88.0,0,2025-09-19,0,7,/content/drive/MyDrive/spoilage_dataset/dataset_root/fresh/2025.10.19.10.24pm_IMG_29.jpg,0.9926884,0.006936568,0.00037064613,4.435935e-06,fresh
2025.10.19.10.24pm_IMG_30.jpg,fresh,5.0,88.0,0,2025-09-19,0,7,/content/drive/MyDrive/spoilage_dataset/dataset_root/fresh/2025.10.19.10.24pm_IMG_30.jpg,0.95421684,0.04396319,0.0017417946,7.830996e-05,fresh
2025.10.19.10.24pm_IMG_31.jpg,fresh,5.0,88.0,0,2025-09-19,0,7,/content/drive/MyDrive/spoilage_dataset/dataset_root/fresh/2025.10.19.10.24pm_IMG_31.jpg,0.96907043,0.02911157,0.0017852996,3.267509e-05,fresh
2025.10.19.10.24pm_IMG_32.jpg,fresh,5.0,88.0,0,2025-09-19,0,7,/content/drive/MyDrive/spoilage_dataset/dataset_root/fresh/2025.10.19.10.24pm_IMG_32.jpg,0.9948769,0.0042820736,0.00082909246,1.1843023e-05,fresh
2025.10.19.10.24pm_IMG_33.jpg,fresh,5.0,88.0,0,2025-09-19,0,7,/content/drive/MyDrive/spoilage_dataset/dataset_root/fresh/2025.10.19.10.24pm_IMG_33.jpg,0.9917746,0.0054546427,0.002513474,0.00025739174,fresh
2025.10.19.10.24pm_IMG_34.jpg,fresh,5.0,88.0,0,2025-09-19,0,7,/content/drive/MyDrive/spoilage_dataset/dataset_root/fresh/2025.10.19.10.24pm_IMG_34.jpg,0.8948203,0.10226173,0.0028815663,3.6398385e-05,fresh
2025.10.19.10.24pm_IMG_35.jpg,fresh,5.0,88.0,0,2025-09-19,0,7,/content/drive/MyDrive/spoilage_dataset/dataset_root/fresh/2025.10.19.10.24pm_IMG_35.jpg,0.9992637,0.00057476753,0.00014951605,1.2038847e-05,fresh
2025.10.19.10.24pm_IMG_36.jpg,fresh,5.0,88.0,0,2025-09-19,0,7,/content/drive/MyDrive/spoilage_dataset/dataset_root/fresh/2025.10.19.10.24pm_IMG_36.jpg,0.9967265,0.0027512428,0.00046407085,5.8151127e-05,fresh
2025.10.19.10.24pm_IMG_37.jpg,fresh,5.0,88.0,0,2025-09-19,0,7,/content/drive/MyDrive/spoilage_dataset/dataset_root/fresh/2025.10.19.10.24pm_IMG_37.jpg,0.9777591,0.01799252,0.004198445,4.996772e-05,fresh
2025.10.19.10.24pm_IMG_38.jpg,fresh,5.0,88.0,0,2025-09-19,0,7,/content/drive/MyDrive/spoilage_dataset/dataset_root/fresh/2025.10.19.10.24pm_IMG_38.jpg,0.99798054,0.001397235,0.00056793867,5.4307086e-05,fresh
2025.10.19.10.24pm_IMG_39.jpg,fresh,5.0,88.0,0,2025-09-19,0,7,/content/drive/MyDrive/spoilage_dataset/dataset_root/fresh/2025.10.19.10.24pm_IMG_39.jpg,0.92374074,0.073623925,0.0025713881,6.3944586e-05,fresh
2025.10.19.10.24pm_IMG_40.jpg,fresh,5.0,88.0,0,2025-09-19,0,7,/content/drive/MyDrive/spoilage_dataset/dataset_root/fresh/2025.10.19.10.24pm_IMG_40.jpg,0.99379647,0.005578998,0.0006140381,1.048567e-05,fresh
2025.10.19.10.24pm_IMG_41.jpg,fresh,5.0,88.0,0,2025-09-19,0,7,/content/drive/MyDrive/spoilage_dataset/dataset_root/fresh/2025.10.19.10.24pm_IMG_41.jpg,0.91905487,0.075312324,0.0055901953,4.2635555e-05,fresh
2025.10.19.10.24pm_IMG_42.jpg,fresh,5.0,88.0,0,2025-09-19,0,7,/content/drive/MyDrive/spoilage_dataset/dataset_root/fresh/2025.10.19.10.24pm_IMG_42.jpg,0.8892051,0.103429794,0.0072621047,0.00010298543,fresh
2025.10.19.10.24pm_IMG_43.jpg,fresh,5.0,88.0,0,2025-09-19,0,7,/content/drive/MyDrive/spoilage_dataset/dataset_root/fresh/2025.10.19.10.24pm_IMG_43.jpg,0.22040246,0.7776159,0.0019679612,1.366955e-05,slightly_aged
2025.10.19.10.27pm_IMG_44.jpg,fresh,5.0,88.0,0,2025-09-19,0,7,/content/drive/MyDrive/spoilage_dataset/dataset_root/fresh/2025.10.19.10.27pm_IMG_44.jpg,0.99989986,9.526054e-05,3.7699167e-06,1.028619e-06,fresh
2025.10.19.10.28pm_IMG_45.jpg,fresh,5.0,88.0,0,2025-09-19,0,7,/content/drive/MyDrive/spoilage_dataset/dataset_root/fresh/2025.10.19.10.28pm_IMG_45.jpg,0.9869767,0.012911959,0.00010719477,4.156234e-06,fresh
2025.10.19.10.28pm_IMG_46.jpg,fresh,5.0,88.0,0,2025-09-19,0,7,/content/drive/MyDrive/spoilage_dataset/dataset_root/fresh/2025.10.19.10.28pm_IMG_46.jpg,0.94809103,0.051796295,9.238525e-05,2.0307589e-05,fresh
2025.10.19.10.28pm_IMG_47.jpg,fresh,5.0,88.0,0,2025-09-19,0,7,/content/drive/MyDrive/spoilage_dataset/dataset_root/fresh/2025.10.19.10.28pm_IMG_47.jpg,0.99719536,0.0027729853,1.7569677e-05,1.4019609e-05,fresh
2025.10.19.10.28pm_IMG_48.jpg,fresh,5.0,88.0,0,2025-09-19,0,7,/content/drive/MyDrive/spoilage_dataset/dataset_root/fresh/2025.10.19.10.28pm_IMG_48.jpg,0.9095589,0.09041045,2.9088827e-05,1.5949846e-06,fresh
2025.10.19.10.28pm_IMG_49.jpg,fresh,5.0,88.0,0,2025-09-19,0,7,/content/drive/MyDrive/spoilage_dataset/dataset_root/fresh/2025.10.19.10.28pm_IMG_49.jpg,0.8858451,0.114122204,3.136874e-05,1.2609826e-06,fresh
2025.10.19.10.28pm_IMG_50.jpg,fresh,5.0,88.0,0,2025-09-19,0,7,/content/drive/MyDrive/spoilage_dataset/dataset_root/fresh/2025.10.19.10.28pm_IMG_50.jpg,0.9944411,0.0055563096,2.0058185e-06,5.890474e-07,fresh
2025.10.19.10.28pm_IMG_51.jpg,fresh,5.0,88.0,0,2025-09-19,0,7,/content/drive/MyDrive/spoilage_dataset/dataset_root/fresh/2025.10.19.10.28pm_IMG_51.jpg,0.9846414,0.015357733,8.080088e-07,4.2568534e-08,fresh
2025.10.19.10.28pm_IMG_52.jpg,fresh,5.0,88.0,0,2025-09-19,0,7,/content/drive/MyDrive/spoilage_dataset/dataset_root/fresh/2025.10.19.10.28pm_IMG_52.jpg,0.88470244,0.115220085,6.9608766e-05,7.948316e-06,fresh
2025.10.19.10.28pm_IMG_53.jpg,fresh,5.0,88.0,0,2025-09-19,0,7,/content/drive/MyDrive/spoilage_dataset/dataset_root/fresh/2025.10.19.10.28pm_IMG_53.jpg,0.88895726,0.110979386,5.9219117e-05,4.099335e-06,fresh
2025.10.19.10.28pm_IMG_54.jpg,fresh,5.0,88.0,0,2025-09-19,0,7,/content/drive/MyDrive/spoilage_dataset/dataset_root/fresh/2025.10.19.10.28pm_IMG_54.jpg,0.9692898,0.030705854,4.246473e-06,1.6445057e-07,fresh
2025.10.19.10.28pm_IMG_55.jpg,fresh,5.0,88.0,0,2025-09-19,0,7,/content/drive/MyDrive/spoilage_dataset/dataset_root/fresh/2025.10.19.10.28pm_IMG_55.jpg,0.9627248,0.037256066,1.7470029e-05,1.6650308e-06,fresh
2025.10.19.10.29pm_IMG_56.jpg,fresh,5.0,88.0,0,2025-09-19,0,7,/content/drive/MyDrive/spoilage_dataset/dataset_root/fresh/2025.10.19.10.29pm_IMG_56.jpg,0.9972849,0.0026501205,5.896417e-05,6.1076125e-06,fresh
2025.10.19.10.29pm_IMG_57.jpg,fresh,5.0,88.0,0,2025-09-19,0,7,/content/drive/MyDrive/spoilage_dataset/dataset_root/fresh/2025.10.19.10.29pm_IMG_57.jpg,0.9892721,0.010444198,0.00027499517,8.7444305e-06,fresh
2025.10.19.10.29pm_IMG_58.jpg,fresh,5.0,88.0,0,2025-09-19,0,7,/content/drive/MyDrive/spoilage_dataset/dataset_root/fresh/2025.10.19.10.29pm_IMG_58.jpg,0.9984118,0.0014555281,0.00012242388,1.0201188e-05,fresh
2025.10.19.10.29pm_IMG_59.jpg,fresh,5.0,88.0,0,2025-09-19,0,7,/content/drive/MyDrive/spoilage_dataset/dataset_root/fresh/2025.10.19.10.29pm_IMG_59.jpg,0.9997491,0.00020308161,4.2257012e-05,5.50194e-06,fresh
2025.10.19.10.29pm_IMG_60.jpg,fresh,5.0,88.0,0,2025-09-19,0,7,/content/drive/MyDrive/spoilage_dataset/dataset_root/fresh/2025.10.19.10.29pm_IMG_60.jpg,0.98339546,0.016206779,0.0003914113,6.273029e-06,fresh
2025.10.19.10.29pm_IMG_61.jpg,fresh,5.0,88.0,0,2025-09-19,0,7,/content/drive/MyDrive/spoilage_dataset/dataset_root/fresh/2025.10.19.10.29pm_IMG_61.jpg,0.9959151,0.0039987215,8.474699e-05,1.3902303e-06,fresh
2025.10.19.10.29pm_IMG_62.jpg,fresh,5.0,88.0,0,2025-09-19,0,7,/content/drive/MyDrive/spoilage_dataset/dataset_root/fresh/2025.10.19.10.29pm_IMG_62.jpg,0.99841034,0.001543554,4.3683838e-05,2.3857629e-06,fresh
2025.10.19.10.29pm_IMG_63.jpg,fresh,5.0,88.0,0,2025-09-19,0,7,/content/drive/MyDrive/spoilage_dataset/dataset_root/fresh/2025.10.19.10.29pm_IMG_63.jpg,0.9982973,0.0016117762,8.863877e-05,2.2052416e-06,fresh
2025.10.19.10.29pm_IMG_64.jpg,fresh,5.0,88.0,0,2025-09-19,0,7,/content/drive/MyDrive/spoilage_dataset/dataset_root/fresh/2025.10.19.10.29pm_IMG_64.jpg,0.99336,0.0064333268,0.00020570197,1.0848636e-06,fresh
2025.10.19.10.29pm_IMG_65.jpg,fresh,5.0,88.0,0,2025-09-19,0,7,/content/drive/MyDrive/spoilage_dataset/dataset_root/fresh/2025.10.19.10.29pm_IMG_65.jpg,0.9494308,0.050186597,0.00038028366,2.3135535e-06,fresh
2025.10.19.10.29pm_IMG_66.jpg,fresh,5.0,88.0,0,2025-09-19,0,7,/content/drive/MyDrive/spoilage_dataset/dataset_root/fresh/2025.10.19.10.29pm_IMG_66.jpg,0.85014504,0.14854181,0.0013048142,8.299244e-06,fresh
2025.10.19.10.29pm_IMG_67.jpg,fresh,5.0,88.0,0,2025-09-19,0,7,/content/drive/MyDrive/spoilage_dataset/dataset_root/fresh/2025.10.19.10.29pm_IMG_67.jpg,0.89992964,0.09912882,0.00093839626,3.094604e-06,fresh
2025.10.19.10.29pm_IMG_68.jpg,fresh,5.0,88.0,0,2025-09-19,0,7,/content/drive/MyDrive/spoilage_dataset/dataset_root/fresh/2025.10.19.10.29pm_IMG_68.jpg,0.97816205,0.02159178,0.00024471534,1.4510674e-06,fresh
2025.10.19.10.30pm_IMG_69.jpg,fresh,5.0,88.0,0,2025-09-19,0,7,/content/drive/MyDrive/spoilage_dataset/dataset_root/fresh/2025.10.19.10.30pm_IMG_69.jpg,0.8622766,0.13673025,0.0009790807,1.4070773e-05,fresh
2025.10.19.10.30pm_IMG_70.jpg,fresh,5.0,88.0,0,2025-09-19,0,7,/content/drive/MyDrive/spoilage_dataset/dataset_root/fresh/2025.10.19.10.30pm_IMG_70.jpg,0.88843644,0.11041625,0.001143355,3.8924723e-06,fresh
2025.10.19.10.30pm_IMG_71.jpg,fresh,5.0,88.0,0,2025-09-19,0,7,/content/drive/MyDrive/spoilage_dataset/dataset_root/fresh/2025.10.19.10.30pm_IMG_71.jpg,0.80544937,0.19159551,0.0029354205,1.9645331e-05,fresh
2025.10.19.10.30pm_IMG_72.jpg,fresh,5.0,88.0,0,2025-09-19,0,7,/content/drive/MyDrive/spoilage_dataset/dataset_root/fresh/2025.10.19.10.30pm_IMG_72.jpg,0.8367425,0.16115668,0.0020850147,1.5800204e-05,fresh
2025.10.19.10.30pm_IMG_73.jpg,fresh,5.0,88.0,0,2025-09-19,0,7,/content/drive/MyDrive/spoilage_dataset/dataset_root/fresh/2025.10.19.10.30pm_IMG_73.jpg,0.9529386,0.046243146,0.0008122634,6.036782e-06,fresh
2025.10.19.10.30pm_IMG_74.jpg,fresh,5.0,88.0,0,2025-09-19,0,7,/content/drive/MyDrive/spoilage_dataset/dataset_root/fresh/2025.10.19.10.30pm_IMG_74.jpg,0.92397845,0.07551576,0.00050242373,3.4210568e-06,fresh
2025.10.19.10.30pm_IMG_75.jpg,fresh,5.0,88.0,0,2025-09-19,0,7,/content/drive/MyDrive/spoilage_dataset/dataset_root/fresh/2025.10.19.10.30pm_IMG_75.jpg,0.82984036,0.168341,0.0017993374,1.9328665e-05,fresh
2025.10.19.10.30pm_IMG_76.jpg,fresh,5.0,88.0,0,2025-09-19,0,7,/content/drive/MyDrive/spoilage_dataset/dataset_root/fresh/2025.10.19.10.30pm_IMG_76.jpg,0.08839143,0.90304536,0.008546054,1.7154896e-05,slightly_aged
2025.10.19.10.30pm_IMG_77.jpg,fresh,5.0,88.0,0,2025-09-19,0,7,/content/drive/MyDrive/spoilage_dataset/dataset_root/fresh/2025.10.19.10.30pm_IMG_77.jpg,0.8048645,0.19449855,0.0006342116,2.6438981e-06,fresh
2025.10.19.10.30pm_IMG_78.jpg,fresh,5.0,88.0,0,2025-09-19,0,7,/content/drive/MyDrive/spoilage_dataset/dataset_root/fresh/2025.10.19.10.30pm_IMG_78.jpg,0.99986374,0.0001326241,3.4727718e-06,1.5830628e-07,fresh
2025.10.19.10.30pm_IMG_79.jpg,fresh,5.0,88.0,0,2025-09-19,0,7,/content/drive/MyDrive/spoilage_dataset/dataset_root/fresh/2025.10.19.10.30pm_IMG_79.jpg,0.9998436,0.00014852089,7.771421e-06,1.3929423e-07,fresh
2025.10.19.10.31pm_IMG_80.jpg,fresh,5.0,88.0,0,2025-09-19,0,7,/content/drive/MyDrive/spoilage_dataset/dataset_root/fresh/2025.10.19.10.31pm_IMG_80.jpg,0.9942545,0.005643051,0.000102145954,2.4016092e-07,fresh
2025.10.19.10.31pm_IMG_81.jpg,fresh,5.0,88.0,0,2025-09-19,0,7,/content/drive/MyDrive/spoilage_dataset/dataset_root/fresh/2025.10.19.10.31pm_IMG_81.jpg,0.99446243,0.0053896727,0.00014448851,3.29086e-06,fresh
2025.10.19.10.31pm_IMG_82.jpg,fresh,5.0,88.0,0,2025-09-19,0,7,/content/drive/MyDrive/spoilage_dataset/dataset_root/fresh/2025.10.19.10.31pm_IMG_82.jpg,0.99935323,0.00058178813,6.46715e-05,2.911691e-07,fresh
6011_10.32pm.jpg,fresh,5.0,88.0,0,2025-09-19,0,7,/content/drive/MyDrive/spoilage_dataset/dataset_root/fresh/6011_10.32pm.jpg,0.97078896,0.029083688,0.00012720027,8.448065e-08,fresh
6030_10.33pm.jpg,fresh,5.0,88.0,0,2025-09-19,0,7,/content/drive/MyDrive/spoilage_dataset/dataset_root/fresh/6030_10.33pm.jpg,0.99940217,0.00059323595,4.594247e-06,1.4147523e-09,fresh
IMG_1205.JPG,fresh,5.0,88.0,0,2025-09-19,0,7,/content/drive/MyDrive/spoilage_dataset/dataset_root/fresh/IMG_1205.JPG,0.9995795,0.0003798164,3.461379e-05,6.216217e-06,fresh
IMG_1206.JPG,fresh,5.0,88.0,0,2025-09-19,0,7,/content/drive/MyDrive/spoilage_dataset/dataset_root/fresh/IMG_1206.JPG,0.99976236,0.00017230264,5.8260805e-05,7.057586e-06,fresh
IMG_1207.JPG,fresh,5.0,88.0,0,2025-09-19,0,7,/content/drive/MyDrive/spoilage_dataset/dataset_root/fresh/IMG_1207.JPG,0.99941087,0.00011337569,0.00018085344,0.0002948855,fresh
IMG_1208.JPG,fresh,5.0,88.0,0,2025-09-19,0,7,/content/drive/MyDrive/spoilage_dataset/dataset_root/fresh/IMG_1208.JPG,0.9996393,0.00013669625,0.00011071858,0.00011328304,fresh
IMG_1209.JPG,fresh,5.0,88.0,0,2025-09-19,0,7,/content/drive/MyDrive/spoilage_dataset/dataset_root/fresh/IMG_1209.JPG,0.9967121,0.002726229,0.00043697061,0.00012460147,fresh
IMG_1210.JPG,fresh,5.0,88.0,0,2025-09-19,0,7,/content/drive/MyDrive/spoilage_dataset/dataset_root/fresh/IMG_1210.JPG,0.99903333,0.0007497202,0.00019603968,2.097141e-05,fresh
IMG_1211.JPG,fresh,5.0,88.0,0,2025-09-19,0,7,/content/drive/MyDrive/spoilage_dataset/dataset_root/fresh/IMG_1211.JPG,0.9993206,0.00020049284,0.00040331134,7.549197e-05,fresh
IMG_1212.JPG,fresh,5.0,88.0,0,2025-09-19,0,7,/content/drive/MyDrive/spoilage_dataset/dataset_root/fresh/IMG_1212.JPG,0.97361,0.020607254,0.005772523,1.0206161e-05,fresh
IMG_1213.JPG,fresh,5.0,88.0,0,2025-09-19,0,7,/content/drive/MyDrive/spoilage_dataset/dataset_root/fresh/IMG_1213.JPG,0.98903406,0.010065294,0.0008992945,1.3830588e-06,fresh
IMG_1214.JPG,fresh,5.0,88.0,0,2025-09-19,0,7,/content/drive/MyDrive/spoilage_dataset/dataset_root/fresh/IMG_1214.JPG,0.9999007,7.753701e-05,2.0770402e-05,1.1039565e-06,fresh
IMG_1215.JPG,fresh,5.0,88.0,0,2025-09-19,0,7,/content/drive/MyDrive/spoilage_dataset/dataset_root/fresh/IMG_1215.JPG,0.9993987,0.00033511932,0.00026475254,1.4694493e-06,fresh
IMG_1216.JPG,fresh,5.0,88.0,0,2025-09-19,0,7,/content/drive/MyDrive/spoilage_dataset/dataset_root/fresh/IMG_1216.JPG,0.9998729,0.000109455286,1.7077364e-05,5.5222324e-07,fresh
IMG_1217.JPG,fresh,5.0,88.0,0,2025-09-19,0,7,/content/drive/MyDrive/spoilage_dataset/dataset_root/fresh/IMG_1217.JPG,0.99947065,0.00035748322,0.00016911849,2.8098127e-06,fresh
IMG_1218.JPG,fresh,5.0,88.0,0,2025-09-19,0,7,/content/drive/MyDrive/spoilage_dataset/dataset_root/fresh/IMG_1218.JPG,0.9945286,0.0013875371,0.003901265,0.00018258714,fresh
IMG_1219.JPG,fresh,5.0,88.0,0,2025-09-19,0,7,/content/drive/MyDrive/spoilage_dataset/dataset_root/fresh/IMG_1219.JPG,0.9680396,0.004663455,0.026546083,0.00075095246,fresh
IMG_1220.JPG,fresh,5.0,88.0,0,2025-09-19,0,7,/content/drive/MyDrive/spoilage_dataset/dataset_root/fresh/IMG_1220.JPG,0.9956376,0.00045658808,0.003825312,8.044101e-05,fresh
IMG_1221.JPG,fresh,5.0,88.0,0,2025-09-19,0,7,/content/drive/MyDrive/spoilage_dataset/dataset_root/fresh/IMG_1221.JPG,0.9982875,0.00017088793,0.0013694679,0.00017205569,fresh
IMG_1222.JPG,fresh,5.0,88.0,0,2025-09-19,0,7,/content/drive/MyDrive/spoilage_dataset/dataset_root/fresh/IMG_1222.JPG,0.99949443,0.00039031563,3.8394108e-05,7.6848475e-05,fresh
IMG_1223.JPG,fresh,5.0,88.0,0,2025-09-19,0,7,/content/drive/MyDrive/spoilage_dataset/dataset_root/fresh/IMG_1223.JPG,0.9987159,0.0012564438,2.0290741e-05,7.5026005e-06,fresh
IMG_1224.JPG,fresh,5.0,88.0,1,2025-09-19,0,7,/content/drive/MyDrive/spoilage_dataset/dataset_root/fresh/IMG_1224.JPG,0.98924387,0.010303326,0.00036030696,9.2599716e-05,fresh
IMG_1225.JPG,fresh,5.0,88.0,1,2025-09-19,0,7,/content/drive/MyDrive/spoilage_dataset/dataset_root/fresh/IMG_1225.JPG,0.9983876,0.0015588301,4.3844564e-05,9.715489e-06,fresh
IMG_1227.JPG,fresh,5.0,88.0,1,2025-09-19,0,7,/content/drive/MyDrive/spoilage_dataset/dataset_root/fresh/IMG_1227.JPG,0.9994616,0.0004991359,2.1489062e-05,1.7816503e-05,fresh
IMG_1228.JPG,fresh,5.0,88.0,1,2025-09-19,0,7,/content/drive/MyDrive/spoilage_dataset/dataset_root/fresh/IMG_1228.JPG,0.9965402,0.0034391799,1.7555487e-05,3.0807387e-06,fresh
IMG_1229.JPG,fresh,5.0,88.0,1,2025-09-19,0,7,/content/drive/MyDrive/spoilage_dataset/dataset_root/fresh/IMG_1229.JPG,0.99929667,0.00066595507,1.2248046e-05,2.5128289e-05,fresh
IMG_1230.JPG,fresh,5.0,88.0,1,2025-09-19,0,7,/content/drive/MyDrive/spoilage_dataset/dataset_root/fresh/IMG_1230.JPG,0.9996631,0.0003339075,1.8315195e-06,1.1816869e-06,fresh
IMG_1231.JPG,fresh,5.0,88.0,1,2025-09-19,0,7,/content/drive/MyDrive/spoilage_dataset/dataset_root/fresh/IMG_1231.JPG,0.9972072,0.0017474504,0.00052947865,0.00051583274,fresh
IMG_1232.JPG,fresh,5.0,88.0,1,2025-09-19,0,7,/content/drive/MyDrive/spoilage_dataset/dataset_root/fresh/IMG_1232.JPG,0.9997433,0.00016662155,5.810998e-05,3.1956788e-05,fresh
IMG_1233.JPG,fresh,5.0,88.0,1,2025-09-19,0,7,/content/drive/MyDrive/spoilage_dataset/dataset_root/fresh/IMG_1233.JPG,0.99981433,0.0001205468,3.0300474e-05,3.4960616e-05,fresh
IMG_1234.JPG,fresh,5.0,88.0,1,2025-09-19,0,7,/content/drive/MyDrive/spoilage_dataset/dataset_root/fresh/IMG_1234.JPG,0.9995697,0.00028573017,9.489166e-05,4.9728424e-05,fresh
IMG_1235.JPG,fresh,5.0,88.0,1,2025-09-19,0,7,/content/drive/MyDrive/spoilage_dataset/dataset_root/fresh/IMG_1235.JPG,0.997761,0.0014407081,0.00058175134,0.00021648536,fresh
IMG_1236.JPG,fresh,5.0,88.0,1,2025-09-19,0,7,/content/drive/MyDrive/spoilage_dataset/dataset_root/fresh/IMG_1236.JPG,0.9997713,8.8805726e-05,4.9991108e-05,9.000434e-05,fresh
IMG_1237.JPG,fresh,5.0,88.0,1,2025-09-19,0,7,/content/drive/MyDrive/spoilage_dataset/dataset_root/fresh/IMG_1237.JPG,0.99989164,3.0962317e-05,1.7887975e-05,5.9419846e-05,fresh
IMG_1238.JPG,fresh,5.0,88.0,1,2025-09-19,0,7,/content/drive/MyDrive/spoilage_dataset/dataset_root/fresh/IMG_1238.JPG,0.99971765,9.649195e-05,9.048809e-05,9.533869e-05,fresh
IMG_1239.JPG,fresh,5.0,88.0,1,2025-09-19,0,7,/content/drive/MyDrive/spoilage_dataset/dataset_root/fresh/IMG_1239.JPG,0.99523467,0.0030109093,0.00084206247,0.0009123153,fresh
IMG_1240.JPG,fresh,5.0,88.0,1,2025-09-19,0,7,/content/drive/MyDrive/spoilage_dataset/dataset_root/fresh/IMG_1240.JPG,0.99821293,0.0011060585,0.0005557351,0.00012535052,fresh
IMG_1241.JPG,fresh,5.0,88.0,1,2025-09-19,0,7,/content/drive/MyDrive/spoilage_dataset/dataset_root/fresh/IMG_1241.JPG,0.99902415,0.00045660837,0.00033077245,0.00018852275,fresh
IMG_1242.JPG,fresh,5.0,88.0,1,2025-09-19,0,7,/content/drive/MyDrive/spoilage_dataset/dataset_root/fresh/IMG_1242.JPG,0.99859875,0.000623358,0.0007085931,6.9409056e-05,fresh
IMG_1243.JPG,fresh,5.0,88.0,1,2025-09-19,0,7,/content/drive/MyDrive/spoilage_dataset/dataset_root/fresh/IMG_1243.JPG,0.99889416,0.0002528734,0.00045411463,0.0003987597,fresh
IMG_1244.JPG,fresh,5.0,88.0,1,2025-09-19,0,7,/content/drive/MyDrive/spoilage_dataset/dataset_root/fresh/IMG_1244.JPG,0.999696,0.00017503511,0.000101104306,2.7884915e-05,fresh
IMG_1245.JPG,fresh,5.0,88.0,1,2025-09-19,0,7,/content/drive/MyDrive/spoilage_dataset/dataset_root/fresh/IMG_1245.JPG,0.9992047,0.0003457546,0.00032499665,0.00012460018,fresh
IMG_1246.JPG,fresh,5.0,88.0,1,2025-09-19,0,7,/content/drive/MyDrive/spoilage_dataset/dataset_root/fresh/IMG_1246.JPG,0.9997794,0.00015151213,4.1285402e-05,2.7868922e-05,fresh
IMG_1247.JPG,fresh,5.0,88.0,1,2025-09-19,0,7,/content/drive/MyDrive/spoilage_dataset/dataset_root/fresh/IMG_1247.JPG,0.9993716,0.00022636188,0.0001946219,0.00020744876,fresh
IMG_1248.JPG,fresh,5.0,88.0,1,2025-09-19,0,7,/content/drive/MyDrive/spoilage_dataset/dataset_root/fresh/IMG_1248.JPG,0.9996785,0.00012813327,0.00012806413,6.526469e-05,fresh
IMG_1249.JPG,fresh,5.0,88.0,1,2025-09-19,0,7,/content/drive/MyDrive/spoilage_dataset/dataset_root/fresh/IMG_1249.JPG,0.9998902,8.990411e-05,4.777689e-06,1.5165114e-05,fresh
IMG_1250.JPG,fresh,5.0,88.0,1,2025-09-19,0,7,/content/drive/MyDrive/spoilage_dataset/dataset_root/fresh/IMG_1250.JPG,0.99992824,5.7249294e-05,8.554188e-06,6.0078073e-06,fresh
IMG_1251.JPG,fresh,5.0,88.0,1,2025-09-19,0,7,/content/drive/MyDrive/spoilage_dataset/dataset_root/fresh/IMG_1251.JPG,0.9995327,0.00039474017,2.8517608e-05,4.4106426e-05,fresh
IMG_1252.JPG,fresh,5.0,88.0,1,2025-09-19,0,7,/content/drive/MyDrive/spoilage_dataset/dataset_root/fresh/IMG_1252.JPG,0.9997682,0.0002140833,1.25947145e-05,5.101183e-06,fresh
IMG_1253.JPG,fresh,5.0,88.0,1,2025-09-19,0,7,/content/drive/MyDrive/spoilage_dataset/dataset_root/fresh/IMG_1253.JPG,0.9994765,0.0005077733,1.1316292e-05,4.3601117e-06,fresh
IMG_1254.JPG,fresh,5.0,88.0,1,2025-09-19,0,7,/content/drive/MyDrive/spoilage_dataset/dataset_root/fresh/IMG_1254.JPG,0.99932456,0.00063089054,1.6979242e-05,2.7529188e-05,fresh
IMG_1255.JPG,fresh,5.0,88.0,1,2025-09-19,0,7,/content/drive/MyDrive/spoilage_dataset/dataset_root/fresh/IMG_1255.JPG,0.9998505,0.00013841837,2.7192414e-06,8.387491e-06,fresh
IMG_1256.JPG,fresh,5.0,88.0,1,2025-09-19,0,7,/content/drive/MyDrive/spoilage_dataset/dataset_root/fresh/IMG_1256.JPG,0.999864,0.00012437408,3.647649e-06,7.967243e-06,fresh
IMG_1257.JPG,fresh,5.0,88.0,1,2025-09-19,0,7,/content/drive/MyDrive/spoilage_dataset/dataset_root/fresh/IMG_1257.JPG,0.9999902,7.0779956e-06,2.2091353e-06,4.934016e-07,fresh
IMG_1258.JPG,fresh,5.0,88.0,1,2025-09-19,0,7,/content/drive/MyDrive/spoilage_dataset/dataset_root/fresh/IMG_1258.JPG,0.9999534,4.3022057e-05,2.0654527e-06,1.5378341e-06,fresh
IMG_1259.JPG,fresh,5.0,88.0,1,2025-09-19,0,7,/content/drive/MyDrive/spoilage_dataset/dataset_root/fresh/IMG_1259.JPG,0.99989176,9.637659e-05,4.6580567e-06,7.141485e-06,fresh
IMG_1260.JPG,fresh,5.0,88.0,1,2025-09-19,0,7,/content/drive/MyDrive/spoilage_dataset/dataset_root/fresh/IMG_1260.JPG,0.99997616,2.1179478e-05,1.6356877e-06,9.676768e-07,fresh
IMG_1261.JPG,fresh,5.0,88.0,1,2025-09-19,0,7,/content/drive/MyDrive/spoilage_dataset/dataset_root/fresh/IMG_1261.JPG,0.99999356,4.264708e-06,1.6271513e-06,4.3036917e-07,fresh
IMG_1262.JPG,fresh,5.0,88.0,1,2025-09-19,0,7,/content/drive/MyDrive/spoilage_dataset/dataset_root/fresh/IMG_1262.JPG,0.9999893,6.6124403e-06,2.1539183e-06,1.997724e-06,fresh
IMG_1263.JPG,fresh,5.0,88.0,1,2025-09-19,0,7,/content/drive/MyDrive/spoilage_dataset/dataset_root/fresh/IMG_1263.JPG,0.99999285,4.975576e-06,1.5133778e-06,5.744967e-07,fresh
IMG_1264.JPG,fresh,5.0,88.0,1,2025-09-19,0,7,/content/drive/MyDrive/spoilage_dataset/dataset_root/fresh/IMG_1264.JPG,0.9997774,0.00012411806,5.8627397e-06,9.277653e-05,fresh
IMG_1265.JPG,fresh,5.0,88.0,1,2025-09-19,0,7,/content/drive/MyDrive/spoilage_dataset/dataset_root/fresh/IMG_1265.JPG,0.99993026,5.139172e-06,2.0606533e-06,6.262244e-05,fresh
IMG_1266.JPG,fresh,5.0,88.0,1,2025-09-19,0,7,/content/drive/MyDrive/spoilage_dataset/dataset_root/fresh/IMG_1266.JPG,0.99985564,0.0001016161,8.582526e-06,3.411753e-05,fresh
IMG_1267.JPG,fresh,5.0,88.0,1,2025-09-19,0,7,/content/drive/MyDrive/spoilage_dataset/dataset_root/fresh/IMG_1267.JPG,0.99904615,0.0004695284,0.00011808384,0.00036622677,fresh
IMG_1268.JPG,fresh,5.0,88.0,1,2025-09-19,0,7,/content/drive/MyDrive/spoilage_dataset/dataset_root/fresh/IMG_1268.JPG,0.9998159,3.541625e-05,1.1522453e-05,0.00013722645,fresh
IMG_1269.JPG,fresh,5.0,88.0,1,2025-09-19,0,7,/content/drive/MyDrive/spoilage_dataset/dataset_root/fresh/IMG_1269.JPG,0.999348,0.00019578975,3.2849344e-05,0.00042336344,fresh
IMG_1270.JPG,fresh,5.0,88.0,1,2025-09-19,0,7,/content/drive/MyDrive/spoilage_dataset/dataset_root/fresh/IMG_1270.JPG,0.99968994,4.319677e-05,2.1893815e-05,0.00024501924,fresh
IMG_1271.JPG,fresh,5.0,88.0,1,2025-09-19,0,7,/content/drive/MyDrive/spoilage_dataset/dataset_root/fresh/IMG_1271.JPG,0.9974988,0.0009144549,0.000696381,0.0008903591,fresh
IMG_1272.JPG,fresh,5.0,88.0,1,2025-09-19,0,7,/content/drive/MyDrive/spoilage_dataset/dataset_root/fresh/IMG_1272.JPG,0.9953029,0.0036912423,0.000718317,0.00028753935,fresh
IMG_1273.JPG,fresh,5.0,88.0,1,2025-09-19,0,7,/content/drive/MyDrive/spoilage_dataset/dataset_root/fresh/IMG_1273.JPG,0.998323,0.0010148714,0.00043946155,0.00022257345,fresh
IMG_1274.JPG,fresh,5.0,88.0,1,2025-09-19,0,7,/content/drive/MyDrive/spoilage_dataset/dataset_root/fresh/IMG_1274.JPG,0.9997609,9.4677656e-05,0.00010256689,4.177906e-05,fresh
IMG_1275.JPG,fresh,5.0,88.0,1,2025-09-19,0,7,/content/drive/MyDrive/spoilage_dataset/dataset_root/fresh/IMG_1275.JPG,0.99313825,0.003109675,0.0026864118,0.0010656515,fresh
IMG_1276.JPG,fresh,5.0,88.0,1,2025-09-19,0,7,/content/drive/MyDrive/spoilage_dataset/dataset_root/fresh/IMG_1276.JPG,0.99891484,0.00047639653,0.00037710893,0.0002316039,fresh
IMG_1277.JPG,fresh,5.0,88.0,1,2025-09-19,0,7,/content/drive/MyDrive/spoilage_dataset/dataset_root/fresh/IMG_1277.JPG,0.9983406,0.00032880847,0.0010546282,0.00027586496,fresh
IMG_1278.JPG,fresh,5.0,88.0,1,2025-09-19,0,7,/content/drive/MyDrive/spoilage_dataset/dataset_root/fresh/IMG_1278.JPG,0.9958528,0.0004697819,0.0005445957,0.0031328755,fresh
IMG_1280.JPG,fresh,5.0,88.0,1,2025-09-19,0,7,/content/drive/MyDrive/spoilage_dataset/dataset_root/fresh/IMG_1280.JPG,0.99007845,0.0013688396,0.006820744,0.0017318992,fresh
IMG_1281.JPG,fresh,5.0,88.0,1,2025-09-19,0,7,/content/drive/MyDrive/spoilage_dataset/dataset_root/fresh/IMG_1281.JPG,0.9983778,0.001164264,0.0001965389,0.00026148304,fresh
IMG_1282.JPG,fresh,5.0,88.0,1,2025-09-19,0,7,/content/drive/MyDrive/spoilage_dataset/dataset_root/fresh/IMG_1282.JPG,0.99967134,0.00030911202,1.5935222e-05,3.527121e-06,fresh
IMG_1283.JPG,fresh,5.0,88.0,1,2025-09-19,0,7,/content/drive/MyDrive/spoilage_dataset/dataset_root/fresh/IMG_1283.JPG,0.99887675,0.000509268,0.0005328717,8.112566e-05,fresh
IMG_1284.JPG,fresh,5.0,88.0,1,2025-09-19,0,7,/content/drive/MyDrive/spoilage_dataset/dataset_root/fresh/IMG_1284.JPG,0.9998288,0.00014744191,1.6779923e-05,6.9007915e-06,fresh
IMG_1285.JPG,fresh,5.0,88.0,1,2025-09-19,0,7,/content/drive/MyDrive/spoilage_dataset/dataset_root/fresh/IMG_1285.JPG,0.9985905,0.00033488183,0.0003744252,0.00070014567,fresh
IMG_1286.JPG,fresh,5.0,88.0,1,2025-09-19,0,7,/content/drive/MyDrive/spoilage_dataset/dataset_root/fresh/IMG_1286.JPG,0.9991542,0.00023764116,0.0005640348,4.417681e-05,fresh
IMG_1287.JPG,fresh,5.0,88.0,1,2025-09-19,0,7,/content/drive/MyDrive/spoilage_dataset/dataset_root/fresh/IMG_1287.JPG,0.9876425,0.009741644,0.0022123754,0.0004034747,fresh
IMG_1288.JPG,fresh,5.0,88.0,1,2025-09-19,0,7,/content/drive/MyDrive/spoilage_dataset/dataset_root/fresh/IMG_1288.JPG,0.7907038,0.09575302,0.07641883,0.037124414,fresh
IMG_1289.JPG,fresh,5.0,88.0,1,2025-09-19,0,7,/content/drive/MyDrive/spoilage_dataset/dataset_root/fresh/IMG_1289.JPG,0.6599523,0.13830206,0.1440238,0.057721823,fresh
IMG_1290.JPG,fresh,5.0,88.0,1,2025-09-19,0,7,/content/drive/MyDrive/spoilage_dataset/dataset_root/fresh/IMG_1290.JPG,0.625146,0.16336614,0.12878145,0.08270646,fresh
IMG_1291.JPG,fresh,5.0,88.0,1,2025-09-19,0,7,/content/drive/MyDrive/spoilage_dataset/dataset_root/fresh/IMG_1291.JPG,0.8719292,0.032298088,0.07805096,0.017721733,fresh
IMG_1292.JPG,fresh,5.0,88.0,1,2025-09-19,0,7,/content/drive/MyDrive/spoilage_dataset/dataset_root/fresh/IMG_1292.JPG,0.98014027,0.006992362,0.0104098935,0.0024573803,fresh
IMG_1293.JPG,fresh,5.0,88.0,1,2025-09-19,0,7,/content/drive/MyDrive/spoilage_dataset/dataset_root/fresh/IMG_1293.JPG,0.9994586,0.00022923783,0.00019277379,0.00011944032,fresh
IMG_1294.JPG,fresh,5.0,88.0,1,2025-09-19,0,7,/content/drive/MyDrive/spoilage_dataset/dataset_root/fresh/IMG_1294.JPG,0.97577477,0.009658249,0.009896184,0.0046707937,fresh
IMG_1295.JPG,fresh,5.0,88.0,1,2025-09-19,0,7,/content/drive/MyDrive/spoilage_dataset/dataset_root/fresh/IMG_1295.JPG,0.81963223,0.04368648,0.025352603,0.11132862,fresh
IMG_1296.JPG,fresh,5.0,88.0,1,2025-09-19,0,7,/content/drive/MyDrive/spoilage_dataset/dataset_root/fresh/IMG_1296.JPG,0.9885678,0.0038148027,0.0012652815,0.006352014,fresh
IMG_1297.JPG,fresh,5.0,88.0,1,2025-09-19,0,7,/content/drive/MyDrive/spoilage_dataset/dataset_root/fresh/IMG_1297.JPG,0.9964921,0.001995128,0.0015115421,1.2792245e-06,fresh
IMG_1298.JPG,fresh,5.0,88.0,1,2025-09-19,0,7,/content/drive/MyDrive/spoilage_dataset/dataset_root/fresh/IMG_1298.JPG,0.9982315,0.0002960213,0.0014695955,2.8969223e-06,fresh
IMG_1299.JPG,fresh,5.0,88.0,1,2025-09-19,0,7,/content/drive/MyDrive/spoilage_dataset/dataset_root/fresh/IMG_1299.JPG,0.18566823,0.8110173,0.00328603,2.8475899e-05,slightly_aged
IMG_1300.JPG,fresh,5.0,88.0,1,2025-09-19,0,7,/content/drive/MyDrive/spoilage_dataset/dataset_root/fresh/IMG_1300.JPG,0.99842286,0.0014770824,9.816714e-05,1.9336553e-06,fresh
IMG_1301.JPG,fresh,5.0,88.0,1,2025-09-19,0,7,/content/drive/MyDrive/spoilage_dataset/dataset_root/fresh/IMG_1301.JPG,0.034769833,0.96049017,0.0047353306,4.6440837e-06,slightly_aged
IMG_1302.JPG,fresh,5.0,88.0,1,2025-09-19,0,7,/content/drive/MyDrive/spoilage_dataset/dataset_root/fresh/IMG_1302.JPG,0.0889676,0.9056176,0.0054106247,4.1942353e-06,slightly_aged
IMG_1303.JPG,fresh,5.0,88.0,1,2025-09-19,0,7,/content/drive/MyDrive/spoilage_dataset/dataset_root/fresh/IMG_1303.JPG,0.024595568,0.9645989,0.0107937055,1.179891e-05,slightly_aged
IMG_1304.JPG,fresh,5.0,88.0,1,2025-09-19,0,7,/content/drive/MyDrive/spoilage_dataset/dataset_root/fresh/IMG_1304.JPG,0.028824216,0.9642424,0.0069292593,4.1419744e-06,slightly_aged
IMG_1305.JPG,fresh,5.0,88.0,1,2025-09-19,0,7,/content/drive/MyDrive/spoilage_dataset/dataset_root/fresh/IMG_1305.JPG,0.038672615,0.9498558,0.011461677,9.934898e-06,slightly_aged
IMG_1306.JPG,fresh,5.0,88.0,1,2025-09-19,0,7,/content/drive/MyDrive/spoilage_dataset/dataset_root/fresh/IMG_1306.JPG,0.024564147,0.96550995,0.009916807,9.122344e-06,slightly_aged
IMG_1307.JPG,fresh,5.0,88.0,1,2025-09-19,0,7,/content/drive/MyDrive/spoilage_dataset/dataset_root/fresh/IMG_1307.JPG,0.99790835,0.0020867463,4.914744e-06,4.7244797e-08,fresh
IMG_1308.JPG,fresh,5.0,88.0,1,2025-09-19,0,7,/content/drive/MyDrive/spoilage_dataset/dataset_root/fresh/IMG_1308.JPG,0.9999795,2.0166444e-05,4.1073525e-07,1.4889128e-09,fresh
IMG_1309.JPG,fresh,5.0,88.0,1,2025-09-19,0,7,/content/drive/MyDrive/spoilage_dataset/dataset_root/fresh/IMG_1309.JPG,0.9997367,0.00026282718,4.3769617e-07,6.0972023e-09,fresh
IMG_1310.JPG,fresh,5.0,88.0,1,2025-09-19,0,7,/content/drive/MyDrive/spoilage_dataset/dataset_root/fresh/IMG_1310.JPG,0.9999944,5.44574e-06,1.4806812e-07,3.7682826e-09,fresh
IMG_1312.JPG,fresh,5.0,88.0,1,2025-09-19,0,7,/content/drive/MyDrive/spoilage_dataset/dataset_root/fresh/IMG_1312.JPG,0.9989084,0.0010760523,7.00885e-06,8.537888e-06,fresh
IMG_1313.JPG,fresh,5.0,88.0,1,2025-09-19,0,7,/content/drive/MyDrive/spoilage_dataset/dataset_root/fresh/IMG_1313.JPG,0.63717437,0.36273816,8.4659216e-05,2.7953704e-06,fresh
IMG_1314.JPG,fresh,5.0,88.0,1,2025-09-19,0,7,/content/drive/MyDrive/spoilage_dataset/dataset_root/fresh/IMG_1314.JPG,0.85992986,0.13966806,0.00033762818,6.439434e-05,fresh
IMG_1315.JPG,fresh,5.0,88.0,1,2025-09-19,0,7,/content/drive/MyDrive/spoilage_dataset/dataset_root/fresh/IMG_1315.JPG,0.961083,0.03886402,4.921518e-05,3.8240446e-06,fresh
IMG_1316.JPG,fresh,5.0,88.0,1,2025-09-19,0,7,/content/drive/MyDrive/spoilage_dataset/dataset_root/fresh/IMG_1316.JPG,0.99662626,0.0033484923,2.2456006e-05,2.8612953e-06,fresh
IMG_1317.JPG,fresh,5.0,88.0,1,2025-09-19,0,7,/content/drive/MyDrive/spoilage_dataset/dataset_root/fresh/IMG_1317.JPG,0.9305816,0.069149725,0.00023999726,2.8707575e-05,fresh
IMG_1318.JPG,fresh,5.0,88.0,1,2025-09-19,0,7,/content/drive/MyDrive/spoilage_dataset/dataset_root/fresh/IMG_1318.JPG,0.97439575,0.025504231,7.1351424e-05,2.868225e-05,fresh
IMG_1319.JPG,fresh,5.0,88.0,1,2025-09-19,0,7,/content/drive/MyDrive/spoilage_dataset/dataset_root/fresh/IMG_1319.JPG,0.7471651,0.25157073,0.0012634193,7.2684855e-07,fresh
IMG_1320.JPG,fresh,5.0,88.0,1,2025-09-19,0,7,/content/drive/MyDrive/spoilage_dataset/dataset_root/fresh/IMG_1320.JPG,0.9445002,0.055145618,0.00034629725,7.802879e-06,fresh
IMG_1321.JPG,fresh,5.0,88.0,1,2025-09-19,0,7,/content/drive/MyDrive/spoilage_dataset/dataset_root/fresh/IMG_1321.JPG,0.82646984,0.17157823,0.0019470613,4.8393713e-06,fresh
IMG_1322.JPG,fresh,5.0,88.0,1,2025-09-19,0,7,/content/drive/MyDrive/spoilage_dataset/dataset_root/fresh/IMG_1322.JPG,0.860856,0.13392049,0.0052201976,3.31346e-06,fresh
IMG_1323.JPG,fresh,5.0,88.0,1,2025-09-19,0,7,/content/drive/MyDrive/spoilage_dataset/dataset_root/fresh/IMG_1323.JPG,0.9067291,0.0926805,0.0005875856,2.8393479e-06,fresh
IMG_1324.JPG,fresh,5.0,88.0,1,2025-09-19,0,7,/content/drive/MyDrive/spoilage_dataset/dataset_root/fresh/IMG_1324.JPG,0.656832,0.3399637,0.003202395,1.8463077e-06,fresh
IMG_1325.JPG,fresh,5.0,88.0,1,2025-09-19,0,7,/content/drive/MyDrive/spoilage_dataset/dataset_root/fresh/IMG_1325.JPG,0.38997847,0.6022501,0.007767042,4.3915334e-06,slightly_aged
IMG_1326.JPG,fresh,5.0,88.0,1,2025-09-19,0,7,/content/drive/MyDrive/spoilage_dataset/dataset_root/fresh/IMG_1326.JPG,0.90085745,0.09714924,0.0019924277,8.746235e-07,fresh
IMG_1328.JPG,fresh,5.0,88.0,1,2025-09-19,0,7,/content/drive/MyDrive/spoilage_dataset/dataset_root/fresh/IMG_1328.JPG,0.99997187,6.3137018e-06,2.1706779e-05,7.798924e-08,fresh
IMG_1329.JPG,fresh,5.0,88.0,1,2025-09-19,0,7,/content/drive/MyDrive/spoilage_dataset/dataset_root/fresh/IMG_1329.JPG,0.99992585,5.209355e-05,2.1878315e-05,6.425101e-08,fresh
IMG_1330.JPG,fresh,5.0,88.0,1,2025-09-19,0,7,/content/drive/MyDrive/spoilage_dataset/dataset_root/fresh/IMG_1330.JPG,0.99996316,1.2260574e-05,2.4381436e-05,1.3503478e-07,fresh
IMG_1331.JPG,fresh,5.0,88.0,1,2025-09-19,0,7,/content/drive/MyDrive/spoilage_dataset/dataset_root/fresh/IMG_1331.JPG,0.9999466,4.0573527e-06,4.9060527e-05,2.0653665e-07,fresh
IMG_1332.JPG,fresh,5.0,88.0,1,2025-09-19,0,7,/content/drive/MyDrive/spoilage_dataset/dataset_root/fresh/IMG_1332.JPG,0.99995494,1.9186878e-06,4.2884447e-05,2.5182206e-07,fresh
IMG_1333.JPG,fresh,5.0,88.0,1,2025-09-19,0,7,/content/drive/MyDrive/spoilage_dataset/dataset_root/fresh/IMG_1333.JPG,0.9999633,2.3957575e-06,3.4388784e-05,3.266356e-08,fresh
IMG_1334.JPG,fresh,5.0,88.0,1,2025-09-19,0,7,/content/drive/MyDrive/spoilage_dataset/dataset_root/fresh/IMG_1334.JPG,0.99998724,1.1097269e-06,1.1391467e-05,2.9617038e-07,fresh
IMG_1335.JPG,fresh,5.0,88.0,1,2025-09-19,0,7,/content/drive/MyDrive/spoilage_dataset/dataset_root/fresh/IMG_1335.JPG,0.9999794,5.9167337e-06,1.469561e-05,1.814739e-08,fresh
IMG_1336.JPG,fresh,5.0,88.0,1,2025-09-19,0,7,/content/drive/MyDrive/spoilage_dataset/dataset_root/fresh/IMG_1336.JPG,0.99992585,3.2921704e-05,4.0896415e-05,3.1794443e-07,fresh
IMG_1337.JPG,fresh,5.0,88.0,1,2025-09-19,0,7,/content/drive/MyDrive/spoilage_dataset/dataset_root/fresh/IMG_1337.JPG,0.9999733,5.0186254e-06,2.1473754e-05,2.3462017e-07,fresh
IMG_1338.JPG,fresh,5.0,88.0,1,2025-09-19,0,7,/content/drive/MyDrive/spoilage_dataset/dataset_root/fresh/IMG_1338.JPG,0.9999889,3.899003e-06,7.1366912e-06,1.8020563e-08,fresh
IMG_1339.JPG,fresh,5.0,88.0,1,2025-09-19,0,7,/content/drive/MyDrive/spoilage_dataset/dataset_root/fresh/IMG_1339.JPG,0.99999166,5.7649265e-07,7.671125e-06,7.9168814e-08,fresh
IMG_1340.JPG,fresh,5.0,88.0,1,2025-09-19,0,7,/content/drive/MyDrive/spoilage_dataset/dataset_root/fresh/IMG_1340.JPG,0.99999726,5.2603906e-07,2.3010693e-06,2.286786e-08,fresh
IMG_1341.JPG,fresh,5.0,88.0,1,2025-09-19,0,7,/content/drive/MyDrive/spoilage_dataset/dataset_root/fresh/IMG_1341.JPG,0.9999933,7.795697e-07,5.854875e-06,9.336191e-09,fresh
IMG_1342.JPG,fresh,5.0,88.0,1,2025-09-19,0,7,/content/drive/MyDrive/spoilage_dataset/dataset_root/fresh/IMG_1342.JPG,0.99998,1.3381629e-06,1.8581113e-05,8.408432e-08,fresh
IMG_1343.JPG,fresh,5.0,88.0,1,2025-09-19,0,7,/content/drive/MyDrive/spoilage_dataset/dataset_root/fresh/IMG_1343.JPG,0.9999908,3.9470646e-07,8.726878e-06,1.6356734e-07,fresh
IMG_1344.JPG,fresh,5.0,88.0,1,2025-09-19,0,7,/content/drive/MyDrive/spoilage_dataset/dataset_root/fresh/IMG_1344.JPG,0.9999943,2.4189765e-06,3.3429915e-06,1.6383696e-08,fresh
IMG_1345.JPG,fresh,5.0,88.0,1,2025-09-19,0,7,/content/drive/MyDrive/spoilage_dataset/dataset_root/fresh/IMG_1345.JPG,0.9999896,4.172882e-06,6.192338e-06,3.6550404e-08,fresh
IMG_1346.JPG,fresh,5.0,88.0,1,2025-09-19,0,7,/content/drive/MyDrive/spoilage_dataset/dataset_root/fresh/IMG_1346.JPG,0.99997807,1.0091226e-05,1.17109175e-05,6.1879625e-08,fresh
IMG_1347.JPG,fresh,5.0,88.0,1,2025-09-19,0,7,/content/drive/MyDrive/spoilage_dataset/dataset_root/fresh/IMG_1347.JPG,0.999974,9.963275e-06,1.5943862e-05,1.4892519e-08,fresh
IMG_1348.JPG,fresh,5.0,88.0,1,2025-09-19,0,7,/content/drive/MyDrive/spoilage_dataset/dataset_root/fresh/IMG_1348.JPG,0.9999745,7.512901e-06,1.8045695e-05,2.9962443e-08,fresh
IMG_1349.JPG,fresh,5.0,88.0,1,2025-09-19,0,7,/content/drive/MyDrive/spoilage_dataset/dataset_root/fresh/IMG_1349.JPG,0.9999788,9.645656e-06,1.1537625e-05,4.672749e-08,fresh
IMG_1350.JPG,fresh,5.0,88.0,1,2025-09-19,0,7,/content/drive/MyDrive/spoilage_dataset/dataset_root/fresh/IMG_1350.JPG,0.99997234,1.8613498e-05,9.087366e-06,1.45044545e-08,fresh
IMG_1351.JPG,fresh,5.0,88.0,1,2025-09-19,0,7,/content/drive/MyDrive/spoilage_dataset/dataset_root/fresh/IMG_1351.JPG,0.99999404,1.3909396e-06,4.4783587e-06,7.762852e-09,fresh
IMG_1352.JPG,fresh,5.0,88.0,1,2025-09-19,0,7,/content/drive/MyDrive/spoilage_dataset/dataset_root/fresh/IMG_1352.JPG,0.99994946,2.9353603e-05,2.1213318e-05,9.264579e-09,fresh
IMG_1353.JPG,fresh,5.0,88.0,1,2025-09-19,0,7,/content/drive/MyDrive/spoilage_dataset/dataset_root/fresh/IMG_1353.JPG,0.9999938,3.6947492e-06,2.5488314e-06,1.154067e-09,fresh
IMG_1354.JPG,fresh,5.0,88.0,2,2025-09-19,0,7,/content/drive/MyDrive/spoilage_dataset/dataset_root/fresh/IMG_1354.JPG,0.99997663,6.380844e-06,1.6857697e-05,8.8773696e-08,fresh
IMG_1355.JPG,fresh,5.0,88.0,2,2025-09-19,0,7,/content/drive/MyDrive/spoilage_dataset/dataset_root/fresh/IMG_1355.JPG,0.99998415,7.526312e-06,8.3215855e-06,1.4723714e-08,fresh
IMG_1356.JPG,fresh,5.0,88.0,2,2025-09-19,0,7,/content/drive/MyDrive/spoilage_dataset/dataset_root/fresh/IMG_1356.JPG,0.99998105,1.2974802e-05,5.9178774e-06,1.9686142e-08,fresh
IMG_1357.JPG,fresh,5.0,88.0,2,2025-09-19,0,7,/content/drive/MyDrive/spoilage_dataset/dataset_root/fresh/IMG_1357.JPG,0.99996734,2.7472835e-05,5.20037e-06,8.144403e-09,fresh
IMG_1358.JPG,fresh,5.0,88.0,2,2025-09-19,0,7,/content/drive/MyDrive/spoilage_dataset/dataset_root/fresh/IMG_1358.JPG,0.99994075,5.265017e-05,6.516596e-06,3.0335546e-08,fresh
IMG_1359.JPG,fresh,5.0,88.0,2,2025-09-19,0,7,/content/drive/MyDrive/spoilage_dataset/dataset_root/fresh/IMG_1359.JPG,0.9999747,1.6955777e-05,8.339509e-06,9.219861e-09,fresh
IMG_1360.JPG,fresh,5.0,88.0,2,2025-09-19,0,7,/content/drive/MyDrive/spoilage_dataset/dataset_root/fresh/IMG_1360.JPG,0.9999815,1.746088e-05,1.0597848e-06,2.4025013e-09,fresh
IMG_1361.JPG,fresh,5.0,88.0,2,2025-09-19,0,7,/content/drive/MyDrive/spoilage_dataset/dataset_root/fresh/IMG_1361.JPG,0.9999025,9.260408e-05,4.7613e-06,1.0423137e-07,fresh
IMG_1362.JPG,fresh,5.0,88.0,2,2025-09-19,0,7,/content/drive/MyDrive/spoilage_dataset/dataset_root/fresh/IMG_1362.JPG,0.9998405,0.00014791924,1.134022e-05,2.5854578e-07,fresh
IMG_1363.JPG,fresh,5.0,88.0,2,2025-09-19,0,7,/content/drive/MyDrive/spoilage_dataset/dataset_root/fresh/IMG_1363.JPG,0.99994147,4.354781e-05,1.4679995e-05,3.349422e-07,fresh
IMG_1364.JPG,fresh,5.0,88.0,2,2025-09-19,0,7,/content/drive/MyDrive/spoilage_dataset/dataset_root/fresh/IMG_1364.JPG,0.9999167,7.345853e-05,9.6243e-06,2.5806094e-07,fresh
IMG_1365.JPG,fresh,5.0,88.0,2,2025-09-19,0,7,/content/drive/MyDrive/spoilage_dataset/dataset_root/fresh/IMG_1365.JPG,0.99997616,1.9643356e-05,3.9149973e-06,2.7005697e-07,fresh
IMG_1366.JPG,fresh,5.0,88.0,2,2025-09-19,0,7,/content/drive/MyDrive/spoilage_dataset/dataset_root/fresh/IMG_1366.JPG,0.9999397,5.4971326e-05,5.3006884e-06,1.4067766e-07,fresh
IMG_1367.JPG,fresh,5.0,88.0,2,2025-09-19,0,7,/content/drive/MyDrive/spoilage_dataset/dataset_root/fresh/IMG_1367.JPG,0.99997056,2.2889975e-05,6.4756227e-06,8.457975e-08,fresh
IMG_1368.JPG,fresh,5.0,88.0,2,2025-09-19,0,7,/content/drive/MyDrive/spoilage_dataset/dataset_root/fresh/IMG_1368.JPG,0.99994457,4.8046313e-05,7.2693583e-06,1.1601997e-07,fresh
IMG_1369.JPG,fresh,5.0,88.0,2,2025-09-19,0,7,/content/drive/MyDrive/spoilage_dataset/dataset_root/fresh/IMG_1369.JPG,0.9996834,0.00031006822,6.232553e-06,3.62647e-07,fresh
IMG_1370.JPG,fresh,5.0,88.0,2,2025-09-19,0,7,/content/drive/MyDrive/spoilage_dataset/dataset_root/fresh/IMG_1370.JPG,0.9999703,2.2172353e-05,7.219911e-06,2.543343e-07,fresh
IMG_1371.JPG,fresh,5.0,88.0,2,2025-09-19,0,7,/content/drive/MyDrive/spoilage_dataset/dataset_root/fresh/IMG_1371.JPG,0.9999708,2.3678267e-05,5.3098897e-06,1.2593206e-07,fresh
IMG_1372.JPG,fresh,5.0,88.0,2,2025-09-19,0,7,/content/drive/MyDrive/spoilage_dataset/dataset_root/fresh/IMG_1372.JPG,0.9999007,9.525707e-05,3.9220336e-06,1.2148102e-07,fresh
IMG_1373.JPG,fresh,5.0,88.0,2,2025-09-19,0,7,/content/drive/MyDrive/spoilage_dataset/dataset_root/fresh/IMG_1373.JPG,0.9996525,0.0003313232,1.5939573e-05,2.925262e-07,fresh
IMG_1374.JPG,fresh,5.0,88.0,2,2025-09-19,0,7,/content/drive/MyDrive/spoilage_dataset/dataset_root/fresh/IMG_1374.JPG,0.99979466,0.0001874917,1.7499404e-05,3.453336e-07,fresh
IMG_1375.JPG,fresh,5.0,88.0,2,2025-09-19,0,7,/content/drive/MyDrive/spoilage_dataset/dataset_root/fresh/IMG_1375.JPG,0.9998167,0.00017787234,4.950751e-06,4.939049e-07,fresh
IMG_1376.JPG,fresh,5.0,88.0,2,2025-09-19,0,7,/content/drive/MyDrive/spoilage_dataset/dataset_root/fresh/IMG_1376.JPG,0.99937457,0.0006115859,1.3467349e-05,3.8786015e-07,fresh
IMG_1377.JPG,fresh,5.0,88.0,2,2025-09-19,0,7,/content/drive/MyDrive/spoilage_dataset/dataset_root/fresh/IMG_1377.JPG,0.999806,0.00017164838,1.8133856e-05,4.294716e-06,fresh
IMG_1378.JPG,fresh,5.0,88.0,2,2025-09-19,0,7,/content/drive/MyDrive/spoilage_dataset/dataset_root/fresh/IMG_1378.JPG,0.99956316,0.00040781742,2.834235e-05,5.776691e-07,fresh
IMG_1379.JPG,fresh,5.0,88.0,2,2025-09-19,0,7,/content/drive/MyDrive/spoilage_dataset/dataset_root/fresh/IMG_1379.JPG,0.99957436,0.00041731665,8.183749e-06,1.7431977e-07,fresh
IMG_1380.JPG,fresh,5.0,88.0,2,2025-09-19,0,7,/content/drive/MyDrive/spoilage_dataset/dataset_root/fresh/IMG_1380.JPG,0.9998665,0.000120184035,1.1277454e-05,1.9760798e-06,fresh
IMG_1381.JPG,fresh,5.0,88.0,2,2025-09-19,0,7,/content/drive/MyDrive/spoilage_dataset/dataset_root/fresh/IMG_1381.JPG,0.9997886,0.00019989067,1.1317204e-05,2.3774066e-07,fresh
IMG_1382.JPG,fresh,5.0,88.0,2,2025-09-19,0,7,/content/drive/MyDrive/spoilage_dataset/dataset_root/fresh/IMG_1382.JPG,0.9998934,9.908394e-05,7.390706e-06,1.2353942e-07,fresh
IMG_1383.JPG,fresh,5.0,88.0,2,2025-09-19,0,7,/content/drive/MyDrive/spoilage_dataset/dataset_root/fresh/IMG_1383.JPG,0.9997532,0.00022422522,2.2226153e-05,5.081202e-07,fresh
IMG_1384.JPG,fresh,5.0,88.0,2,2025-09-19,0,7,/content/drive/MyDrive/spoilage_dataset/dataset_root/fresh/IMG_1384.JPG,0.99985623,0.00014088175,2.781094e-06,6.369175e-08,fresh
IMG_1385.JPG,fresh,5.0,88.0,2,2025-09-19,0,7,/content/drive/MyDrive/spoilage_dataset/dataset_root/fresh/IMG_1385.JPG,0.9999702,2.834824e-05,1.3150338e-06,1.0708328e-07,fresh
IMG_1386.JPG,fresh,5.0,88.0,2,2025-09-19,0,7,/content/drive/MyDrive/spoilage_dataset/dataset_root/fresh/IMG_1386.JPG,0.99978477,0.00020256522,1.230498e-05,3.905107e-07,fresh
IMG_1387.JPG,fresh,5.0,88.0,2,2025-09-19,0,7,/content/drive/MyDrive/spoilage_dataset/dataset_root/fresh/IMG_1387.JPG,0.999723,0.0002652092,1.16369765e-05,1.5070745e-07,fresh
IMG_1388.JPG,fresh,5.0,88.0,2,2025-09-19,0,7,/content/drive/MyDrive/spoilage_dataset/dataset_root/fresh/IMG_1388.JPG,0.99975604,0.0002352782,8.6116515e-06,1.1229483e-07,fresh
IMG_1389.JPG,fresh,5.0,88.0,2,2025-09-19,0,7,/content/drive/MyDrive/spoilage_dataset/dataset_root/fresh/IMG_1389.JPG,0.9999386,5.886739e-05,2.4222952e-06,8.7770594e-08,fresh
IMG_1390.JPG,fresh,5.0,88.0,2,2025-09-19,0,7,/content/drive/MyDrive/spoilage_dataset/dataset_root/fresh/IMG_1390.JPG,0.99925214,0.0007317007,1.5817008e-05,2.9337414e-07,fresh
IMG_1391.JPG,fresh,5.0,88.0,2,2025-09-19,0,7,/content/drive/MyDrive/spoilage_dataset/dataset_root/fresh/IMG_1391.JPG,0.99984753,0.0001384313,1.3827513e-05,2.3292385e-07,fresh
IMG_1392.JPG,fresh,5.0,88.0,2,2025-09-19,0,7,/content/drive/MyDrive/spoilage_dataset/dataset_root/fresh/IMG_1392.JPG,0.99975485,0.00023425944,1.0834402e-05,5.579226e-08,fresh
IMG_1393.JPG,fresh,5.0,88.0,2,2025-09-19,0,7,/content/drive/MyDrive/spoilage_dataset/dataset_root/fresh/IMG_1393.JPG,0.9997372,0.0002486769,1.3958473e-05,1.6355722e-07,fresh
IMG_1395.JPG,fresh,5.0,88.0,2,2025-09-19,0,7,/content/drive/MyDrive/spoilage_dataset/dataset_root/fresh/IMG_1395.JPG,0.9999114,6.1616556e-05,2.6843782e-05,1.209651e-07,fresh
IMG_1396.JPG,fresh,5.0,88.0,2,2025-09-19,0,7,/content/drive/MyDrive/spoilage_dataset/dataset_root/fresh/IMG_1396.JPG,0.9999466,4.2677666e-06,4.905688e-05,3.3902804e-08,fresh
IMG_1397.JPG,fresh,5.0,88.0,2,2025-09-19,0,7,/content/drive/MyDrive/spoilage_dataset/dataset_root/fresh/IMG_1397.JPG,0.99995124,2.0403747e-06,4.6732246e-05,4.936636e-08,fresh
IMG_1398.JPG,fresh,5.0,88.0,2,2025-09-19,0,7,/content/drive/MyDrive/spoilage_dataset/dataset_root/fresh/IMG_1398.JPG,0.99995315,1.4049065e-05,3.2834305e-05,2.0698273e-08,fresh
IMG_1399.JPG,fresh,5.0,88.0,2,2025-09-19,0,7,/content/drive/MyDrive/spoilage_dataset/dataset_root/fresh/IMG_1399.JPG,0.99996555,2.843536e-06,3.160877e-05,6.86499e-09,fresh
IMG_1400.JPG,fresh,5.0,88.0,2,2025-09-19,0,7,/content/drive/MyDrive/spoilage_dataset/dataset_root/fresh/IMG_1400.JPG,0.9999118,1.6986456e-06,8.6413915e-05,1.3511686e-07,fresh
IMG_1401.JPG,fresh,5.0,88.0,2,2025-09-19,0,7,/content/drive/MyDrive/spoilage_dataset/dataset_root/fresh/IMG_1401.JPG,0.99990976,5.6185863e-06,8.460644e-05,2.8605204e-08,fresh
IMG_1402.JPG,fresh,5.0,88.0,2,2025-09-19,0,7,/content/drive/MyDrive/spoilage_dataset/dataset_root/fresh/IMG_1402.JPG,0.9999738,2.9809855e-06,2.3279003e-05,3.6369368e-08,fresh
IMG_1403.JPG,fresh,5.0,88.0,2,2025-09-19,0,7,/content/drive/MyDrive/spoilage_dataset/dataset_root/fresh/IMG_1403.JPG,0.9999863,1.3287305e-06,1.2339899e-05,1.720379e-08,fresh
IMG_1404.JPG,fresh,5.0,88.0,2,2025-09-19,0,7,/content/drive/MyDrive/spoilage_dataset/dataset_root/fresh/IMG_1404.JPG,0.9999844,4.354017e-07,1.509012e-05,5.8271876e-08,fresh
IMG_1405.JPG,fresh,5.0,88.0,2,2025-09-19,0,7,/content/drive/MyDrive/spoilage_dataset/dataset_root/fresh/IMG_1405.JPG,0.99999213,5.246821e-07,7.4430654e-06,4.9131092e-08,fresh
IMG_1406.JPG,fresh,5.0,88.0,2,2025-09-19,0,7,/content/drive/MyDrive/spoilage_dataset/dataset_root/fresh/IMG_1406.JPG,0.99999285,4.978891e-07,6.535489e-06,9.989541e-08,fresh
IMG_1407.JPG,fresh,5.0,88.0,2,2025-09-19,0,7,/content/drive/MyDrive/spoilage_dataset/dataset_root/fresh/IMG_1407.JPG,0.9999926,3.5666812e-07,7.0483607e-06,1.4434538e-08,fresh
IMG_1408.JPG,fresh,5.0,88.0,2,2025-09-19,0,7,/content/drive/MyDrive/spoilage_dataset/dataset_root/fresh/IMG_1408.JPG,0.99999213,3.9278288e-07,7.5222674e-06,2.974375e-08,fresh
IMG_1409.JPG,fresh,5.0,88.0,2,2025-09-19,0,7,/content/drive/MyDrive/spoilage_dataset/dataset_root/fresh/IMG_1409.JPG,0.999984,3.4407017e-07,1.5529458e-05,6.552906e-08,fresh
IMG_1410.JPG,fresh,5.0,88.0,2,2025-09-19,0,7,/content/drive/MyDrive/spoilage_dataset/dataset_root/fresh/IMG_1410.JPG,0.9999957,1.6005896e-07,4.2199426e-06,4.8086974e-08,fresh
IMG_1411.JPG,fresh,5.0,88.0,2,2025-09-19,0,7,/content/drive/MyDrive/spoilage_dataset/dataset_root/fresh/IMG_1411.JPG,0.99997973,1.460822e-06,1.8707493e-05,7.904264e-08,fresh
IMG_1412.JPG,fresh,5.0,88.0,2,2025-09-19,0,7,/content/drive/MyDrive/spoilage_dataset/dataset_root/fresh/IMG_1412.JPG,0.99998295,3.3526706e-07,1.6641794e-05,2.4861468e-08,fresh
IMG_1413.JPG,fresh,5.0,88.0,2,2025-09-19,0,7,/content/drive/MyDrive/spoilage_dataset/dataset_root/fresh/IMG_1413.JPG,0.99998796,1.2686282e-06,1.0715496e-05,5.027432e-08,fresh
IMG_1414.JPG,fresh,5.0,88.0,2,2025-09-19,0,7,/content/drive/MyDrive/spoilage_dataset/dataset_root/fresh/IMG_1414.JPG,0.9999808,1.1858971e-06,1.7923127e-05,8.7899956e-08,fresh
IMG_1415.JPG,fresh,5.0,88.0,2,2025-09-19,0,7,/content/drive/MyDrive/spoilage_dataset/dataset_root/fresh/IMG_1415.JPG,0.9999497,1.927058e-06,4.814416e-05,2.94608e-07,fresh
IMG_1416.JPG,fresh,5.0,88.0,2,2025-09-19,0,7,/content/drive/MyDrive/spoilage_dataset/dataset_root/fresh/IMG_1416.JPG,0.99997795,1.2052064e-06,2.0782647e-05,6.784904e-08,fresh
IMG_1417.JPG,fresh,5.0,88.0,2,2025-09-19,0,7,/content/drive/MyDrive/spoilage_dataset/dataset_root/fresh/IMG_1417.JPG,0.9999851,8.263194e-07,1.398408e-05,7.481834e-08,fresh
IMG_1418.JPG,fresh,6.0,94.0,2,2025-09-19,0,7,/content/drive/MyDrive/spoilage_dataset/dataset_root/fresh/IMG_1418.JPG,0.99993575,1.4090047e-06,6.272601e-05,1.2381604e-07,fresh
IMG_1419.JPG,fresh,6.0,94.0,2,2025-09-19,0,7,/content/drive/MyDrive/spoilage_dataset/dataset_root/fresh/IMG_1419.JPG,0.99980897,1.0339147e-06,0.0001894297,5.491033e-07,fresh
IMG_1420.JPG,fresh,6.0,94.0,2,2025-09-19,0,7,/content/drive/MyDrive/spoilage_dataset/dataset_root/fresh/IMG_1420.JPG,0.99999,2.1886417e-07,9.820216e-06,2.7648545e-08,fresh
IMG_1421.JPG,fresh,6.0,94.0,2,2025-09-19,0,7,/content/drive/MyDrive/spoilage_dataset/dataset_root/fresh/IMG_1421.JPG,0.9997143,6.395248e-05,0.00022160474,1.7511704e-07,fresh
IMG_1422.JPG,fresh,6.0,94.0,2,2025-09-19,0,7,/content/drive/MyDrive/spoilage_dataset/dataset_root/fresh/IMG_1422.JPG,0.99952114,0.00041014724,6.836876e-05,4.1383717e-07,fresh
IMG_1423.JPG,fresh,6.0,94.0,2,2025-09-19,0,7,/content/drive/MyDrive/spoilage_dataset/dataset_root/fresh/IMG_1423.JPG,0.9999249,3.4109285e-05,4.0648418e-05,3.1218158e-07,fresh
IMG_1424.JPG,fresh,6.0,94.0,2,2025-09-19,0,7,/content/drive/MyDrive/spoilage_dataset/dataset_root/fresh/IMG_1424.JPG,0.9997359,0.00015434231,0.00010962811,1.7444955e-07,fresh
IMG_1426.JPG,fresh,6.0,94.0,2,2025-09-19,0,7,/content/drive/MyDrive/spoilage_dataset/dataset_root/fresh/IMG_1426.JPG,0.999882,2.3606135e-05,9.348329e-05,9.2971794e-07,fresh
IMG_1427.JPG,fresh,6.0,94.0,2,2025-09-19,0,7,/content/drive/MyDrive/spoilage_dataset/dataset_root/fresh/IMG_1427.JPG,0.99992406,5.5024616e-06,6.963347e-05,8.782923e-07,fresh
IMG_1428.JPG,fresh,6.0,94.0,2,2025-09-19,0,7,/content/drive/MyDrive/spoilage_dataset/dataset_root/fresh/IMG_1428.JPG,0.99960595,3.562556e-05,0.00035644832,2.0470811e-06,fresh
IMG_1429.JPG,fresh,6.0,94.0,2,2025-09-19,0,7,/content/drive/MyDrive/spoilage_dataset/dataset_root/fresh/IMG_1429.JPG,0.9996642,4.071781e-05,0.00029414732,9.2100913e-07,fresh
IMG_1430.JPG,fresh,6.0,94.0,2,2025-09-19,0,7,/content/drive/MyDrive/spoilage_dataset/dataset_root/fresh/IMG_1430.JPG,0.99973625,4.0300183e-05,0.00022225619,1.1541237e-06,fresh
IMG_1431.JPG,fresh,6.0,94.0,2,2025-09-19,0,7,/content/drive/MyDrive/spoilage_dataset/dataset_root/fresh/IMG_1431.JPG,0.9997638,2.0906718e-05,0.0002137549,1.5622574e-06,fresh
IMG_1432.JPG,fresh,6.0,94.0,2,2025-09-19,0,7,/content/drive/MyDrive/spoilage_dataset/dataset_root/fresh/IMG_1432.JPG,0.9995957,8.086253e-05,0.00032148563,1.931475e-06,fresh
IMG_1433.JPG,fresh,6.0,94.0,2,2025-09-19,0,7,/content/drive/MyDrive/spoilage_dataset/dataset_root/fresh/IMG_1433.JPG,0.9999169,7.674942e-06,7.4952186e-05,4.6456964e-07,fresh
IMG_1434.JPG,fresh,6.0,94.0,2,2025-09-19,0,7,/content/drive/MyDrive/spoilage_dataset/dataset_root/fresh/IMG_1434.JPG,0.9999888,8.820939e-07,1.03397115e-05,5.0852332e-08,fresh
IMG_1435.JPG,fresh,6.0,94.0,2,2025-09-19,0,7,/content/drive/MyDrive/spoilage_dataset/dataset_root/fresh/IMG_1435.JPG,0.9999008,2.424153e-05,7.457594e-05,3.526987e-07,fresh
IMG_1436.JPG,fresh,6.0,94.0,2,2025-09-19,0,7,/content/drive/MyDrive/spoilage_dataset/dataset_root/fresh/IMG_1436.JPG,0.9998932,2.1096746e-05,8.5559244e-05,1.0661833e-07,fresh
IMG_1437.JPG,fresh,6.0,94.0,2,2025-09-19,0,7,/content/drive/MyDrive/spoilage_dataset/dataset_root/fresh/IMG_1437.JPG,0.9998976,1.9026154e-05,8.2955936e-05,3.2210184e-07,fresh
IMG_1438.JPG,fresh,6.0,94.0,2,2025-09-19,0,7,/content/drive/MyDrive/spoilage_dataset/dataset_root/fresh/IMG_1438.JPG,0.99971014,0.000100670564,0.00018882303,3.8790864e-07,fresh
IMG_1439.JPG,fresh,6.0,94.0,2,2025-09-19,0,7,/content/drive/MyDrive/spoilage_dataset/dataset_root/fresh/IMG_1439.JPG,0.99988556,2.0959556e-05,9.328618e-05,1.5563585e-07,fresh
IMG_1440.JPG,fresh,6.0,94.0,2,2025-09-19,0,7,/content/drive/MyDrive/spoilage_dataset/dataset_root/fresh/IMG_1440.JPG,0.9999089,9.058972e-06,8.106873e-05,9.432133e-07,fresh
IMG_1441.JPG,fresh,6.0,94.0,2,2025-09-19,0,7,/content/drive/MyDrive/spoilage_dataset/dataset_root/fresh/IMG_1441.JPG,0.99966013,5.475136e-05,0.00028373484,1.4552334e-06,fresh
IMG_1442.JPG,fresh,6.0,94.0,2,2025-09-19,0,7,/content/drive/MyDrive/spoilage_dataset/dataset_root/fresh/IMG_1442.JPG,0.99962866,9.417556e-05,0.00027681133,3.0065544e-07,fresh
IMG_1443.JPG,fresh,6.0,94.0,2,2025-09-19,0,7,/content/drive/MyDrive/spoilage_dataset/dataset_root/fresh/IMG_1443.JPG,0.99814045,0.0012237901,0.00063527154,4.7559539e-07,fresh
IMG_1444.JPG,fresh,6.0,94.0,2,2025-09-19,0,7,/content/drive/MyDrive/spoilage_dataset/dataset_root/fresh/IMG_1444.JPG,0.9998945,9.692311e-06,9.5675285e-05,1.1548892e-07,fresh
IMG_1447.JPG,fresh,6.0,94.0,2,2025-09-19,0,7,/content/drive/MyDrive/spoilage_dataset/dataset_root/fresh/IMG_1447.JPG,0.9998729,7.171845e-06,0.000117928015,1.9973259e-06,fresh
IMG_1448.JPG,fresh,6.0,94.0,2,2025-09-19,0,7,/content/drive/MyDrive/spoilage_dataset/dataset_root/fresh/IMG_1448.JPG,0.99993694,1.1091792e-06,5.4454715e-05,7.5153057e-06,fresh
IMG_1449.JPG,fresh,6.0,94.0,2,2025-09-19,0,7,/content/drive/MyDrive/spoilage_dataset/dataset_root/fresh/IMG_1449.JPG,0.9999125,7.7418035e-06,7.878166e-05,9.2252066e-07,fresh
IMG_1450.JPG,fresh,6.0,94.0,2,2025-09-19,0,7,/content/drive/MyDrive/spoilage_dataset/dataset_root/fresh/IMG_1450.JPG,0.9999831,2.646099e-06,1.4141918e-05,9.001812e-08,fresh
IMG_1451.JPG,fresh,6.0,94.0,2,2025-09-19,0,7,/content/drive/MyDrive/spoilage_dataset/dataset_root/fresh/IMG_1451.JPG,0.99997056,1.3338007e-06,2.8118846e-05,5.8543787e-08,fresh
IMG_1452.JPG,fresh,6.0,94.0,2,2025-09-19,0,7,/content/drive/MyDrive/spoilage_dataset/dataset_root/fresh/IMG_1452.JPG,0.99996316,6.6437866e-07,3.512146e-05,9.541914e-07,fresh
IMG_1453.JPG,fresh,6.0,94.0,2,2025-09-19,0,7,/content/drive/MyDrive/spoilage_dataset/dataset_root/fresh/IMG_1453.JPG,0.9999598,3.4440734e-06,3.497831e-05,1.7992511e-06,fresh
IMG_1454.JPG,fresh,6.0,94.0,2,2025-09-19,0,7,/content/drive/MyDrive/spoilage_dataset/dataset_root/fresh/IMG_1454.JPG,0.999967,2.4940175e-06,3.0452915e-05,1.4707554e-07,fresh
IMG_1455.JPG,fresh,6.0,94.0,2,2025-09-19,0,7,/content/drive/MyDrive/spoilage_dataset/dataset_root/fresh/IMG_1455.JPG,0.999869,7.1574405e-06,0.00012303254,8.4084013e-07,fresh
IMG_1456.JPG,fresh,6.0,94.0,2,2025-09-19,0,7,/content/drive/MyDrive/spoilage_dataset/dataset_root/fresh/IMG_1456.JPG,0.99979275,0.00011539071,9.148384e-05,4.1322033e-07,fresh
IMG_1457.JPG,fresh,6.0,94.0,2,2025-09-19,0,7,/content/drive/MyDrive/spoilage_dataset/dataset_root/fresh/IMG_1457.JPG,0.9997862,4.4916915e-06,0.00020829601,9.517052e-07,fresh
IMG_1458.JPG,fresh,6.0,94.0,2,2025-09-19,0,7,/content/drive/MyDrive/spoilage_dataset/dataset_root/fresh/IMG_1458.JPG,0.9998913,4.4101304e-05,6.433724e-05,2.773498e-07,fresh
IMG_1459.JPG,fresh,6.0,94.0,2,2025-09-19,0,7,/content/drive/MyDrive/spoilage_dataset/dataset_root/fresh/IMG_1459.JPG,0.999785,0.00013259103,8.251998e-05,5.092281e-08,fresh
IMG_1460.JPG,fresh,6.0,94.0,2,2025-09-19,0,7,/content/drive/MyDrive/spoilage_dataset/dataset_root/fresh/IMG_1460.JPG,0.99981874,0.00013692108,4.435382e-05,2.7259548e-08,fresh
IMG_1461.JPG,fresh,6.0,94.0,2,2025-09-19,0,7,/content/drive/MyDrive/spoilage_dataset/dataset_root/fresh/IMG_1461.JPG,0.9991897,0.0006671219,0.00014280825,3.4781425e-07,fresh
IMG_1462.JPG,fresh,6.0,94.0,2,2025-09-19,0,7,/content/drive/MyDrive/spoilage_dataset/dataset_root/fresh/IMG_1462.JPG,0.9995016,0.00039124492,0.00010666866,4.3309313e-07,fresh
IMG_1463.JPG,fresh,6.0,94.0,2,2025-09-19,0,7,/content/drive/MyDrive/spoilage_dataset/dataset_root/fresh/IMG_1463.JPG,0.99901485,0.00084799516,0.00013680929,2.9379214e-07,fresh
IMG_1464.JPG,fresh,6.0,94.0,2,2025-09-19,0,7,/content/drive/MyDrive/spoilage_dataset/dataset_root/fresh/IMG_1464.JPG,0.999116,0.00083106797,5.2875737e-05,3.7723066e-08,fresh
IMG_1466.JPG,fresh,6.0,94.0,2,2025-09-19,0,7,/content/drive/MyDrive/spoilage_dataset/dataset_root/fresh/IMG_1466.JPG,0.99999464,1.5780361e-07,5.079195e-06,6.372159e-08,fresh
IMG_1467.JPG,fresh,6.0,94.0,2,2025-09-19,0,7,/content/drive/MyDrive/spoilage_dataset/dataset_root/fresh/IMG_1467.JPG,0.9979138,0.0003203872,0.0017236065,4.227327e-05,fresh
IMG_1468.JPG,fresh,6.0,94.0,2,2025-09-19,0,7,/content/drive/MyDrive/spoilage_dataset/dataset_root/fresh/IMG_1468.JPG,0.99999607,7.618843e-07,3.2463674e-06,2.5847838e-08,fresh
IMG_1469.JPG,fresh,6.0,94.0,2,2025-09-19,0,7,/content/drive/MyDrive/spoilage_dataset/dataset_root/fresh/IMG_1469.JPG,0.99999356,6.9762604e-07,5.5599044e-06,1.1004717e-07,fresh
IMG_1470.JPG,fresh,6.0,94.0,2,2025-09-19,0,7,/content/drive/MyDrive/spoilage_dataset/dataset_root/fresh/IMG_1470.JPG,0.99999344,1.9984411e-06,4.474761e-06,4.9443262e-08,fresh
IMG_1472.JPG,fresh,6.0,94.0,2,2025-09-19,0,7,/content/drive/MyDrive/spoilage_dataset/dataset_root/fresh/IMG_1472.JPG,0.9999951,9.52478e-07,3.7901543e-06,6.083317e-08,fresh
IMG_1473.JPG,fresh,6.0,94.0,2,2025-09-19,0,7,/content/drive/MyDrive/spoilage_dataset/dataset_root/fresh/IMG_1473.JPG,0.9999931,7.653273e-07,6.1058977e-06,9.029605e-08,fresh
IMG_1474.JPG,fresh,6.0,94.0,2,2025-09-19,0,7,/content/drive/MyDrive/spoilage_dataset/dataset_root/fresh/IMG_1474.JPG,0.99994016,1.0927496e-05,4.7773283e-05,1.0416995e-06,fresh
IMG_1475.JPG,fresh,6.0,94.0,2,2025-09-19,0,7,/content/drive/MyDrive/spoilage_dataset/dataset_root/fresh/IMG_1475.JPG,0.99998915,6.0372105e-07,1.0186113e-05,1.3532076e-07,fresh
IMG_1476.JPG,fresh,6.0,94.0,2,2025-09-19,0,7,/content/drive/MyDrive/spoilage_dataset/dataset_root/fresh/IMG_1476.JPG,0.99996006,1.6203066e-06,3.8191843e-05,1.2125685e-07,fresh
IMG_1477.JPG,fresh,6.0,94.0,2,2025-09-19,0,7,/content/drive/MyDrive/spoilage_dataset/dataset_root/fresh/IMG_1477.JPG,0.99999464,5.8379635e-07,4.7395206e-06,5.3677486e-08,fresh
IMG_1478.JPG,fresh,6.0,94.0,2,2025-09-19,0,7,/content/drive/MyDrive/spoilage_dataset/dataset_root/fresh/IMG_1478.JPG,0.9999796,9.2521617e-07,1.910982e-05,3.296815e-07,fresh
IMG_1479.JPG,fresh,6.0,94.0,2,2025-09-19,0,7,/content/drive/MyDrive/spoilage_dataset/dataset_root/fresh/IMG_1479.JPG,0.9999347,3.8093115e-06,5.950225e-05,2.0710077e-06,fresh
IMG_1480.JPG,fresh,6.0,94.0,2,2025-09-19,0,7,/content/drive/MyDrive/spoilage_dataset/dataset_root/fresh/IMG_1480.JPG,0.9999778,1.6981455e-06,1.9962681e-05,5.6416195e-07,fresh
IMG_1481.JPG,fresh,6.0,94.0,2,2025-09-19,0,7,/content/drive/MyDrive/spoilage_dataset/dataset_root/fresh/IMG_1481.JPG,0.99998844,8.6297075e-07,1.0365614e-05,3.8575232e-07,fresh
IMG_1482.JPG,fresh,6.0,94.0,2,2025-09-19,0,7,/content/drive/MyDrive/spoilage_dataset/dataset_root/fresh/IMG_1482.JPG,0.99999356,4.3333733e-07,5.8194055e-06,8.214562e-08,fresh
IMG_1483.JPG,fresh,6.0,94.0,2,2025-09-19,0,7,/content/drive/MyDrive/spoilage_dataset/dataset_root/fresh/IMG_1483.JPG,0.99998856,1.6052933e-06,9.758725e-06,6.775535e-08,fresh
IMG_1484.JPG,fresh,6.0,94.0,2,2025-09-19,0,7,/content/drive/MyDrive/spoilage_dataset/dataset_root/fresh/IMG_1484.JPG,0.9999807,1.1158195e-06,1.7981814e-05,2.8638746e-07,fresh
IMG_1485.JPG,fresh,6.0,94.0,2,2025-09-19,0,7,/content/drive/MyDrive/spoilage_dataset/dataset_root/fresh/IMG_1485.JPG,0.99968696,6.4789433e-06,0.0003039323,2.7619799e-06,fresh
IMG_1486.JPG,fresh,6.0,94.0,3,2025-09-19,0,7,/content/drive/MyDrive/spoilage_dataset/dataset_root/fresh/IMG_1486.JPG,0.999741,5.803323e-06,0.0002499532,3.189626e-06,fresh
IMG_1487.JPG,fresh,6.0,94.0,3,2025-09-19,0,7,/content/drive/MyDrive/spoilage_dataset/dataset_root/fresh/IMG_1487.JPG,0.99994385,9.1075515e-07,5.411166e-05,1.0837374e-06,fresh
IMG_1488.JPG,fresh,6.0,94.0,3,2025-09-19,0,7,/content/drive/MyDrive/spoilage_dataset/dataset_root/fresh/IMG_1488.JPG,0.99997675,5.5549646e-07,2.2457576e-05,2.169155e-07,fresh
IMG_1489.JPG,fresh,6.0,94.0,3,2025-09-19,0,7,/content/drive/MyDrive/spoilage_dataset/dataset_root/fresh/IMG_1489.JPG,0.9999907,6.442653e-07,6.915983e-06,1.8094731e-06,fresh
IMG_1490.JPG,fresh,6.0,94.0,3,2025-09-19,0,7,/content/drive/MyDrive/spoilage_dataset/dataset_root/fresh/IMG_1490.JPG,0.999777,5.6806857e-06,0.0002109501,6.3287107e-06,fresh
IMG_1492.JPG,fresh,6.0,94.0,3,2025-09-19,0,7,/content/drive/MyDrive/spoilage_dataset/dataset_root/fresh/IMG_1492.JPG,0.99999094,2.6318207e-07,8.5878455e-06,2.6387397e-07,fresh
IMG_1493.JPG,fresh,6.0,94.0,3,2025-09-19,0,7,/content/drive/MyDrive/spoilage_dataset/dataset_root/fresh/IMG_1493.JPG,0.9999944,3.621791e-07,5.091575e-06,6.241667e-08,fresh
IMG_1494.JPG,fresh,6.0,94.0,3,2025-09-19,0,7,/content/drive/MyDrive/spoilage_dataset/dataset_root/fresh/IMG_1494.JPG,0.9999827,1.6267815e-06,1.4737483e-05,8.072991e-07,fresh
IMG_1495.JPG,fresh,6.0,94.0,3,2025-09-19,0,7,/content/drive/MyDrive/spoilage_dataset/dataset_root/fresh/IMG_1495.JPG,0.97329664,0.010912381,0.008762547,0.0070285,fresh
IMG_1496.JPG,fresh,6.0,94.0,3,2025-09-19,0,7,/content/drive/MyDrive/spoilage_dataset/dataset_root/fresh/IMG_1496.JPG,0.9944143,0.0010641316,0.003332294,0.001189282,fresh
IMG_1497.JPG,fresh,6.0,94.0,3,2025-09-19,0,7,/content/drive/MyDrive/spoilage_dataset/dataset_root/fresh/IMG_1497.JPG,0.99234736,0.0017230569,0.0045954757,0.001333979,fresh
IMG_1498.JPG,fresh,6.0,94.0,3,2025-09-19,0,7,/content/drive/MyDrive/spoilage_dataset/dataset_root/fresh/IMG_1498.JPG,0.9982811,0.00037137058,0.001279655,6.784961e-05,fresh
IMG_1499.JPG,fresh,6.0,94.0,3,2025-09-19,0,7,/content/drive/MyDrive/spoilage_dataset/dataset_root/fresh/IMG_1499.JPG,0.99408215,0.00081334455,0.005053563,5.0959017e-05,fresh
IMG_1500.JPG,fresh,6.0,94.0,3,2025-09-19,0,7,/content/drive/MyDrive/spoilage_dataset/dataset_root/fresh/IMG_1500.JPG,0.9947739,0.0016083141,0.00330179,0.00031602482,fresh
IMG_1501.JPG,fresh,6.0,94.0,3,2025-09-19,0,7,/content/drive/MyDrive/spoilage_dataset/dataset_root/fresh/IMG_1501.JPG,0.9792843,0.002620057,0.017645458,0.00045018038,fresh
IMG_1502.JPG,fresh,6.0,94.0,3,2025-09-19,0,7,/content/drive/MyDrive/spoilage_dataset/dataset_root/fresh/IMG_1502.JPG,0.9983432,0.00023332355,0.0013980401,2.540358e-05,fresh
IMG_1503.JPG,fresh,6.0,94.0,3,2025-09-19,0,7,/content/drive/MyDrive/spoilage_dataset/dataset_root/fresh/IMG_1503.JPG,0.99839455,0.00021565917,0.0013673845,2.2390715e-05,fresh
IMG_1504.JPG,fresh,6.0,94.0,3,2025-09-19,0,7,/content/drive/MyDrive/spoilage_dataset/dataset_root/fresh/IMG_1504.JPG,0.9994049,0.00015942838,0.0004240143,1.1715529e-05,fresh
IMG_1505.JPG,fresh,6.0,94.0,3,2025-09-19,0,7,/content/drive/MyDrive/spoilage_dataset/dataset_root/fresh/IMG_1505.JPG,0.9860715,0.0019092984,0.011749281,0.00026993823,fresh
IMG_1506.JPG,fresh,6.0,94.0,3,2025-09-19,0,7,/content/drive/MyDrive/spoilage_dataset/dataset_root/fresh/IMG_1506.JPG,0.9963431,0.0013258494,0.0019447395,0.00038622797,fresh
IMG_1507.JPG,fresh,6.0,94.0,3,2025-09-19,0,7,/content/drive/MyDrive/spoilage_dataset/dataset_root/fresh/IMG_1507.JPG,0.9996099,4.6595887e-05,0.00029793128,4.560461e-05,fresh
IMG_1508.JPG,fresh,6.0,94.0,3,2025-09-19,0,7,/content/drive/MyDrive/spoilage_dataset/dataset_root/fresh/IMG_1508.JPG,0.99643207,0.0014639752,0.0019503053,0.00015353988,fresh
IMG_1509.JPG,fresh,6.0,94.0,3,2025-09-19,0,7,/content/drive/MyDrive/spoilage_dataset/dataset_root/fresh/IMG_1509.JPG,0.99927825,4.166024e-05,0.0006409001,3.9145358e-05,fresh
IMG_1510.JPG,fresh,6.0,94.0,3,2025-09-19,0,7,/content/drive/MyDrive/spoilage_dataset/dataset_root/fresh/IMG_1510.JPG,0.9984175,0.00012044717,0.0014043439,5.769839e-05,fresh
IMG_1511.JPG,fresh,6.0,94.0,3,2025-09-19,0,7,/content/drive/MyDrive/spoilage_dataset/dataset_root/fresh/IMG_1511.JPG,0.9974291,0.00019746061,0.0022927078,8.074622e-05,fresh
IMG_1512.JPG,fresh,6.0,94.0,3,2025-09-19,0,7,/content/drive/MyDrive/spoilage_dataset/dataset_root/fresh/IMG_1512.JPG,0.9891039,0.0026315385,0.008174946,8.95736e-05,fresh
IMG_1513.JPG,fresh,6.0,94.0,3,2025-09-19,0,7,/content/drive/MyDrive/spoilage_dataset/dataset_root/fresh/IMG_1513.JPG,0.99747247,0.00053939305,0.0019552624,3.2886153e-05,fresh
IMG_1514.JPG,fresh,6.0,94.0,3,2025-09-19,0,7,/content/drive/MyDrive/spoilage_dataset/dataset_root/fresh/IMG_1514.JPG,0.997162,0.00031753205,0.002497819,2.2655919e-05,fresh
IMG_1515.JPG,fresh,6.0,94.0,3,2025-09-19,0,7,/content/drive/MyDrive/spoilage_dataset/dataset_root/fresh/IMG_1515.JPG,0.9868226,0.0023301397,0.010469876,0.00037734245,fresh
IMG_1516.JPG,fresh,6.0,94.0,3,2025-09-19,0,7,/content/drive/MyDrive/spoilage_dataset/dataset_root/fresh/IMG_1516.JPG,0.99040633,0.0011732131,0.007990718,0.00042976465,fresh
IMG_1517.JPG,fresh,6.0,94.0,3,2025-09-19,0,7,/content/drive/MyDrive/spoilage_dataset/dataset_root/fresh/IMG_1517.JPG,0.99449474,0.0007417744,0.0046183793,0.00014514924,fresh
IMG_1518.JPG,fresh,6.0,94.0,3,2025-09-19,0,7,/content/drive/MyDrive/spoilage_dataset/dataset_root/fresh/IMG_1518.JPG,0.9937861,0.0008527197,0.005329313,3.1819338e-05,fresh
IMG_1519.JPG,fresh,6.0,94.0,3,2025-09-19,0,7,/content/drive/MyDrive/spoilage_dataset/dataset_root/fresh/IMG_1519.JPG,0.99460334,0.0013481709,0.0040312354,1.7170514e-05,fresh
IMG_1520.JPG,fresh,6.0,94.0,3,2025-09-19,0,7,/content/drive/MyDrive/spoilage_dataset/dataset_root/fresh/IMG_1520.JPG,0.99778533,0.0002307689,0.0019671172,1.6806247e-05,fresh
IMG_1521.JPG,fresh,6.0,94.0,3,2025-09-19,0,7,/content/drive/MyDrive/spoilage_dataset/dataset_root/fresh/IMG_1521.JPG,0.99052876,0.0014047807,0.007923776,0.00014261273,fresh
IMG_1522.JPG,fresh,6.0,94.0,3,2025-09-19,0,7,/content/drive/MyDrive/spoilage_dataset/dataset_root/fresh/IMG_1522.JPG,0.99621385,0.00052203715,0.0032368246,2.7142401e-05,fresh
IMG_1523.JPG,fresh,6.0,94.0,3,2025-09-19,0,7,/content/drive/MyDrive/spoilage_dataset/dataset_root/fresh/IMG_1523.JPG,0.9983961,0.00010562092,0.0014586651,3.96049e-05,fresh
IMG_1524.JPG,fresh,6.0,94.0,3,2025-09-19,0,7,/content/drive/MyDrive/spoilage_dataset/dataset_root/fresh/IMG_1524.JPG,0.99074125,0.0014946888,0.0076283566,0.00013568327,fresh
IMG_1525.JPG,fresh,6.0,94.0,3,2025-09-19,0,7,/content/drive/MyDrive/spoilage_dataset/dataset_root/fresh/IMG_1525.JPG,0.9983113,0.00018759115,0.0014251544,7.6037155e-05,fresh
IMG_1526.JPG,fresh,6.0,94.0,3,2025-09-19,0,7,/content/drive/MyDrive/spoilage_dataset/dataset_root/fresh/IMG_1526.JPG,0.9995376,0.00016321117,0.00022344817,7.572585e-05,fresh
IMG_1527.JPG,fresh,6.0,94.0,3,2025-09-19,0,7,/content/drive/MyDrive/spoilage_dataset/dataset_root/fresh/IMG_1527.JPG,0.97722197,0.019680679,0.0029347285,0.00016267292,fresh
IMG_1528.JPG,fresh,6.0,94.0,3,2025-09-19,0,7,/content/drive/MyDrive/spoilage_dataset/dataset_root/fresh/IMG_1528.JPG,0.99657875,0.00090569595,0.0016723321,0.0008431306,fresh
IMG_1529.JPG,fresh,6.0,94.0,3,2025-09-19,0,7,/content/drive/MyDrive/spoilage_dataset/dataset_root/fresh/IMG_1529.JPG,0.99893636,0.0007368957,0.0002965486,3.020621e-05,fresh
IMG_1530.JPG,fresh,6.0,94.0,3,2025-09-19,0,7,/content/drive/MyDrive/spoilage_dataset/dataset_root/fresh/IMG_1530.JPG,0.9984158,0.0009291488,0.0005865422,6.8391775e-05,fresh
IMG_1531.JPG,fresh,6.0,94.0,3,2025-09-19,0,7,/content/drive/MyDrive/spoilage_dataset/dataset_root/fresh/IMG_1531.JPG,0.9990237,0.0007477764,0.00015585437,7.265092e-05,fresh
IMG_1532.JPG,fresh,6.0,94.0,3,2025-09-19,0,7,/content/drive/MyDrive/spoilage_dataset/dataset_root/fresh/IMG_1532.JPG,0.9977647,0.0021201344,0.00011114766,4.0168557e-06,fresh
IMG_1533.JPG,fresh,6.0,94.0,3,2025-09-19,0,7,/content/drive/MyDrive/spoilage_dataset/dataset_root/fresh/IMG_1533.JPG,0.99694914,0.0011473598,0.0015437405,0.0003598211,fresh
IMG_1534.JPG,fresh,6.0,94.0,3,2025-09-19,0,7,/content/drive/MyDrive/spoilage_dataset/dataset_root/fresh/IMG_1534.JPG,0.99940145,0.0004614491,0.00012341772,1.3671736e-05,fresh
IMG_1535.JPG,fresh,6.0,94.0,3,2025-09-19,0,7,/content/drive/MyDrive/spoilage_dataset/dataset_root/fresh/IMG_1535.JPG,0.9999212,5.9615388e-05,1.6354725e-05,2.8551815e-06,fresh
IMG_1536.JPG,fresh,6.0,94.0,3,2025-09-19,0,7,/content/drive/MyDrive/spoilage_dataset/dataset_root/fresh/IMG_1536.JPG,0.96459013,0.028497867,0.006883422,2.861044e-05,fresh
IMG_1537.JPG,fresh,6.0,94.0,3,2025-09-19,0,7,/content/drive/MyDrive/spoilage_dataset/dataset_root/fresh/IMG_1537.JPG,0.9995041,0.00040400485,7.631213e-05,1.5627344e-05,fresh
IMG_1538.JPG,fresh,6.0,94.0,3,2025-09-19,0,7,/content/drive/MyDrive/spoilage_dataset/dataset_root/fresh/IMG_1538.JPG,0.9910006,0.0058581806,0.0029948878,0.00014641653,fresh
IMG_1539.JPG,fresh,6.0,94.0,3,2025-09-19,0,7,/content/drive/MyDrive/spoilage_dataset/dataset_root/fresh/IMG_1539.JPG,0.9966306,0.0023529176,0.0009801898,3.636382e-05,fresh
IMG_1540.JPG,fresh,6.0,94.0,3,2025-09-19,0,7,/content/drive/MyDrive/spoilage_dataset/dataset_root/fresh/IMG_1540.JPG,0.99717146,0.0023003395,0.0005107014,1.7583301e-05,fresh
IMG_1541.JPG,fresh,6.0,94.0,3,2025-09-19,0,7,/content/drive/MyDrive/spoilage_dataset/dataset_root/fresh/IMG_1541.JPG,0.99552673,0.003059566,0.0013360672,7.761588e-05,fresh
IMG_1543.JPG,fresh,6.0,94.0,3,2025-09-19,0,7,/content/drive/MyDrive/spoilage_dataset/dataset_root/fresh/IMG_1543.JPG,0.9516296,0.047943838,0.0004263976,9.022644e-08,fresh
IMG_1544.JPG,fresh,6.0,94.0,3,2025-09-19,0,7,/content/drive/MyDrive/spoilage_dataset/dataset_root/fresh/IMG_1544.JPG,0.99939764,0.0005914888,1.0815935e-05,8.80251e-09,fresh
IMG_1545.JPG,fresh,6.0,94.0,3,2025-09-19,0,7,/content/drive/MyDrive/spoilage_dataset/dataset_root/fresh/IMG_1545.JPG,0.94790614,0.021107346,0.030980147,6.489157e-06,fresh
IMG_1546.JPG,fresh,6.0,94.0,3,2025-09-19,0,7,/content/drive/MyDrive/spoilage_dataset/dataset_root/fresh/IMG_1546.JPG,0.9296201,0.018457424,0.05191528,7.203891e-06,fresh
IMG_1547.JPG,fresh,6.0,94.0,3,2025-09-19,0,7,/content/drive/MyDrive/spoilage_dataset/dataset_root/fresh/IMG_1547.JPG,0.042615294,0.92913675,0.028244777,3.2067305e-06,slightly_aged
IMG_1548.JPG,fresh,6.0,94.0,3,2025-09-19,0,7,/content/drive/MyDrive/spoilage_dataset/dataset_root/fresh/IMG_1548.JPG,0.027777404,0.6569291,0.31528947,3.9979022e-06,slightly_aged
IMG_1549.JPG,fresh,6.0,94.0,3,2025-09-19,0,7,/content/drive/MyDrive/spoilage_dataset/dataset_root/fresh/IMG_1549.JPG,0.0077283303,0.47149754,0.5207726,1.5605909e-06,near_spoilage
IMG_1550.JPG,fresh,6.0,94.0,3,2025-09-19,0,7,/content/drive/MyDrive/spoilage_dataset/dataset_root/fresh/IMG_1550.JPG,0.016709374,0.90855575,0.074729376,5.4775514e-06,slightly_aged
IMG_1551.JPG,fresh,6.0,94.0,3,2025-09-19,0,7,/content/drive/MyDrive/spoilage_dataset/dataset_root/fresh/IMG_1551.JPG,0.57247096,0.39278495,0.034742214,1.9193658e-06,fresh
IMG_1552.JPG,fresh,6.0,94.0,3,2025-09-19,0,7,/content/drive/MyDrive/spoilage_dataset/dataset_root/fresh/IMG_1552.JPG,0.99927646,0.00067215814,5.137127e-05,5.1880765e-08,fresh
IMG_1553.JPG,fresh,6.0,94.0,3,2025-09-19,0,7,/content/drive/MyDrive/spoilage_dataset/dataset_root/fresh/IMG_1553.JPG,0.9995297,0.00045569506,1.4683582e-05,1.7165492e-08,fresh
IMG_1554.JPG,fresh,6.0,94.0,3,2025-09-19,0,7,/content/drive/MyDrive/spoilage_dataset/dataset_root/fresh/IMG_1554.JPG,0.9986809,0.0011742342,0.00014491749,1.1155376e-08,fresh
IMG_1555.JPG,fresh,6.0,94.0,3,2025-09-19,0,7,/content/drive/MyDrive/spoilage_dataset/dataset_root/fresh/IMG_1555.JPG,0.9992261,0.00076575734,8.107648e-06,1.2758543e-08,fresh
IMG_1556.JPG,fresh,6.0,94.0,3,2025-09-19,0,7,/content/drive/MyDrive/spoilage_dataset/dataset_root/fresh/IMG_1556.JPG,0.6779504,0.32119828,0.00085134106,3.3102612e-08,fresh
IMG_1557.JPG,fresh,6.0,94.0,3,2025-09-19,0,7,/content/drive/MyDrive/spoilage_dataset/dataset_root/fresh/IMG_1557.JPG,0.059245463,0.9396493,0.0011052315,4.96613e-09,slightly_aged
IMG_1558.JPG,fresh,6.0,94.0,3,2025-09-19,0,7,/content/drive/MyDrive/spoilage_dataset/dataset_root/fresh/IMG_1558.JPG,0.076234296,0.9213602,0.0024051568,2.839211e-07,slightly_aged
IMG_1559.JPG,fresh,6.0,94.0,3,2025-09-19,0,7,/content/drive/MyDrive/spoilage_dataset/dataset_root/fresh/IMG_1559.JPG,0.9800646,0.017518373,0.0024169118,1.3374988e-07,fresh
IMG_1560.JPG,fresh,6.0,94.0,3,2025-09-19,0,7,/content/drive/MyDrive/spoilage_dataset/dataset_root/fresh/IMG_1560.JPG,0.99357855,0.0049962434,0.001425283,3.6249364e-08,fresh
IMG_1561.JPG,fresh,6.0,94.0,3,2025-09-19,0,7,/content/drive/MyDrive/spoilage_dataset/dataset_root/fresh/IMG_1561.JPG,0.9890294,0.0068844375,0.0040860637,8.423939e-08,fresh
IMG_1562.JPG,fresh,6.0,94.0,3,2025-09-19,0,7,/content/drive/MyDrive/spoilage_dataset/dataset_root/fresh/IMG_1562.JPG,0.9470161,0.0150962565,0.03788752,1.5441884e-07,fresh
IMG_1563.JPG,fresh,6.0,94.0,3,2025-09-19,0,7,/content/drive/MyDrive/spoilage_dataset/dataset_root/fresh/IMG_1563.JPG,0.99398226,0.003280545,0.002737039,6.5569296e-08,fresh
IMG_1564.JPG,fresh,6.0,94.0,3,2025-09-19,0,7,/content/drive/MyDrive/spoilage_dataset/dataset_root/fresh/IMG_1564.JPG,0.9653886,0.028295955,0.006315361,1.4325877e-07,fresh
IMG_1565.JPG,fresh,6.0,94.0,3,2025-09-19,0,7,/content/drive/MyDrive/spoilage_dataset/dataset_root/fresh/IMG_1565.JPG,0.98121256,0.011808015,0.0069793276,1.5964491e-07,fresh
IMG_1567.JPG,fresh,6.0,94.0,3,2025-09-19,0,7,/content/drive/MyDrive/spoilage_dataset/dataset_root/fresh/IMG_1567.JPG,0.98949987,0.0068174503,0.0036825207,1.2106152e-07,fresh
IMG_1568.JPG,fresh,6.0,94.0,3,2025-09-19,0,7,/content/drive/MyDrive/spoilage_dataset/dataset_root/fresh/IMG_1568.JPG,0.9878006,0.009206598,0.0029927895,9.706537e-08,fresh
IMG_1569.JPG,fresh,6.0,94.0,3,2025-09-19,0,7,/content/drive/MyDrive/spoilage_dataset/dataset_root/fresh/IMG_1569.JPG,0.9960771,0.0030993521,0.0008234141,4.3961126e-08,fresh
IMG_1570.JPG,fresh,6.0,94.0,3,2025-09-19,0,7,/content/drive/MyDrive/spoilage_dataset/dataset_root/fresh/IMG_1570.JPG,0.99770975,0.0010743204,0.0012139799,1.8463351e-06,fresh
IMG_1571.JPG,fresh,6.0,94.0,3,2025-09-19,0,7,/content/drive/MyDrive/spoilage_dataset/dataset_root/fresh/IMG_1571.JPG,0.99660957,0.00067769014,0.0027127312,8.8621036e-08,fresh
IMG_1572.JPG,fresh,6.0,94.0,3,2025-09-19,0,7,/content/drive/MyDrive/spoilage_dataset/dataset_root/fresh/IMG_1572.JPG,0.99474806,0.0026894861,0.0025614891,8.963277e-07,fresh
IMG_1574.JPG,fresh,6.0,94.0,3,2025-09-19,0,7,/content/drive/MyDrive/spoilage_dataset/dataset_root/fresh/IMG_1574.JPG,0.70918024,0.17381313,0.11699924,7.3952974e-06,fresh
IMG_1575.JPG,fresh,6.0,94.0,3,2025-09-19,0,7,/content/drive/MyDrive/spoilage_dataset/dataset_root/fresh/IMG_1575.JPG,0.9982667,0.00069648086,0.001036398,3.443517e-07,fresh
IMG_1577.JPG,fresh,6.0,94.0,3,2025-09-19,0,7,/content/drive/MyDrive/spoilage_dataset/dataset_root/fresh/IMG_1577.JPG,0.99957305,1.5112754e-05,0.00034626247,6.550822e-05,fresh
IMG_1578.JPG,fresh,6.0,94.0,3,2025-09-19,0,7,/content/drive/MyDrive/spoilage_dataset/dataset_root/fresh/IMG_1578.JPG,0.99975866,4.078882e-05,0.00019068528,9.836163e-06,fresh
IMG_1579.JPG,fresh,6.0,94.0,3,2025-09-19,0,7,/content/drive/MyDrive/spoilage_dataset/dataset_root/fresh/IMG_1579.JPG,0.9975077,2.6103862e-05,0.0023423175,0.00012379614,fresh
IMG_1580.JPG,fresh,6.0,94.0,3,2025-09-19,0,7,/content/drive/MyDrive/spoilage_dataset/dataset_root/fresh/IMG_1580.JPG,0.9987048,0.00013841887,0.0009926234,0.00016409735,fresh
IMG_1581.JPG,fresh,6.0,94.0,3,2025-09-19,0,7,/content/drive/MyDrive/spoilage_dataset/dataset_root/fresh/IMG_1581.JPG,0.99999535,2.1196888e-06,2.1918001e-06,4.0881943e-07,fresh
IMG_1582.JPG,fresh,6.0,94.0,3,2025-09-19,0,7,/content/drive/MyDrive/spoilage_dataset/dataset_root/fresh/IMG_1582.JPG,0.99997795,8.66972e-06,7.656409e-06,5.6704002e-06,fresh
IMG_1583.JPG,fresh,6.0,94.0,3,2025-09-19,0,7,/content/drive/MyDrive/spoilage_dataset/dataset_root/fresh/IMG_1583.JPG,0.9999802,8.7254375e-06,7.0563374e-06,4.0246846e-06,fresh
IMG_1584.JPG,fresh,6.0,94.0,3,2025-09-19,0,7,/content/drive/MyDrive/spoilage_dataset/dataset_root/fresh/IMG_1584.JPG,0.9996654,0.00023412926,9.2208255e-05,8.228117e-06,fresh
IMG_1585.JPG,fresh,6.0,94.0,3,2025-09-19,0,7,/content/drive/MyDrive/spoilage_dataset/dataset_root/fresh/IMG_1585.JPG,0.9999908,2.7116773e-06,2.660591e-06,3.7821942e-06,fresh
IMG_1586.JPG,fresh,6.0,94.0,3,2025-09-19,0,7,/content/drive/MyDrive/spoilage_dataset/dataset_root/fresh/IMG_1586.JPG,0.99993145,3.6811736e-05,3.0418862e-05,1.3438478e-06,fresh
IMG_1587.JPG,fresh,6.0,94.0,3,2025-09-19,0,7,/content/drive/MyDrive/spoilage_dataset/dataset_root/fresh/IMG_1587.JPG,0.9999707,2.1293507e-05,6.59039e-06,1.4083137e-06,fresh
IMG_1588.JPG,fresh,6.0,94.0,3,2025-09-19,0,7,/content/drive/MyDrive/spoilage_dataset/dataset_root/fresh/IMG_1588.JPG,0.9999882,3.1926274e-06,8.463668e-06,1.179357e-07,fresh
IMG_1589.JPG,fresh,6.0,94.0,3,2025-09-19,0,7,/content/drive/MyDrive/spoilage_dataset/dataset_root/fresh/IMG_1589.JPG,0.9998945,5.2401287e-05,5.2099218e-05,9.598765e-07,fresh
IMG_1590.JPG,fresh,6.0,94.0,3,2025-09-19,0,7,/content/drive/MyDrive/spoilage_dataset/dataset_root/fresh/IMG_1590.JPG,0.9999492,2.027463e-05,3.0291503e-05,1.9459578e-07,fresh
IMG_1591.JPG,fresh,6.0,94.0,3,2025-09-19,0,7,/content/drive/MyDrive/spoilage_dataset/dataset_root/fresh/IMG_1591.JPG,0.99995553,1.3583585e-05,3.071765e-05,1.7207226e-07,fresh
IMG_1592.JPG,fresh,6.0,94.0,3,2025-09-19,0,7,/content/drive/MyDrive/spoilage_dataset/dataset_root/fresh/IMG_1592.JPG,0.9999347,4.6611076e-05,1.7489358e-05,1.1567485e-06,fresh
IMG_1593.JPG,fresh,6.0,94.0,3,2025-09-19,0,7,/content/drive/MyDrive/spoilage_dataset/dataset_root/fresh/IMG_1593.JPG,0.9999919,3.2118667e-06,4.795705e-06,8.952014e-08,fresh
IMG_1594.JPG,fresh,6.0,94.0,3,2025-09-19,0,7,/content/drive/MyDrive/spoilage_dataset/dataset_root/fresh/IMG_1594.JPG,0.9998367,0.00012959557,3.148647e-05,2.2445813e-06,fresh
IMG_1595.JPG,fresh,6.0,94.0,3,2025-09-19,0,7,/content/drive/MyDrive/spoilage_dataset/dataset_root/fresh/IMG_1595.JPG,0.9999726,1.6466449e-05,1.0590151e-05,4.100326e-07,fresh
IMG_1596.JPG,fresh,6.0,94.0,3,2025-09-19,0,7,/content/drive/MyDrive/spoilage_dataset/dataset_root/fresh/IMG_1596.JPG,0.9999323,4.319089e-05,2.418468e-05,3.2782992e-07,fresh
IMG_1597.JPG,fresh,6.0,94.0,3,2025-09-19,0,7,/content/drive/MyDrive/spoilage_dataset/dataset_root/fresh/IMG_1597.JPG,0.9999145,7.971526e-05,5.3682556e-06,3.5297742e-07,fresh
IMG_1598.JPG,fresh,6.0,94.0,3,2025-09-19,0,7,/content/drive/MyDrive/spoilage_dataset/dataset_root/fresh/IMG_1598.JPG,0.9999491,3.387208e-05,1.644058e-05,6.149706e-07,fresh
IMG_1600.JPG,fresh,6.0,94.0,3,2025-09-19,0,7,/content/drive/MyDrive/spoilage_dataset/dataset_root/fresh/IMG_1600.JPG,0.9997719,0.00021212676,1.3098477e-05,2.9154162e-06,fresh
IMG_1601.JPG,fresh,6.0,94.0,3,2025-09-19,0,7,/content/drive/MyDrive/spoilage_dataset/dataset_root/fresh/IMG_1601.JPG,0.99995446,3.8940063e-05,6.1183514e-06,4.3468958e-07,fresh
IMG_1602.JPG,fresh,6.0,94.0,3,2025-09-19,0,7,/content/drive/MyDrive/spoilage_dataset/dataset_root/fresh/IMG_1602.JPG,0.9999865,7.670953e-06,5.7766997e-06,1.0718495e-07,fresh
IMG_1603.JPG,fresh,6.0,94.0,3,2025-09-19,0,7,/content/drive/MyDrive/spoilage_dataset/dataset_root/fresh/IMG_1603.JPG,0.99975806,0.00022191327,1.964428e-05,3.0646538e-07,fresh
IMG_1604.JPG,fresh,6.0,94.0,3,2025-09-19,0,7,/content/drive/MyDrive/spoilage_dataset/dataset_root/fresh/IMG_1604.JPG,0.999395,0.000559759,4.4534747e-05,7.0422976e-07,fresh
IMG_1605.JPG,fresh,6.0,94.0,3,2025-09-19,0,7,/content/drive/MyDrive/spoilage_dataset/dataset_root/fresh/IMG_1605.JPG,0.99928826,0.00068339467,2.8004393e-05,3.5350902e-07,fresh
IMG_1608.JPG,fresh,6.0,94.0,3,2025-09-19,0,7,/content/drive/MyDrive/spoilage_dataset/dataset_root/fresh/IMG_1608.JPG,0.99981207,0.0001718517,1.5985019e-05,1.2141281e-07,fresh
IMG_1609.JPG,fresh,6.0,94.0,3,2025-09-19,0,7,/content/drive/MyDrive/spoilage_dataset/dataset_root/fresh/IMG_1609.JPG,0.99948764,0.00049470976,1.7540004e-05,7.3845925e-08,fresh
IMG_1610.JPG,fresh,6.0,94.0,3,2025-09-19,0,7,/content/drive/MyDrive/spoilage_dataset/dataset_root/fresh/IMG_1610.JPG,0.9982152,0.001733171,5.148436e-05,1.6995057e-07,fresh
IMG_1611.JPG,fresh,6.0,94.0,3,2025-09-19,0,7,/content/drive/MyDrive/spoilage_dataset/dataset_root/fresh/IMG_1611.JPG,0.99908745,0.00080829894,0.00010371125,4.1942272e-07,fresh
IMG_1612.JPG,fresh,6.0,94.0,3,2025-09-19,0,7,/content/drive/MyDrive/spoilage_dataset/dataset_root/fresh/IMG_1612.JPG,0.9999056,6.2233856e-05,3.20749e-05,7.5120965e-08,fresh
IMG_1613.JPG,fresh,6.0,94.0,3,2025-09-19,0,7,/content/drive/MyDrive/spoilage_dataset/dataset_root/fresh/IMG_1613.JPG,0.9992157,0.00050430844,0.00027835753,1.5348294e-06,fresh
IMG_1614.JPG,fresh,6.0,94.0,3,2025-09-19,0,7,/content/drive/MyDrive/spoilage_dataset/dataset_root/fresh/IMG_1614.JPG,0.9998165,0.00010186826,8.14831e-05,1.17672684e-07,fresh
IMG_1616.JPG,fresh,6.0,94.0,3,2025-09-19,0,7,/content/drive/MyDrive/spoilage_dataset/dataset_root/fresh/IMG_1616.JPG,0.9996817,0.000120667784,0.0001971523,5.29402e-07,fresh
IMG_1617.JPG,fresh,6.0,94.0,3,2025-09-19,0,7,/content/drive/MyDrive/spoilage_dataset/dataset_root/fresh/IMG_1617.JPG,0.998877,0.00010287042,0.001018053,1.9740526e-06,fresh
IMG_1618.JPG,fresh,6.0,94.0,3,2025-09-19,0,7,/content/drive/MyDrive/spoilage_dataset/dataset_root/fresh/IMG_1618.JPG,0.99954647,0.00016174416,0.00029111202,7.1986585e-07,fresh
IMG_1619.JPG,fresh,6.0,94.0,3,2025-09-19,0,7,/content/drive/MyDrive/spoilage_dataset/dataset_root/fresh/IMG_1619.JPG,0.9997906,6.48895e-05,0.00014419532,3.9050366e-07,fresh
IMG_1620.JPG,fresh,6.0,94.0,3,2025-09-19,0,7,/content/drive/MyDrive/spoilage_dataset/dataset_root/fresh/IMG_1620.JPG,0.9999056,6.1308696e-05,3.30496e-05,1.5823986e-07,fresh
IMG_1621.JPG,fresh,6.0,94.0,4,2025-09-19,0,7,/content/drive/MyDrive/spoilage_dataset/dataset_root/fresh/IMG_1621.JPG,0.99969304,7.6711636e-05,0.00022942394,8.162174e-07,fresh
IMG_1622.JPG,fresh,6.0,94.0,4,2025-09-19,0,7,/content/drive/MyDrive/spoilage_dataset/dataset_root/fresh/IMG_1622.JPG,0.99920064,0.000557101,0.00024044968,1.7427494e-06,fresh
IMG_1624.JPG,fresh,6.0,94.0,4,2025-09-19,0,7,/content/drive/MyDrive/spoilage_dataset/dataset_root/fresh/IMG_1624.JPG,0.99993217,3.957047e-05,2.818131e-05,1.2331783e-07,fresh
IMG_1625.JPG,fresh,6.0,94.0,4,2025-09-19,0,7,/content/drive/MyDrive/spoilage_dataset/dataset_root/fresh/IMG_1625.JPG,0.99933344,0.0001958728,0.00047010303,5.897866e-07,fresh
IMG_1626.JPG,fresh,6.0,94.0,4,2025-09-19,0,7,/content/drive/MyDrive/spoilage_dataset/dataset_root/fresh/IMG_1626.JPG,0.99879956,0.00048021972,0.0007180566,2.1164092e-06,fresh
IMG_1627.JPG,fresh,6.0,94.0,4,2025-09-19,0,7,/content/drive/MyDrive/spoilage_dataset/dataset_root/fresh/IMG_1627.JPG,0.9963082,0.0028929587,0.00079769705,1.1958513e-06,fresh
IMG_1628.JPG,fresh,6.0,94.0,4,2025-09-19,0,7,/content/drive/MyDrive/spoilage_dataset/dataset_root/fresh/IMG_1628.JPG,0.9999763,9.605544e-06,1.4113635e-05,5.0940326e-08,fresh
IMG_1629.JPG,fresh,6.0,94.0,4,2025-09-19,0,7,/content/drive/MyDrive/spoilage_dataset/dataset_root/fresh/IMG_1629.JPG,0.9998616,2.8236567e-05,0.000109883804,2.517635e-07,fresh
IMG_1630.JPG,fresh,6.0,94.0,4,2025-09-19,0,7,/content/drive/MyDrive/spoilage_dataset/dataset_root/fresh/IMG_1630.JPG,0.9999771,1.570389e-06,2.0972233e-05,4.0791315e-07,fresh
IMG_1632.JPG,fresh,6.0,94.0,4,2025-09-19,0,7,/content/drive/MyDrive/spoilage_dataset/dataset_root/fresh/IMG_1632.JPG,0.99996006,8.458573e-06,2.9600847e-05,1.9458332e-06,fresh
IMG_1633.JPG,fresh,6.0,94.0,4,2025-09-19,0,7,/content/drive/MyDrive/spoilage_dataset/dataset_root/fresh/IMG_1633.JPG,0.999969,6.466997e-06,1.1668359e-05,1.2836641e-05,fresh
IMG_1634.JPG,fresh,6.0,94.0,4,2025-09-19,0,7,/content/drive/MyDrive/spoilage_dataset/dataset_root/fresh/IMG_1634.JPG,0.9999738,1.2855556e-05,1.03726015e-05,2.9412113e-06,fresh
IMG_1635.JPG,fresh,6.0,94.0,4,2025-09-19,0,7,/content/drive/MyDrive/spoilage_dataset/dataset_root/fresh/IMG_1635.JPG,0.9999454,3.2270735e-05,1.5386133e-05,6.898188e-06,fresh
IMG_1636.JPG,fresh,6.0,94.0,4,2025-09-19,0,7,/content/drive/MyDrive/spoilage_dataset/dataset_root/fresh/IMG_1636.JPG,0.99998057,2.1192693e-06,1.653388e-05,7.135947e-07,fresh
IMG_1637.JPG,fresh,6.0,94.0,4,2025-09-19,0,7,/content/drive/MyDrive/spoilage_dataset/dataset_root/fresh/IMG_1637.JPG,0.9999198,4.9699604e-05,1.1880269e-05,1.8634633e-05,fresh
IMG_1640.JPG,fresh,6.0,94.0,4,2025-09-19,0,7,/content/drive/MyDrive/spoilage_dataset/dataset_root/fresh/IMG_1640.JPG,0.9149281,0.06378261,0.021288306,9.427213e-07,fresh
IMG_1641.JPG,fresh,6.0,94.0,4,2025-09-19,0,7,/content/drive/MyDrive/spoilage_dataset/dataset_root/fresh/IMG_1641.JPG,0.96529937,0.028279677,0.0064206407,3.3954316e-07,fresh
IMG_1642.JPG,fresh,6.0,94.0,4,2025-09-19,0,7,/content/drive/MyDrive/spoilage_dataset/dataset_root/fresh/IMG_1642.JPG,0.99455345,0.0048136273,0.000632451,4.998825e-07,fresh
IMG_1643.JPG,fresh,6.0,94.0,4,2025-09-19,0,7,/content/drive/MyDrive/spoilage_dataset/dataset_root/fresh/IMG_1643.JPG,0.983422,0.015889095,0.00068883086,8.214042e-08,fresh
IMG_1644.JPG,fresh,6.0,94.0,4,2025-09-19,0,7,/content/drive/MyDrive/spoilage_dataset/dataset_root/fresh/IMG_1644.JPG,0.4144038,0.5256968,0.05989903,3.4662793e-07,slightly_aged
IMG_1645.JPG,fresh,6.0,94.0,4,2025-09-19,0,7,/content/drive/MyDrive/spoilage_dataset/dataset_root/fresh/IMG_1645.JPG,0.9962049,0.0034189948,0.00037601896,1.1665204e-07,fresh
IMG_1648.JPG,fresh,6.0,94.0,4,2025-09-19,0,7,/content/drive/MyDrive/spoilage_dataset/dataset_root/fresh/IMG_1648.JPG,0.9951383,0.003885354,0.00097596773,3.08295e-07,fresh
IMG_1649.JPG,fresh,6.0,94.0,4,2025-09-19,0,7,/content/drive/MyDrive/spoilage_dataset/dataset_root/fresh/IMG_1649.JPG,0.8959187,0.09346506,0.010615571,6.135155e-07,fresh
IMG_1650.JPG,fresh,6.0,94.0,4,2025-09-19,0,7,/content/drive/MyDrive/spoilage_dataset/dataset_root/fresh/IMG_1650.JPG,0.974483,0.020089408,0.0054275063,8.583021e-08,fresh
IMG_1651.JPG,fresh,6.0,94.0,4,2025-09-19,0,7,/content/drive/MyDrive/spoilage_dataset/dataset_root/fresh/IMG_1651.JPG,0.85843486,0.13767812,0.003886721,2.5764587e-07,fresh
IMG_1652.JPG,fresh,6.0,94.0,4,2025-09-19,0,7,/content/drive/MyDrive/spoilage_dataset/dataset_root/fresh/IMG_1652.JPG,0.6025998,0.36777365,0.029626261,2.945234e-07,fresh
IMG_1653.JPG,fresh,6.0,94.0,4,2025-09-19,0,7,/content/drive/MyDrive/spoilage_dataset/dataset_root/fresh/IMG_1653.JPG,0.922781,0.07171867,0.005500107,1.7592627e-07,fresh
IMG_1656.JPG,fresh,6.0,94.0,4,2025-09-19,0,7,/content/drive/MyDrive/spoilage_dataset/dataset_root/fresh/IMG_1656.JPG,0.99090064,0.0088598505,0.00023951144,3.691035e-08,fresh
IMG_1657.JPG,fresh,6.0,94.0,4,2025-09-19,0,7,/content/drive/MyDrive/spoilage_dataset/dataset_root/fresh/IMG_1657.JPG,0.8862468,0.11320293,0.00055016455,7.126453e-08,fresh
IMG_1658.JPG,fresh,6.0,94.0,4,2025-09-19,0,7,/content/drive/MyDrive/spoilage_dataset/dataset_root/fresh/IMG_1658.JPG,0.8226612,0.17682497,0.0005136873,1.00679394e-07,fresh
IMG_1659.JPG,fresh,6.0,94.0,4,2025-09-19,0,7,/content/drive/MyDrive/spoilage_dataset/dataset_root/fresh/IMG_1659.JPG,0.92801154,0.07015145,0.0018369178,1.2720469e-07,fresh
IMG_1660.JPG,fresh,6.0,94.0,4,2025-09-19,0,7,/content/drive/MyDrive/spoilage_dataset/dataset_root/fresh/IMG_1660.JPG,0.94213074,0.057486665,0.0003825091,3.2089265e-08,fresh
IMG_1661.JPG,fresh,6.0,94.0,4,2025-09-19,0,7,/content/drive/MyDrive/spoilage_dataset/dataset_root/fresh/IMG_1661.JPG,0.80073977,0.19808413,0.0011759873,7.68198e-08,fresh
IMG_1664.JPG,fresh,6.0,94.0,4,2025-09-19,0,7,/content/drive/MyDrive/spoilage_dataset/dataset_root/fresh/IMG_1664.JPG,0.92328143,0.06670041,0.010015948,2.3544837e-06,fresh
IMG_1666.JPG,fresh,6.0,94.0,4,2025-09-19,0,7,/content/drive/MyDrive/spoilage_dataset/dataset_root/fresh/IMG_1666.JPG,0.92474014,0.063227914,0.012005416,2.6603775e-05,fresh
IMG_1667.JPG,fresh,6.0,94.0,4,2025-09-19,0,7,/content/drive/MyDrive/spoilage_dataset/dataset_root/fresh/IMG_1667.JPG,0.703624,0.28138697,0.014964016,2.4959114e-05,fresh
IMG_1668.JPG,fresh,6.0,94.0,4,2025-09-19,0,7,/content/drive/MyDrive/spoilage_dataset/dataset_root/fresh/IMG_1668.JPG,0.98445165,0.012223665,0.0033151146,9.652996e-06,fresh
IMG_1669.JPG,fresh,6.0,94.0,4,2025-09-19,0,7,/content/drive/MyDrive/spoilage_dataset/dataset_root/fresh/IMG_1669.JPG,0.9351002,0.058907982,0.0059829173,8.9682535e-06,fresh
IMG_1670.JPG,fresh,6.0,94.0,4,2025-09-19,0,7,/content/drive/MyDrive/spoilage_dataset/dataset_root/fresh/IMG_1670.JPG,0.898623,0.03842684,0.062920794,2.9355868e-05,fresh
IMG_1673.JPG,fresh,6.0,94.0,4,2025-09-19,0,7,/content/drive/MyDrive/spoilage_dataset/dataset_root/fresh/IMG_1673.JPG,0.16027585,0.68681705,0.15284176,6.5400294e-05,slightly_aged
IMG_1674.JPG,fresh,6.0,94.0,4,2025-09-19,0,7,/content/drive/MyDrive/spoilage_dataset/dataset_root/fresh/IMG_1674.JPG,0.9510198,7.5420205e-05,0.04856148,0.00034329446,fresh
IMG_1675.JPG,fresh,6.0,94.0,4,2025-09-19,0,7,/content/drive/MyDrive/spoilage_dataset/dataset_root/fresh/IMG_1675.JPG,0.9670922,0.000106326675,0.032757886,4.3571883e-05,fresh
IMG_1676.JPG,fresh,6.0,94.0,4,2025-09-19,0,7,/content/drive/MyDrive/spoilage_dataset/dataset_root/fresh/IMG_1676.JPG,0.97519106,3.1834736e-06,0.02478447,2.1379201e-05,fresh
IMG_1677.JPG,fresh,6.0,94.0,4,2025-09-19,0,7,/content/drive/MyDrive/spoilage_dataset/dataset_root/fresh/IMG_1677.JPG,0.9741682,3.3385038e-06,0.025682684,0.00014578363,fresh
IMG_1678.JPG,fresh,6.0,94.0,4,2025-09-19,0,7,/content/drive/MyDrive/spoilage_dataset/dataset_root/fresh/IMG_1678.JPG,0.8251322,6.6867988e-06,0.17369822,0.0011629632,fresh
IMG_1681.JPG,fresh,6.0,94.0,4,2025-09-19,0,7,/content/drive/MyDrive/spoilage_dataset/dataset_root/fresh/IMG_1681.JPG,0.5907475,6.0458933e-05,0.40580237,0.003389751,fresh
IMG_1682.JPG,fresh,6.0,94.0,4,2025-09-19,0,7,/content/drive/MyDrive/spoilage_dataset/dataset_root/fresh/IMG_1682.JPG,0.1582337,0.8415747,0.00019140536,2.384436e-07,slightly_aged
IMG_1683.JPG,fresh,6.0,94.0,4,2025-09-19,0,7,/content/drive/MyDrive/spoilage_dataset/dataset_root/fresh/IMG_1683.JPG,0.9993788,0.00012258864,0.0004960249,2.4430492e-06,fresh
IMG_1684.JPG,fresh,6.0,94.0,4,2025-09-19,0,7,/content/drive/MyDrive/spoilage_dataset/dataset_root/fresh/IMG_1684.JPG,0.9996113,0.000120685756,0.00026676184,1.1687406e-06,fresh
IMG_1685.JPG,fresh,6.0,94.0,4,2025-09-19,0,7,/content/drive/MyDrive/spoilage_dataset/dataset_root/fresh/IMG_1685.JPG,0.99959475,0.0001095796,0.00029484613,8.320832e-07,fresh
IMG_1687.JPG,fresh,6.0,94.0,4,2025-09-19,0,7,/content/drive/MyDrive/spoilage_dataset/dataset_root/fresh/IMG_1687.JPG,0.996042,0.00066173973,0.0032786329,1.7719716e-05,fresh
IMG_1690.JPG,fresh,6.0,94.0,4,2025-09-19,0,7,/content/drive/MyDrive/spoilage_dataset/dataset_root/fresh/IMG_1690.JPG,0.97309667,0.0026346925,0.02426254,6.1358937e-06,fresh
IMG_1691.JPG,fresh,6.0,94.0,4,2025-09-19,0,7,/content/drive/MyDrive/spoilage_dataset/dataset_root/fresh/IMG_1691.JPG,0.9986934,0.000111145695,0.0011936629,1.7934113e-06,fresh
IMG_1692.JPG,fresh,6.0,94.0,4,2025-09-19,0,7,/content/drive/MyDrive/spoilage_dataset/dataset_root/fresh/IMG_1692.JPG,0.97480756,0.0016570113,0.02352237,1.3188545e-05,fresh
IMG_1693.JPG,fresh,6.0,94.0,4,2025-09-19,0,7,/content/drive/MyDrive/spoilage_dataset/dataset_root/fresh/IMG_1693.JPG,0.97971123,0.00082967087,0.019454649,4.408059e-06,fresh
IMG_1694.JPG,fresh,6.0,94.0,4,2025-09-19,0,7,/content/drive/MyDrive/spoilage_dataset/dataset_root/fresh/IMG_1694.JPG,0.9968816,0.0017499662,0.0013640914,4.335003e-06,fresh
IMG_1695.JPG,fresh,6.0,94.0,4,2025-09-19,0,7,/content/drive/MyDrive/spoilage_dataset/dataset_root/fresh/IMG_1695.JPG,0.99724185,0.0011988347,0.0015544101,4.9409223e-06,fresh
IMG_1698.JPG,fresh,6.0,94.0,4,2025-09-19,0,7,/content/drive/MyDrive/spoilage_dataset/dataset_root/fresh/IMG_1698.JPG,0.5910163,0.3774094,0.031504013,7.0341914e-05,fresh
IMG_1699.JPG,fresh,6.0,94.0,4,2025-09-19,0,7,/content/drive/MyDrive/spoilage_dataset/dataset_root/fresh/IMG_1699.JPG,0.7056627,0.27119067,0.023064366,8.218119e-05,fresh
IMG_1702.JPG,fresh,6.0,94.0,4,2025-09-19,0,7,/content/drive/MyDrive/spoilage_dataset/dataset_root/fresh/IMG_1702.JPG,0.46922967,0.022658348,0.5032903,0.0048216553,near_spoilage
IMG_1703.JPG,fresh,6.0,94.0,4,2025-09-19,0,7,/content/drive/MyDrive/spoilage_dataset/dataset_root/fresh/IMG_1703.JPG,0.9854295,7.2104915e-05,0.0059790984,0.008519162,fresh
IMG_1704.JPG,fresh,6.0,94.0,4,2025-09-19,0,7,/content/drive/MyDrive/spoilage_dataset/dataset_root/fresh/IMG_1704.JPG,0.20883626,0.012728347,0.77685684,0.0015785,near_spoilage
IMG_1705.JPG,fresh,6.0,94.0,4,2025-09-19,0,7,/content/drive/MyDrive/spoilage_dataset/dataset_root/fresh/IMG_1705.JPG,0.84170425,0.004115926,0.15390171,0.00027810788,fresh
IMG_1708.JPG,fresh,6.0,94.0,4,2025-09-19,0,7,/content/drive/MyDrive/spoilage_dataset/dataset_root/fresh/IMG_1708.JPG,0.58452845,0.003915837,0.40581444,0.005741346,fresh
IMG_1709.JPG,fresh,6.0,94.0,4,2025-09-19,0,7,/content/drive/MyDrive/spoilage_dataset/dataset_root/fresh/IMG_1709.JPG,0.996439,0.00010793427,0.0030710998,0.00038206912,fresh
IMG_1710.JPG,fresh,6.0,94.0,4,2025-09-19,0,7,/content/drive/MyDrive/spoilage_dataset/dataset_root/fresh/IMG_1710.JPG,0.9998661,3.2672601e-06,4.619162e-05,8.440788e-05,fresh
IMG_1711.JPG,fresh,6.0,94.0,4,2025-09-19,0,7,/content/drive/MyDrive/spoilage_dataset/dataset_root/fresh/IMG_1711.JPG,0.99779797,0.0001674901,0.0019860268,4.8573256e-05,fresh
IMG_1712.JPG,fresh,6.0,94.0,4,2025-09-19,0,7,/content/drive/MyDrive/spoilage_dataset/dataset_root/fresh/IMG_1712.JPG,0.9993742,4.7621095e-05,0.000391733,0.0001864621,fresh
IMG_1713.JPG,fresh,6.0,94.0,4,2025-09-19,0,7,/content/drive/MyDrive/spoilage_dataset/dataset_root/fresh/IMG_1713.JPG,0.9986596,3.2449752e-05,0.0009982501,0.00030970725,fresh
IMG_1716.JPG,fresh,6.0,94.0,4,2025-09-19,0,7,/content/drive/MyDrive/spoilage_dataset/dataset_root/fresh/IMG_1716.JPG,0.97888935,0.020257913,0.0008477217,5.047044e-06,fresh
IMG_1717.JPG,fresh,6.0,94.0,4,2025-09-19,0,7,/content/drive/MyDrive/spoilage_dataset/dataset_root/fresh/IMG_1717.JPG,0.9620749,0.033177327,0.004741402,6.3372013e-06,fresh
IMG_1718.JPG,fresh,6.0,94.0,4,2025-09-19,0,7,/content/drive/MyDrive/spoilage_dataset/dataset_root/fresh/IMG_1718.JPG,0.9947351,0.004107301,0.0011564676,1.1888727e-06,fresh
IMG_1719.JPG,fresh,6.0,94.0,4,2025-09-19,0,7,/content/drive/MyDrive/spoilage_dataset/dataset_root/fresh/IMG_1719.JPG,0.9919322,0.006878207,0.0011892559,3.9122668e-07,fresh
IMG_1720.JPG,fresh,6.0,94.0,4,2025-09-19,0,7,/content/drive/MyDrive/spoilage_dataset/dataset_root/fresh/IMG_1720.JPG,0.99639916,0.0032008619,0.00039814858,1.7661772e-06,fresh
IMG_1721.JPG,fresh,6.0,94.0,4,2025-09-19,0,7,/content/drive/MyDrive/spoilage_dataset/dataset_root/fresh/IMG_1721.JPG,0.99281985,0.0060460167,0.0011329857,1.1258879e-06,fresh
IMG_1722.JPG,fresh,6.0,94.0,4,2025-09-19,0,7,/content/drive/MyDrive/spoilage_dataset/dataset_root/fresh/IMG_1722.JPG,0.9937097,0.005913654,0.00037520775,1.5755722e-06,fresh
IMG_1723.JPG,fresh,6.0,94.0,4,2025-09-19,0,7,/content/drive/MyDrive/spoilage_dataset/dataset_root/fresh/IMG_1723.JPG,0.9872191,0.011387578,0.0013867597,6.479031e-06,fresh
IMG_1724.JPG,fresh,6.0,94.0,4,2025-09-19,0,7,/content/drive/MyDrive/spoilage_dataset/dataset_root/fresh/IMG_1724.JPG,0.9179286,0.075999394,0.006064537,7.418254e-06,fresh
IMG_1725.JPG,fresh,6.0,94.0,4,2025-09-19,0,7,/content/drive/MyDrive/spoilage_dataset/dataset_root/fresh/IMG_1725.JPG,0.9554975,0.04126697,0.0032293894,6.0743996e-06,fresh
IMG_1726.JPG,fresh,6.0,94.0,4,2025-09-19,0,7,/content/drive/MyDrive/spoilage_dataset/dataset_root/fresh/IMG_1726.JPG,0.9872727,0.011376048,0.0013445447,6.8069717e-06,fresh
IMG_1727.JPG,fresh,6.0,94.0,4,2025-09-19,0,7,/content/drive/MyDrive/spoilage_dataset/dataset_root/fresh/IMG_1727.JPG,0.9701259,0.028643848,0.0012247165,5.5237865e-06,fresh
IMG_1728.JPG,fresh,6.0,94.0,4,2025-09-19,0,7,/content/drive/MyDrive/spoilage_dataset/dataset_root/fresh/IMG_1728.JPG,0.97538257,0.023133317,0.0014775491,6.653595e-06,fresh
IMG_1729.JPG,fresh,6.0,94.0,4,2025-09-19,0,7,/content/drive/MyDrive/spoilage_dataset/dataset_root/fresh/IMG_1729.JPG,0.99632734,0.0031287852,0.00054151943,2.3791104e-06,fresh
IMG_1730.JPG,fresh,6.0,94.0,4,2025-09-19,0,7,/content/drive/MyDrive/spoilage_dataset/dataset_root/fresh/IMG_1730.JPG,0.71885836,0.2747683,0.006291272,8.207209e-05,fresh
IMG_1731.JPG,fresh,6.0,94.0,4,2025-09-19,0,7,/content/drive/MyDrive/spoilage_dataset/dataset_root/fresh/IMG_1731.JPG,0.93498117,0.06008385,0.0049210754,1.3777404e-05,fresh
IMG_1732.JPG,fresh,6.0,94.0,4,2025-09-19,0,7,/content/drive/MyDrive/spoilage_dataset/dataset_root/fresh/IMG_1732.JPG,0.95043105,0.048226275,0.0013370485,5.629299e-06,fresh
IMG_1733.JPG,fresh,6.0,94.0,4,2025-09-19,0,7,/content/drive/MyDrive/spoilage_dataset/dataset_root/fresh/IMG_1733.JPG,0.9779302,0.020870056,0.0011977085,1.976304e-06,fresh
IMG_1734.JPG,fresh,6.0,94.0,4,2025-09-19,0,7,/content/drive/MyDrive/spoilage_dataset/dataset_root/fresh/IMG_1734.JPG,0.93047017,0.06566061,0.0038632508,6.008812e-06,fresh
IMG_1735.JPG,fresh,6.0,94.0,4,2025-09-19,0,7,/content/drive/MyDrive/spoilage_dataset/dataset_root/fresh/IMG_1735.JPG,0.9586218,0.041257765,0.000118106735,2.3191842e-06,fresh
IMG_1739.JPG,fresh,6.0,94.0,4,2025-09-19,0,7,/content/drive/MyDrive/spoilage_dataset/dataset_root/fresh/IMG_1739.JPG,0.85212886,0.14653271,0.0013279443,1.042566e-05,fresh
IMG_1740.JPG,fresh,6.0,94.0,4,2025-09-19,0,7,/content/drive/MyDrive/spoilage_dataset/dataset_root/fresh/IMG_1740.JPG,0.9478172,0.04528503,0.0067957304,0.00010205851,fresh
IMG_1741.JPG,fresh,6.0,94.0,4,2025-09-19,0,7,/content/drive/MyDrive/spoilage_dataset/dataset_root/fresh/IMG_1741.JPG,0.687646,0.29317328,0.019175969,4.76539e-06,fresh
IMG_1742.JPG,fresh,6.0,94.0,4,2025-09-19,0,7,/content/drive/MyDrive/spoilage_dataset/dataset_root/fresh/IMG_1742.JPG,0.8478007,0.14708018,0.00511637,2.8195896e-06,fresh
IMG_1743.JPG,fresh,6.0,94.0,4,2025-09-19,0,7,/content/drive/MyDrive/spoilage_dataset/dataset_root/fresh/IMG_1743.JPG,0.8202824,0.17476283,0.00495162,3.1694578e-06,fresh
IMG_1747.JPG,fresh,6.0,94.0,4,2025-09-19,0,7,/content/drive/MyDrive/spoilage_dataset/dataset_root/fresh/IMG_1747.JPG,0.056552272,0.08151609,0.8619254,6.295936e-06,near_spoilage
IMG_1748.JPG,fresh,6.0,94.0,4,2025-09-19,0,7,/content/drive/MyDrive/spoilage_dataset/dataset_root/fresh/IMG_1748.JPG,0.4495123,0.23579353,0.3146851,9.049116e-06,fresh
IMG_1749.JPG,fresh,6.0,94.0,4,2025-09-19,0,7,/content/drive/MyDrive/spoilage_dataset/dataset_root/fresh/IMG_1749.JPG,0.026443608,0.90959877,0.063945904,1.1784981e-05,slightly_aged
IMG_1750.JPG,fresh,6.0,94.0,4,2025-09-19,0,7,/content/drive/MyDrive/spoilage_dataset/dataset_root/fresh/IMG_1750.JPG,0.043112256,0.15075324,0.8061223,1.2179647e-05,near_spoilage
IMG_1751.JPG,fresh,6.0,94.0,4,2025-09-19,0,7,/content/drive/MyDrive/spoilage_dataset/dataset_root/fresh/IMG_1751.JPG,0.4101129,0.3410637,0.24879928,2.4031311e-05,fresh
IMG_1755.JPG,fresh,6.0,94.0,4,2025-09-19,0,7,/content/drive/MyDrive/spoilage_dataset/dataset_root/fresh/IMG_1755.JPG,0.22097395,0.4650362,0.31397182,1.7951546e-05,slightly_aged
IMG_1756.JPG,fresh,6.0,94.0,4,2025-09-19,0,7,/content/drive/MyDrive/spoilage_dataset/dataset_root/fresh/IMG_1756.JPG,0.6807391,0.13512248,0.1841214,1.7078015e-05,fresh
IMG_1757.JPG,fresh,6.0,94.0,4,2025-09-19,0,7,/content/drive/MyDrive/spoilage_dataset/dataset_root/fresh/IMG_1757.JPG,0.99411374,0.005700369,0.00018432683,1.6466948e-06,fresh
IMG_1758.JPG,fresh,6.0,94.0,4,2025-09-19,0,7,/content/drive/MyDrive/spoilage_dataset/dataset_root/fresh/IMG_1758.JPG,0.9922449,0.0077228956,2.9422676e-05,2.693584e-06,fresh
IMG_1759.JPG,fresh,6.0,94.0,4,2025-09-19,0,7,/content/drive/MyDrive/spoilage_dataset/dataset_root/fresh/IMG_1759.JPG,0.9987896,0.0009841669,0.0002248569,1.3575893e-06,fresh
IMG_1763.JPG,fresh,6.0,94.0,4,2025-09-19,0,7,/content/drive/MyDrive/spoilage_dataset/dataset_root/fresh/IMG_1763.JPG,0.9998778,0.0001174135,4.6368064e-06,8.748815e-08,fresh
IMG_1764.JPG,fresh,6.0,94.0,4,2025-09-19,0,7,/content/drive/MyDrive/spoilage_dataset/dataset_root/fresh/IMG_1764.JPG,0.99860793,0.0012966405,9.429919e-05,1.1849196e-06,fresh
IMG_1765.JPG,fresh,6.0,94.0,4,2025-09-19,0,7,/content/drive/MyDrive/spoilage_dataset/dataset_root/fresh/IMG_1765.JPG,0.99840933,0.001516047,7.3048934e-05,1.5561317e-06,fresh
IMG_1766.JPG,fresh,6.0,94.0,4,2025-09-19,0,7,/content/drive/MyDrive/spoilage_dataset/dataset_root/fresh/IMG_1766.JPG,0.9990305,0.00088885217,7.935122e-05,1.4877347e-06,fresh
IMG_1767.JPG,fresh,6.0,94.0,4,2025-09-19,0,7,/content/drive/MyDrive/spoilage_dataset/dataset_root/fresh/IMG_1767.JPG,0.99820876,0.00172967,6.06997e-05,7.8828157e-07,fresh
IMG_1771.JPG,fresh,6.0,94.0,4,2025-09-19,0,7,/content/drive/MyDrive/spoilage_dataset/dataset_root/fresh/IMG_1771.JPG,0.99785066,0.002090708,5.7756886e-05,8.5641994e-07,fresh
IMG_1772.JPG,fresh,6.0,94.0,4,2025-09-19,0,7,/content/drive/MyDrive/spoilage_dataset/dataset_root/fresh/IMG_1772.JPG,0.99802244,0.0019125204,6.395901e-05,1.0657693e-06,fresh
IMG_1773.JPG,fresh,6.0,94.0,4,2025-09-19,0,7,/content/drive/MyDrive/spoilage_dataset/dataset_root/fresh/IMG_1773.JPG,0.9990446,0.0009464791,8.704729e-06,2.6190446e-07,fresh
IMG_1774.JPG,fresh,6.0,94.0,4,2025-09-19,0,7,/content/drive/MyDrive/spoilage_dataset/dataset_root/fresh/IMG_1774.JPG,0.96815187,0.03173681,0.00011093766,4.5313308e-07,fresh
IMG_1775.JPG,fresh,6.0,94.0,4,2025-09-19,0,7,/content/drive/MyDrive/spoilage_dataset/dataset_root/fresh/IMG_1775.JPG,0.9945381,0.005337195,0.00012345349,1.1413019e-06,fresh
IMG_1779.JPG,fresh,6.0,94.0,4,2025-09-19,0,7,/content/drive/MyDrive/spoilage_dataset/dataset_root/fresh/IMG_1779.JPG,0.99437284,0.0053506177,0.00027448364,2.0371065e-06,fresh
IMG_1780.JPG,fresh,6.0,94.0,4,2025-09-19,0,7,/content/drive/MyDrive/spoilage_dataset/dataset_root/fresh/IMG_1780.JPG,0.7762973,0.22310793,0.0005908786,3.928105e-06,fresh
IMG_1781.JPG,fresh,6.0,94.0,4,2025-09-19,0,7,/content/drive/MyDrive/spoilage_dataset/dataset_root/fresh/IMG_1781.JPG,0.80100644,0.19759455,0.0013912756,7.697434e-06,fresh
IMG_1783.JPG,fresh,6.0,94.0,4,2025-09-19,0,7,/content/drive/MyDrive/spoilage_dataset/dataset_root/fresh/IMG_1783.JPG,0.8940333,0.10449776,0.0014603573,8.647052e-06,fresh
IMG_1784.JPG,fresh,6.0,94.0,4,2025-09-19,0,7,/content/drive/MyDrive/spoilage_dataset/dataset_root/fresh/IMG_1784.JPG,0.7841333,0.2141662,0.0016655372,3.4987097e-05,fresh
IMG_1788.JPG,fresh,6.0,94.0,4,2025-09-19,0,7,/content/drive/MyDrive/spoilage_dataset/dataset_root/fresh/IMG_1788.JPG,0.9589924,0.040514115,0.00048506135,8.3586065e-06,fresh
IMG_1789.JPG,fresh,6.0,94.0,4,2025-09-19,0,7,/content/drive/MyDrive/spoilage_dataset/dataset_root/fresh/IMG_1789.JPG,0.9959741,0.003990986,3.396762e-05,9.247437e-07,fresh
IMG_1790.JPG,fresh,6.0,94.0,4,2025-09-19,0,7,/content/drive/MyDrive/spoilage_dataset/dataset_root/fresh/IMG_1790.JPG,0.9886346,0.011292634,7.203665e-05,8.7475377e-07,fresh
IMG_1791.JPG,fresh,6.0,94.0,4,2025-09-19,0,7,/content/drive/MyDrive/spoilage_dataset/dataset_root/fresh/IMG_1791.JPG,0.9832055,0.016640026,0.00015240764,2.06642e-06,fresh
IMG_1792.JPG,fresh,6.0,94.0,4,2025-09-19,0,7,/content/drive/MyDrive/spoilage_dataset/dataset_root/fresh/IMG_1792.JPG,0.9916741,0.008214653,0.000109795634,1.4385408e-06,fresh
IMG_1796.JPG,fresh,6.0,94.0,4,2025-09-19,0,7,/content/drive/MyDrive/spoilage_dataset/dataset_root/fresh/IMG_1796.JPG,0.9932847,0.00027420052,0.004158849,0.002282171,fresh
IMG_1797.JPG,fresh,6.0,94.0,4,2025-09-19,0,7,/content/drive/MyDrive/spoilage_dataset/dataset_root/fresh/IMG_1797.JPG,0.9930809,0.00036242526,0.0043201954,0.0022365768,fresh
IMG_1798.JPG,fresh,7.0,93.0,5,2025-09-19,0,7,/content/drive/MyDrive/spoilage_dataset/dataset_root/fresh/IMG_1798.JPG,0.9918508,0.0002453122,0.007390362,0.000513566,fresh
IMG_1799.JPG,fresh,7.0,93.0,5,2025-09-19,0,7,/content/drive/MyDrive/spoilage_dataset/dataset_root/fresh/IMG_1799.JPG,0.98833025,0.00044055184,0.009481085,0.0017481578,fresh
IMG_1800.JPG,fresh,7.0,93.0,5,2025-09-19,0,7,/content/drive/MyDrive/spoilage_dataset/dataset_root/fresh/IMG_1800.JPG,0.99805814,6.050192e-05,0.0016640307,0.00021722805,fresh
IMG_1804.JPG,fresh,7.0,93.0,5,2025-09-19,0,7,/content/drive/MyDrive/spoilage_dataset/dataset_root/fresh/IMG_1804.JPG,0.99789584,5.295934e-05,0.000943001,0.0011082562,fresh
IMG_1805.JPG,fresh,7.0,93.0,5,2025-09-19,0,7,/content/drive/MyDrive/spoilage_dataset/dataset_root/fresh/IMG_1805.JPG,0.98737645,0.012396728,0.00022609871,6.9933185e-07,fresh
IMG_1806.JPG,fresh,7.0,93.0,5,2025-09-19,0,7,/content/drive/MyDrive/spoilage_dataset/dataset_root/fresh/IMG_1806.JPG,0.999448,0.00053576875,1.6095773e-05,1.6111251e-07,fresh
IMG_1807.JPG,fresh,7.0,93.0,5,2025-09-19,0,7,/content/drive/MyDrive/spoilage_dataset/dataset_root/fresh/IMG_1807.JPG,0.99947625,0.0005106178,1.3108998e-05,5.0641923e-08,fresh
IMG_1809.JPG,fresh,7.0,93.0,5,2025-09-19,0,7,/content/drive/MyDrive/spoilage_dataset/dataset_root/fresh/IMG_1809.JPG,0.99994564,1.1079852e-05,4.247811e-05,8.4410243e-07,fresh
IMG_1811.JPG,fresh,7.0,93.0,5,2025-09-19,0,7,/content/drive/MyDrive/spoilage_dataset/dataset_root/fresh/IMG_1811.JPG,0.9998685,6.8037065e-05,6.3319014e-05,8.211717e-08,fresh
IMG_1813.JPG,fresh,7.0,93.0,5,2025-09-19,0,7,/content/drive/MyDrive/spoilage_dataset/dataset_root/fresh/IMG_1813.JPG,0.9992107,0.0005138281,0.00027508984,3.0159606e-07,fresh
IMG_1814.JPG,fresh,7.0,93.0,5,2025-09-19,0,7,/content/drive/MyDrive/spoilage_dataset/dataset_root/fresh/IMG_1814.JPG,0.99523664,0.0035455404,0.0012173356,5.008331e-07,fresh
IMG_1815.JPG,fresh,7.0,93.0,5,2025-09-19,0,7,/content/drive/MyDrive/spoilage_dataset/dataset_root/fresh/IMG_1815.JPG,0.9942673,0.0038510344,0.0018813477,3.4174445e-07,fresh
IMG_1816.JPG,fresh,7.0,93.0,5,2025-09-19,0,7,/content/drive/MyDrive/spoilage_dataset/dataset_root/fresh/IMG_1816.JPG,0.99766374,0.0016292998,0.00070684653,1.6843651e-07,fresh
IMG_1820.JPG,fresh,7.0,93.0,5,2025-09-19,0,7,/content/drive/MyDrive/spoilage_dataset/dataset_root/fresh/IMG_1820.JPG,0.996314,0.0033192034,0.00036310498,3.7087866e-06,fresh
IMG_1821.JPG,fresh,7.0,93.0,5,2025-09-19,0,7,/content/drive/MyDrive/spoilage_dataset/dataset_root/fresh/IMG_1821.JPG,0.99605954,0.0031435678,0.00079286634,4.2029633e-06,fresh
IMG_1822.JPG,fresh,7.0,93.0,5,2025-09-19,0,7,/content/drive/MyDrive/spoilage_dataset/dataset_root/fresh/IMG_1822.JPG,0.9964579,0.0028076258,0.0007285348,5.9117356e-06,fresh
IMG_1823.JPG,fresh,7.0,93.0,5,2025-09-19,0,7,/content/drive/MyDrive/spoilage_dataset/dataset_root/fresh/IMG_1823.JPG,0.99372226,0.0053392514,0.00092861557,9.833385e-06,fresh
IMG_1824.JPG,fresh,7.0,93.0,5,2025-09-19,0,7,/content/drive/MyDrive/spoilage_dataset/dataset_root/fresh/IMG_1824.JPG,0.9969289,0.0022675088,0.00079201255,1.1588881e-05,fresh
IMG_1828.JPG,fresh,7.0,93.0,5,2025-09-19,0,7,/content/drive/MyDrive/spoilage_dataset/dataset_root/fresh/IMG_1828.JPG,0.99803525,0.0014741495,0.00048929243,1.3563844e-06,fresh
IMG_1829.JPG,fresh,7.0,93.0,5,2025-09-19,0,7,/content/drive/MyDrive/spoilage_dataset/dataset_root/fresh/IMG_1829.JPG,0.96995866,0.022214817,0.0077929148,3.3633907e-05,fresh
IMG_1830.JPG,fresh,7.0,93.0,5,2025-09-19,0,7,/content/drive/MyDrive/spoilage_dataset/dataset_root/fresh/IMG_1830.JPG,0.8064251,0.07606232,0.11730135,0.00021121454,fresh
IMG_1831.JPG,fresh,7.0,93.0,5,2025-09-19,0,7,/content/drive/MyDrive/spoilage_dataset/dataset_root/fresh/IMG_1831.JPG,0.73409504,0.10517392,0.16043139,0.00029976177,fresh
IMG_1832.JPG,fresh,7.0,93.0,5,2025-09-19,0,7,/content/drive/MyDrive/spoilage_dataset/dataset_root/fresh/IMG_1832.JPG,0.49423906,0.12122142,0.38361743,0.000922041,fresh
IMG_1836.JPG,fresh,7.0,93.0,5,2025-09-19,0,7,/content/drive/MyDrive/spoilage_dataset/dataset_root/fresh/IMG_1836.JPG,0.7343623,0.13993259,0.1254553,0.00024972088,fresh
IMG_1837.JPG,fresh,7.0,93.0,5,2025-09-19,0,7,/content/drive/MyDrive/spoilage_dataset/dataset_root/fresh/IMG_1837.JPG,0.8578,0.049189854,0.09281095,0.00019915024,fresh
IMG_1838.JPG,fresh,7.0,93.0,5,2025-09-19,0,7,/content/drive/MyDrive/spoilage_dataset/dataset_root/fresh/IMG_1838.JPG,0.5424783,0.20225278,0.25513992,0.00012891878,fresh
IMG_1839.JPG,fresh,7.0,93.0,5,2025-09-19,0,7,/content/drive/MyDrive/spoilage_dataset/dataset_root/fresh/IMG_1839.JPG,0.7232841,0.112112686,0.16442586,0.00017734012,fresh
IMG_1840.JPG,fresh,7.0,93.0,5,2025-09-19,0,7,/content/drive/MyDrive/spoilage_dataset/dataset_root/fresh/IMG_1840.JPG,0.5220418,0.30417952,0.17337468,0.0004039221,fresh
IMG_1844.JPG,fresh,7.0,93.0,5,2025-09-19,0,7,/content/drive/MyDrive/spoilage_dataset/dataset_root/fresh/IMG_1844.JPG,0.66039205,0.07181439,0.2676317,0.0001618404,fresh
IMG_1845.JPG,fresh,7.0,93.0,5,2025-09-19,0,7,/content/drive/MyDrive/spoilage_dataset/dataset_root/fresh/IMG_1845.JPG,0.80574137,0.08767978,0.1062992,0.00027958566,fresh
IMG_1846.JPG,fresh,7.0,93.0,5,2025-09-19,0,7,/content/drive/MyDrive/spoilage_dataset/dataset_root/fresh/IMG_1846.JPG,0.8117822,0.08659364,0.10150052,0.0001236121,fresh
IMG_1848.JPG,fresh,7.0,93.0,5,2025-09-19,0,7,/content/drive/MyDrive/spoilage_dataset/dataset_root/fresh/IMG_1848.JPG,0.68969685,0.20395608,0.10614942,0.00019774196,fresh
IMG_1849.JPG,fresh,7.0,93.0,5,2025-09-19,0,7,/content/drive/MyDrive/spoilage_dataset/dataset_root/fresh/IMG_1849.JPG,0.16732492,0.51327914,0.31896943,0.0004265079,slightly_aged
IMG_1852.JPG,fresh,7.0,93.0,5,2025-09-19,0,7,/content/drive/MyDrive/spoilage_dataset/dataset_root/fresh/IMG_1852.JPG,0.9999411,9.971953e-07,5.5980236e-05,1.8822831e-06,fresh
IMG_1853.JPG,fresh,7.0,93.0,5,2025-09-19,0,7,/content/drive/MyDrive/spoilage_dataset/dataset_root/fresh/IMG_1853.JPG,0.9997335,7.0712745e-06,0.0002558912,3.5384824e-06,fresh
IMG_1854.JPG,fresh,7.0,93.0,5,2025-09-19,0,7,/content/drive/MyDrive/spoilage_dataset/dataset_root/fresh/IMG_1854.JPG,0.9995639,7.1613663e-06,0.00041776345,1.1187928e-05,fresh
IMG_1855.JPG,fresh,7.0,93.0,5,2025-09-19,0,7,/content/drive/MyDrive/spoilage_dataset/dataset_root/fresh/IMG_1855.JPG,0.9994042,4.8698053e-05,0.00052651006,2.0606292e-05,fresh
IMG_1856.JPG,fresh,7.0,93.0,5,2025-09-19,0,7,/content/drive/MyDrive/spoilage_dataset/dataset_root/fresh/IMG_1856.JPG,0.99948114,2.0438792e-05,0.00045674492,4.1733838e-05,fresh
IMG_1860.JPG,fresh,7.0,93.0,5,2025-09-19,0,7,/content/drive/MyDrive/spoilage_dataset/dataset_root/fresh/IMG_1860.JPG,0.99993193,8.893263e-07,6.5399385e-05,1.7430739e-06,fresh
IMG_1861.JPG,fresh,7.0,93.0,5,2025-09-19,0,7,/content/drive/MyDrive/spoilage_dataset/dataset_root/fresh/IMG_1861.JPG,0.9999293,6.746947e-07,6.797194e-05,1.9887996e-06,fresh
IMG_1862.JPG,fresh,7.0,93.0,5,2025-09-19,0,7,/content/drive/MyDrive/spoilage_dataset/dataset_root/fresh/IMG_1862.JPG,0.9998286,1.3496764e-06,0.00016094325,9.162022e-06,fresh
IMG_1863.JPG,fresh,7.0,93.0,5,2025-09-19,0,7,/content/drive/MyDrive/spoilage_dataset/dataset_root/fresh/IMG_1863.JPG,0.99993145,9.955045e-06,5.7985886e-05,5.7857727e-07,fresh
IMG_1864.JPG,fresh,7.0,93.0,5,2025-09-19,0,7,/content/drive/MyDrive/spoilage_dataset/dataset_root/fresh/IMG_1864.JPG,0.99998784,1.5124988e-06,1.0476128e-05,1.5563988e-07,fresh
IMG_1868.JPG,fresh,7.0,93.0,5,2025-09-19,0,7,/content/drive/MyDrive/spoilage_dataset/dataset_root/fresh/IMG_1868.JPG,0.999734,0.00021164326,5.217956e-05,2.1907279e-06,fresh
IMG_1869.JPG,fresh,7.0,93.0,5,2025-09-19,0,7,/content/drive/MyDrive/spoilage_dataset/dataset_root/fresh/IMG_1869.JPG,0.9999162,2.0765236e-05,6.25506e-05,4.7807185e-07,fresh
IMG_1870.JPG,fresh,7.0,93.0,5,2025-09-19,0,7,/content/drive/MyDrive/spoilage_dataset/dataset_root/fresh/IMG_1870.JPG,0.9984505,0.0011791282,0.0003679401,2.4223675e-06,fresh
IMG_1871.JPG,fresh,7.0,93.0,5,2025-09-19,0,7,/content/drive/MyDrive/spoilage_dataset/dataset_root/fresh/IMG_1871.JPG,0.99992716,2.8522102e-06,6.976044e-05,2.7851226e-07,fresh
IMG_1872.JPG,fresh,7.0,93.0,5,2025-09-19,0,7,/content/drive/MyDrive/spoilage_dataset/dataset_root/fresh/IMG_1872.JPG,0.9997869,1.0487727e-05,0.00020179074,8.752338e-07,fresh
IMG_1876.JPG,fresh,7.0,93.0,5,2025-09-19,0,7,/content/drive/MyDrive/spoilage_dataset/dataset_root/fresh/IMG_1876.JPG,0.99992657,1.923632e-05,5.3696596e-05,5.686275e-07,fresh
IMG_1877.JPG,fresh,7.0,93.0,5,2025-09-19,0,7,/content/drive/MyDrive/spoilage_dataset/dataset_root/fresh/IMG_1877.JPG,0.9999423,5.073802e-06,5.0988827e-05,1.551696e-06,fresh
IMG_1878.JPG,fresh,7.0,93.0,5,2025-09-19,0,7,/content/drive/MyDrive/spoilage_dataset/dataset_root/fresh/IMG_1878.JPG,0.99998343,3.1679485e-06,1.297028e-05,4.119848e-07,fresh
IMG_1879.JPG,fresh,7.0,93.0,5,2025-09-19,0,7,/content/drive/MyDrive/spoilage_dataset/dataset_root/fresh/IMG_1879.JPG,0.99996436,6.7622227e-06,2.8568122e-05,2.6971279e-07,fresh
IMG_1884.JPG,fresh,7.0,93.0,5,2025-09-19,0,7,/content/drive/MyDrive/spoilage_dataset/dataset_root/fresh/IMG_1884.JPG,0.9997569,5.9833797e-05,0.00018251437,8.3357804e-07,fresh
IMG_1885.JPG,fresh,7.0,93.0,5,2025-09-19,0,7,/content/drive/MyDrive/spoilage_dataset/dataset_root/fresh/IMG_1885.JPG,0.9999347,3.288152e-05,3.13106e-05,1.0223313e-06,fresh
IMG_1886.JPG,fresh,7.0,93.0,5,2025-09-19,0,7,/content/drive/MyDrive/spoilage_dataset/dataset_root/fresh/IMG_1886.JPG,0.6867728,0.03543877,0.2776422,0.00014624404,fresh
IMG_1887.JPG,fresh,7.0,93.0,5,2025-09-19,0,7,/content/drive/MyDrive/spoilage_dataset/dataset_root/fresh/IMG_1887.JPG,0.7285055,0.026266525,0.245177,5.107689e-05,fresh
IMG_1892.JPG,fresh,7.0,93.0,5,2025-09-19,0,7,/content/drive/MyDrive/spoilage_dataset/dataset_root/fresh/IMG_1892.JPG,0.70376503,0.04674126,0.24944912,4.4576576e-05,fresh
IMG_1893.JPG,fresh,7.0,93.0,5,2025-09-19,0,7,/content/drive/MyDrive/spoilage_dataset/dataset_root/fresh/IMG_1893.JPG,0.4635157,0.14041236,0.39599526,7.664612e-05,fresh
IMG_1894.JPG,fresh,7.0,93.0,5,2025-09-19,0,7,/content/drive/MyDrive/spoilage_dataset/dataset_root/fresh/IMG_1894.JPG,0.7497705,0.0028718994,0.24685273,0.00050493394,fresh
IMG_1895.JPG,fresh,7.0,93.0,5,2025-09-19,0,7,/content/drive/MyDrive/spoilage_dataset/dataset_root/fresh/IMG_1895.JPG,0.9999478,1.6169764e-05,3.5665013e-05,3.4423852e-07,fresh
IMG_1900.JPG,fresh,7.0,93.0,5,2025-09-19,0,7,/content/drive/MyDrive/spoilage_dataset/dataset_root/fresh/IMG_1900.JPG,0.9999285,2.0530877e-06,6.779541e-05,1.650697e-06,fresh
IMG_1901.JPG,fresh,7.0,93.0,5,2025-09-19,0,7,/content/drive/MyDrive/spoilage_dataset/dataset_root/fresh/IMG_1901.JPG,0.99996996,4.5664156e-06,2.5542953e-05,3.30112e-08,fresh
IMG_1902.JPG,fresh,7.0,93.0,5,2025-09-19,0,7,/content/drive/MyDrive/spoilage_dataset/dataset_root/fresh/IMG_1902.JPG,0.99294233,0.0018111868,0.005223409,2.303332e-05,fresh
IMG_1903.JPG,fresh,7.0,93.0,5,2025-09-19,0,7,/content/drive/MyDrive/spoilage_dataset/dataset_root/fresh/IMG_1903.JPG,0.9994281,0.00028558073,0.0002858862,3.4147624e-07,fresh
IMG_1908.JPG,fresh,7.0,93.0,5,2025-09-19,0,7,/content/drive/MyDrive/spoilage_dataset/dataset_root/fresh/IMG_1908.JPG,0.99872655,0.0008612989,0.00041162144,5.8938906e-07,fresh
IMG_1909.JPG,fresh,7.0,93.0,5,2025-09-19,0,7,/content/drive/MyDrive/spoilage_dataset/dataset_root/fresh/IMG_1909.JPG,0.99912804,0.00019962947,0.0006719996,3.8248268e-07,fresh
IMG_1910.JPG,fresh,7.0,93.0,5,2025-09-19,0,7,/content/drive/MyDrive/spoilage_dataset/dataset_root/fresh/IMG_1910.JPG,0.9996182,0.00010631293,0.0002750383,4.3842124e-07,fresh
IMG_1911.JPG,fresh,7.0,93.0,5,2025-09-19,0,7,/content/drive/MyDrive/spoilage_dataset/dataset_root/fresh/IMG_1911.JPG,0.999589,0.00017949718,0.00023118538,3.537598e-07,fresh
IMG_1916.JPG,fresh,7.0,93.0,5,2025-09-19,0,7,/content/drive/MyDrive/spoilage_dataset/dataset_root/fresh/IMG_1916.JPG,0.99996924,8.777371e-06,2.1580154e-05,3.765322e-07,fresh
IMG_1917.JPG,fresh,7.0,93.0,5,2025-09-19,0,7,/content/drive/MyDrive/spoilage_dataset/dataset_root/fresh/IMG_1917.JPG,0.99997497,9.022435e-06,1.5802809e-05,1.1961917e-07,fresh
IMG_1918.JPG,fresh,7.0,93.0,5,2025-09-19,0,7,/content/drive/MyDrive/spoilage_dataset/dataset_root/fresh/IMG_1918.JPG,0.9998597,5.3381405e-05,8.667888e-05,2.3126837e-07,fresh
IMG_1924.JPG,fresh,7.0,93.0,5,2025-09-19,0,7,/content/drive/MyDrive/spoilage_dataset/dataset_root/fresh/IMG_1924.JPG,0.9998036,1.9667406e-05,0.00017650517,2.9775873e-07,fresh
IMG_1925.JPG,fresh,7.0,93.0,5,2025-09-19,0,7,/content/drive/MyDrive/spoilage_dataset/dataset_root/fresh/IMG_1925.JPG,0.99990785,3.1288295e-05,6.0699258e-05,2.3043299e-07,fresh
IMG_1926.JPG,fresh,7.0,93.0,5,2025-09-19,0,7,/content/drive/MyDrive/spoilage_dataset/dataset_root/fresh/IMG_1926.JPG,0.99994445,1.8000894e-05,3.7177015e-05,3.2489825e-07,fresh
IMG_1927.JPG,fresh,7.0,93.0,5,2025-09-19,0,7,/content/drive/MyDrive/spoilage_dataset/dataset_root/fresh/IMG_1927.JPG,0.9996697,7.261599e-05,0.0002564761,1.2746315e-06,fresh
IMG_1932.JPG,fresh,7.0,93.0,5,2025-09-19,0,7,/content/drive/MyDrive/spoilage_dataset/dataset_root/fresh/IMG_1932.JPG,0.99991786,1.5377129e-05,6.6700864e-05,3.3160234e-08,fresh
IMG_1933.JPG,fresh,7.0,93.0,5,2025-09-19,0,7,/content/drive/MyDrive/spoilage_dataset/dataset_root/fresh/IMG_1933.JPG,0.9993376,0.00013990929,0.0005220886,4.951983e-07,fresh
IMG_1934.JPG,fresh,7.0,93.0,5,2025-09-19,0,7,/content/drive/MyDrive/spoilage_dataset/dataset_root/fresh/IMG_1934.JPG,0.9994004,0.00025621636,0.00034296117,3.3946014e-07,fresh
IMG_1935.JPG,fresh,7.0,93.0,5,2025-09-19,0,7,/content/drive/MyDrive/spoilage_dataset/dataset_root/fresh/IMG_1935.JPG,0.9994981,0.00015024087,0.00035141688,2.6596058e-07,fresh
IMG_1940.JPG,fresh,7.0,93.0,5,2025-09-19,0,7,/content/drive/MyDrive/spoilage_dataset/dataset_root/fresh/IMG_1940.JPG,0.99987066,6.314133e-05,6.602447e-05,6.448465e-08,fresh
IMG_1942.JPG,fresh,7.0,93.0,5,2025-09-19,0,7,/content/drive/MyDrive/spoilage_dataset/dataset_root/fresh/IMG_1942.JPG,0.99962056,3.2622724e-05,0.00034657976,2.2964927e-07,fresh
IMG_1943.JPG,fresh,7.0,93.0,5,2025-09-19,0,7,/content/drive/MyDrive/spoilage_dataset/dataset_root/fresh/IMG_1943.JPG,0.9999788,2.6773578e-06,1.8493953e-05,9.604368e-08,fresh
IMG_1944.JPG,fresh,7.0,93.0,5,2025-09-19,0,7,/content/drive/MyDrive/spoilage_dataset/dataset_root/fresh/IMG_1944.JPG,0.99960285,0.00017298093,0.0002240624,1.5498065e-07,fresh
IMG_1946.JPG,fresh,7.0,93.0,5,2025-09-19,0,7,/content/drive/MyDrive/spoilage_dataset/dataset_root/fresh/IMG_1946.JPG,0.9999833,3.070631e-09,1.6572889e-05,1.2949552e-07,fresh
IMG_1947.JPG,fresh,7.0,93.0,5,2025-09-19,0,7,/content/drive/MyDrive/spoilage_dataset/dataset_root/fresh/IMG_1947.JPG,0.99995935,5.9552416e-09,4.0502386e-05,1.6555651e-07,fresh
IMG_1948.JPG,fresh,7.0,93.0,5,2025-09-19,0,7,/content/drive/MyDrive/spoilage_dataset/dataset_root/fresh/IMG_1948.JPG,0.99996316,1.2045112e-09,3.6047553e-05,8.1306337e-07,fresh
IMG_1949.JPG,fresh,7.0,93.0,5,2025-09-19,0,7,/content/drive/MyDrive/spoilage_dataset/dataset_root/fresh/IMG_1949.JPG,0.9999764,1.3363681e-09,2.3523324e-05,1.204549e-07,fresh
IMG_1950.JPG,fresh,7.0,93.0,5,2025-09-19,0,7,/content/drive/MyDrive/spoilage_dataset/dataset_root/fresh/IMG_1950.JPG,0.9999896,1.8157365e-09,9.13501e-06,1.1555e-06,fresh
IMG_1951.JPG,fresh,7.0,93.0,5,2025-09-19,0,7,/content/drive/MyDrive/spoilage_dataset/dataset_root/fresh/IMG_1951.JPG,0.9999771,2.1797126e-09,2.2763017e-05,1.4442914e-07,fresh
IMG_1952.JPG,fresh,7.0,93.0,5,2025-09-19,0,7,/content/drive/MyDrive/spoilage_dataset/dataset_root/fresh/IMG_1952.JPG,0.9999863,6.017655e-09,1.3739973e-05,5.8400726e-08,fresh
IMG_1953.JPG,fresh,7.0,93.0,5,2025-09-19,0,7,/content/drive/MyDrive/spoilage_dataset/dataset_root/fresh/IMG_1953.JPG,0.9999875,5.7829663e-10,1.1629692e-05,8.0140705e-07,fresh
IMG_1954.JPG,fresh,7.0,93.0,5,2025-09-19,0,7,/content/drive/MyDrive/spoilage_dataset/dataset_root/fresh/IMG_1954.JPG,0.9999889,7.9656735e-09,1.1023143e-05,9.452298e-08,fresh
IMG_1955.JPG,fresh,7.0,93.0,5,2025-09-19,0,7,/content/drive/MyDrive/spoilage_dataset/dataset_root/fresh/IMG_1955.JPG,0.999915,4.5024753e-09,8.424658e-05,7.026529e-07,fresh
IMG_1956.JPG,fresh,7.0,93.0,5,2025-09-19,0,7,/content/drive/MyDrive/spoilage_dataset/dataset_root/fresh/IMG_1956.JPG,0.99977213,2.194206e-09,0.00022762205,2.4846497e-07,fresh
IMG_1957.JPG,fresh,7.0,93.0,5,2025-09-19,0,7,/content/drive/MyDrive/spoilage_dataset/dataset_root/fresh/IMG_1957.JPG,0.9997558,6.477526e-09,0.00024346886,7.444639e-07,fresh
IMG_1958.JPG,fresh,7.0,93.0,5,2025-09-19,0,7,/content/drive/MyDrive/spoilage_dataset/dataset_root/fresh/IMG_1958.JPG,0.9996275,1.5479644e-07,0.0003693456,3.0839e-06,fresh
IMG_1959.JPG,fresh,7.0,93.0,5,2025-09-19,0,7,/content/drive/MyDrive/spoilage_dataset/dataset_root/fresh/IMG_1959.JPG,0.9999819,5.195533e-08,1.7708018e-05,3.580541e-07,fresh
IMG_1960.JPG,fresh,7.0,93.0,5,2025-09-19,0,7,/content/drive/MyDrive/spoilage_dataset/dataset_root/fresh/IMG_1960.JPG,0.9999765,2.4074907e-08,2.3150262e-05,3.2832347e-07,fresh
IMG_1961.JPG,fresh,7.0,93.0,5,2025-09-19,0,7,/content/drive/MyDrive/spoilage_dataset/dataset_root/fresh/IMG_1961.JPG,0.9999926,5.4775757e-08,7.136343e-06,2.7308434e-07,fresh
IMG_1962.JPG,fresh,7.0,93.0,5,2025-09-19,0,7,/content/drive/MyDrive/spoilage_dataset/dataset_root/fresh/IMG_1962.JPG,0.9999906,1.6451557e-08,9.206779e-06,2.17059e-07,fresh
IMG_1963.JPG,fresh,7.0,93.0,5,2025-09-19,0,7,/content/drive/MyDrive/spoilage_dataset/dataset_root/fresh/IMG_1963.JPG,0.99998593,1.3777487e-08,1.404891e-05,3.890348e-08,fresh
IMG_1964.JPG,fresh,7.0,93.0,5,2025-09-19,0,7,/content/drive/MyDrive/spoilage_dataset/dataset_root/fresh/IMG_1964.JPG,0.9995931,1.1146123e-07,0.0004023351,4.526197e-06,fresh
IMG_1965.JPG,fresh,7.0,93.0,5,2025-09-19,0,7,/content/drive/MyDrive/spoilage_dataset/dataset_root/fresh/IMG_1965.JPG,0.99999225,1.5708753e-08,7.141889e-06,5.843308e-07,fresh
IMG_1966.JPG,fresh,7.0,93.0,5,2025-09-19,0,7,/content/drive/MyDrive/spoilage_dataset/dataset_root/fresh/IMG_1966.JPG,0.99998116,3.4435654e-08,1.8581242e-05,2.6315092e-07,fresh
IMG_1967.JPG,fresh,7.0,93.0,5,2025-09-19,0,7,/content/drive/MyDrive/spoilage_dataset/dataset_root/fresh/IMG_1967.JPG,0.99997485,2.7790241e-08,2.4735182e-05,4.2237536e-07,fresh
IMG_1968.JPG,fresh,7.0,93.0,5,2025-09-19,0,7,/content/drive/MyDrive/spoilage_dataset/dataset_root/fresh/IMG_1968.JPG,0.99998903,5.4861403e-08,1.082313e-05,1.607648e-07,fresh
IMG_1969.JPG,fresh,7.0,93.0,5,2025-09-19,0,7,/content/drive/MyDrive/spoilage_dataset/dataset_root/fresh/IMG_1969.JPG,0.9999465,4.9529077e-05,3.902066e-06,2.1662435e-08,fresh
IMG_1970.JPG,fresh,7.0,93.0,5,2025-09-19,0,7,/content/drive/MyDrive/spoilage_dataset/dataset_root/fresh/IMG_1970.JPG,0.9995931,0.0003806665,2.5453435e-05,7.358027e-07,fresh
IMG_1971.JPG,fresh,7.0,93.0,5,2025-09-19,0,7,/content/drive/MyDrive/spoilage_dataset/dataset_root/fresh/IMG_1971.JPG,0.9999615,7.621316e-06,3.089988e-05,1.778521e-08,fresh
IMG_1972.JPG,fresh,7.0,93.0,5,2025-09-19,0,7,/content/drive/MyDrive/spoilage_dataset/dataset_root/fresh/IMG_1972.JPG,0.9998704,9.026031e-05,3.9346993e-05,4.224523e-08,fresh
IMG_1975.JPG,fresh,7.0,93.0,5,2025-09-19,0,7,/content/drive/MyDrive/spoilage_dataset/dataset_root/fresh/IMG_1975.JPG,0.99990106,1.7495326e-05,8.11405e-05,2.7757216e-07,fresh
IMG_1976.JPG,fresh,7.0,93.0,5,2025-09-19,0,7,/content/drive/MyDrive/spoilage_dataset/dataset_root/fresh/IMG_1976.JPG,0.99990857,2.5089064e-05,6.624584e-05,1.5347933e-07,fresh
IMG_1977.JPG,fresh,7.0,93.0,5,2025-09-19,0,7,/content/drive/MyDrive/spoilage_dataset/dataset_root/fresh/IMG_1977.JPG,0.9999738,5.44286e-06,2.0586129e-05,1.0214877e-07,fresh
IMG_1978.JPG,fresh,7.0,93.0,5,2025-09-19,0,7,/content/drive/MyDrive/spoilage_dataset/dataset_root/fresh/IMG_1978.JPG,0.99997926,1.1287895e-05,9.469721e-06,5.4517685e-08,fresh
IMG_1979.JPG,fresh,7.0,93.0,5,2025-09-19,0,7,/content/drive/MyDrive/spoilage_dataset/dataset_root/fresh/IMG_1979.JPG,0.9999777,4.5638253e-06,1.7716322e-05,4.2693603e-08,fresh
IMG_1980.JPG,fresh,7.0,93.0,5,2025-09-19,0,7,/content/drive/MyDrive/spoilage_dataset/dataset_root/fresh/IMG_1980.JPG,0.99997723,5.8181286e-06,1.69132e-05,4.3041073e-08,fresh
IMG_1981.JPG,fresh,7.0,93.0,5,2025-09-19,0,7,/content/drive/MyDrive/spoilage_dataset/dataset_root/fresh/IMG_1981.JPG,0.9998565,6.918577e-06,0.0001364377,8.0311025e-08,fresh
IMG_1982.JPG,fresh,7.0,93.0,5,2025-09-19,0,7,/content/drive/MyDrive/spoilage_dataset/dataset_root/fresh/IMG_1982.JPG,0.9999316,1.4628142e-05,5.3641943e-05,1.4032452e-07,fresh
IMG_1983.JPG,fresh,7.0,93.0,5,2025-09-19,0,7,/content/drive/MyDrive/spoilage_dataset/dataset_root/fresh/IMG_1983.JPG,0.9998373,9.56631e-06,0.00015293388,2.665509e-07,fresh
IMG_1984.JPG,fresh,7.0,93.0,5,2025-09-19,0,7,/content/drive/MyDrive/spoilage_dataset/dataset_root/fresh/IMG_1984.JPG,0.999902,1.14066825e-05,8.628362e-05,2.0257785e-07,fresh
IMG_1985.JPG,fresh,7.0,93.0,5,2025-09-19,0,7,/content/drive/MyDrive/spoilage_dataset/dataset_root/fresh/IMG_1985.JPG,0.99998283,8.236379e-07,1.6171518e-05,1.0441246e-07,fresh
IMG_1986.JPG,fresh,7.0,93.0,5,2025-09-19,0,7,/content/drive/MyDrive/spoilage_dataset/dataset_root/fresh/IMG_1986.JPG,0.99999964,5.01301e-09,3.5098765e-07,9.687183e-10,fresh
IMG_1987.JPG,fresh,7.0,93.0,5,2025-09-19,0,7,/content/drive/MyDrive/spoilage_dataset/dataset_root/fresh/IMG_1987.JPG,0.99999905,2.811246e-07,7.124628e-07,1.4861784e-09,fresh
IMG_1988.JPG,fresh,7.0,93.0,5,2025-09-19,0,7,/content/drive/MyDrive/spoilage_dataset/dataset_root/fresh/IMG_1988.JPG,0.9999949,1.4127627e-06,3.6702472e-06,2.2477446e-08,fresh
IMG_1989.JPG,fresh,7.0,93.0,5,2025-09-19,0,7,/content/drive/MyDrive/spoilage_dataset/dataset_root/fresh/IMG_1989.JPG,0.9999976,4.036796e-07,1.976124e-06,3.2235764e-08,fresh
IMG_1990.JPG,fresh,7.0,93.0,5,2025-09-19,0,7,/content/drive/MyDrive/spoilage_dataset/dataset_root/fresh/IMG_1990.JPG,0.99999666,5.9069714e-07,2.6909293e-06,1.0539608e-08,fresh
IMG_1991.JPG,fresh,7.0,93.0,6,2025-09-19,0,7,/content/drive/MyDrive/spoilage_dataset/dataset_root/fresh/IMG_1991.JPG,0.99999285,1.6545781e-06,5.385881e-06,6.966924e-08,fresh
IMG_1992.JPG,fresh,7.0,93.0,6,2025-09-19,0,7,/content/drive/MyDrive/spoilage_dataset/dataset_root/fresh/IMG_1992.JPG,0.999997,2.3601153e-07,2.7656997e-06,2.3701965e-08,fresh
IMG_1993.JPG,fresh,7.0,93.0,6,2025-09-19,0,7,/content/drive/MyDrive/spoilage_dataset/dataset_root/fresh/IMG_1993.JPG,0.99999607,2.873264e-07,3.7317918e-06,1.0999345e-08,fresh
IMG_1994.JPG,fresh,7.0,93.0,6,2025-09-19,0,7,/content/drive/MyDrive/spoilage_dataset/dataset_root/fresh/IMG_1994.JPG,0.99999225,5.6714356e-07,7.096888e-06,2.0650502e-08,fresh
IMG_1995.JPG,fresh,7.0,93.0,6,2025-09-19,0,7,/content/drive/MyDrive/spoilage_dataset/dataset_root/fresh/IMG_1995.JPG,0.99999464,1.7405011e-07,5.2830333e-06,1.9490559e-08,fresh
IMG_1996.JPG,fresh,7.0,93.0,6,2025-09-19,0,7,/content/drive/MyDrive/spoilage_dataset/dataset_root/fresh/IMG_1996.JPG,0.9999962,6.1402966e-07,3.1977906e-06,2.227182e-08,fresh
IMG_1997.JPG,fresh,7.0,93.0,6,2025-09-19,0,7,/content/drive/MyDrive/spoilage_dataset/dataset_root/fresh/IMG_1997.JPG,0.9999974,3.324021e-07,2.210951e-06,2.8791676e-09,fresh
IMG_1998.JPG,fresh,7.0,93.0,6,2025-09-19,0,7,/content/drive/MyDrive/spoilage_dataset/dataset_root/fresh/IMG_1998.JPG,0.9999988,5.892207e-08,1.1732047e-06,1.2212895e-09,fresh
IMG_1999.JPG,fresh,7.0,93.0,6,2025-09-19,0,7,/content/drive/MyDrive/spoilage_dataset/dataset_root/fresh/IMG_1999.JPG,0.9999521,4.3093982e-07,4.7152655e-05,2.5093672e-07,fresh
IMG_2001.JPG,fresh,7.0,93.0,6,2025-09-19,0,7,/content/drive/MyDrive/spoilage_dataset/dataset_root/fresh/IMG_2001.JPG,0.99875605,1.0070362e-05,0.0012330984,6.8251046e-07,fresh
IMG_2002.JPG,fresh,7.0,93.0,6,2025-09-19,0,7,/content/drive/MyDrive/spoilage_dataset/dataset_root/fresh/IMG_2002.JPG,0.998591,5.274383e-05,0.0013497496,6.5943086e-06,fresh
IMG_2003.JPG,fresh,7.0,93.0,6,2025-09-19,0,7,/content/drive/MyDrive/spoilage_dataset/dataset_root/fresh/IMG_2003.JPG,0.999816,1.3947309e-06,0.0001825767,2.7547204e-08,fresh
IMG_2004.JPG,fresh,7.0,93.0,6,2025-09-19,0,7,/content/drive/MyDrive/spoilage_dataset/dataset_root/fresh/IMG_2004.JPG,0.99905187,4.212166e-06,0.0009434602,4.717053e-07,fresh
IMG_2005.JPG,fresh,7.0,93.0,6,2025-09-19,0,7,/content/drive/MyDrive/spoilage_dataset/dataset_root/fresh/IMG_2005.JPG,0.9989588,3.5626035e-05,0.0010053177,2.0124601e-07,fresh
IMG_2006.JPG,fresh,7.0,93.0,6,2025-09-19,0,7,/content/drive/MyDrive/spoilage_dataset/dataset_root/fresh/IMG_2006.JPG,0.9595624,0.00019106337,0.040238976,7.5134794e-06,fresh
IMG_2007.JPG,fresh,7.0,93.0,6,2025-09-19,0,7,/content/drive/MyDrive/spoilage_dataset/dataset_root/fresh/IMG_2007.JPG,0.99900514,0.0002020545,0.00079272065,1.6735873e-07,fresh
IMG_2008.JPG,fresh,7.0,93.0,6,2025-09-19,0,7,/content/drive/MyDrive/spoilage_dataset/dataset_root/fresh/IMG_2008.JPG,0.99600106,0.00021406605,0.0037838563,9.1136195e-07,fresh
IMG_2009.JPG,fresh,7.0,93.0,6,2025-09-19,0,7,/content/drive/MyDrive/spoilage_dataset/dataset_root/fresh/IMG_2009.JPG,0.9943674,0.0003470289,0.005283065,2.3201699e-06,fresh
IMG_2010.JPG,fresh,7.0,93.0,6,2025-09-19,0,7,/content/drive/MyDrive/spoilage_dataset/dataset_root/fresh/IMG_2010.JPG,0.999962,4.932708e-06,3.2966876e-05,1.299687e-07,fresh
IMG_2011.JPG,fresh,7.0,93.0,6,2025-09-19,0,7,/content/drive/MyDrive/spoilage_dataset/dataset_root/fresh/IMG_2011.JPG,0.9982022,0.00033748779,0.0014596392,6.755371e-07,fresh
IMG_2012.JPG,fresh,7.0,93.0,6,2025-09-19,0,7,/content/drive/MyDrive/spoilage_dataset/dataset_root/fresh/IMG_2012.JPG,0.99997497,3.06189e-06,2.175831e-05,6.527697e-08,fresh
IMG_2013.JPG,fresh,7.0,93.0,6,2025-09-19,0,7,/content/drive/MyDrive/spoilage_dataset/dataset_root/fresh/IMG_2013.JPG,0.9997063,2.8431732e-06,0.00028997366,8.1446314e-07,fresh
IMG_2014.JPG,fresh,7.0,93.0,6,2025-09-19,0,7,/content/drive/MyDrive/spoilage_dataset/dataset_root/fresh/IMG_2014.JPG,0.9993795,2.2987326e-05,0.0005963892,1.037191e-06,fresh
IMG_2015.JPG,fresh,7.0,93.0,6,2025-09-19,0,7,/content/drive/MyDrive/spoilage_dataset/dataset_root/fresh/IMG_2015.JPG,0.9996575,1.7907108e-06,0.0003405142,1.9058918e-07,fresh
IMG_2016.JPG,fresh,7.0,93.0,6,2025-09-19,0,7,/content/drive/MyDrive/spoilage_dataset/dataset_root/fresh/IMG_2016.JPG,0.9992223,3.649717e-05,0.0007394347,1.7756496e-06,fresh
IMG_2017.JPG,fresh,7.0,93.0,6,2025-09-19,0,7,/content/drive/MyDrive/spoilage_dataset/dataset_root/fresh/IMG_2017.JPG,0.9998591,2.5309282e-06,0.00013811627,2.7332902e-07,fresh
IMG_2018.JPG,fresh,7.0,93.0,6,2025-09-19,0,7,/content/drive/MyDrive/spoilage_dataset/dataset_root/fresh/IMG_2018.JPG,0.99933076,3.737268e-05,0.0006311562,7.264629e-07,fresh
IMG_2019.JPG,fresh,7.0,93.0,6,2025-09-19,0,7,/content/drive/MyDrive/spoilage_dataset/dataset_root/fresh/IMG_2019.JPG,0.99995434,1.2751307e-06,4.4221968e-05,9.767366e-08,fresh
IMG_2020.JPG,fresh,7.0,93.0,6,2025-09-19,0,7,/content/drive/MyDrive/spoilage_dataset/dataset_root/fresh/IMG_2020.JPG,0.9999343,1.1980205e-06,6.435191e-05,1.0456363e-07,fresh
IMG_2021.JPG,fresh,7.0,93.0,6,2025-09-19,0,7,/content/drive/MyDrive/spoilage_dataset/dataset_root/fresh/IMG_2021.JPG,0.9999659,1.4775421e-06,3.2580756e-05,7.828102e-08,fresh
IMG_2022.JPG,fresh,7.0,93.0,6,2025-09-19,0,7,/content/drive/MyDrive/spoilage_dataset/dataset_root/fresh/IMG_2022.JPG,0.999574,4.116176e-06,0.00042136564,4.781503e-07,fresh
IMG_2023.JPG,fresh,7.0,93.0,6,2025-09-19,0,7,/content/drive/MyDrive/spoilage_dataset/dataset_root/fresh/IMG_2023.JPG,0.9999677,4.2948454e-06,2.7645625e-05,3.1793286e-07,fresh
IMG_2024.JPG,fresh,7.0,93.0,6,2025-09-19,0,7,/content/drive/MyDrive/spoilage_dataset/dataset_root/fresh/IMG_2024.JPG,0.9859293,0.00079313223,0.013214409,6.319202e-05,fresh
IMG_2025.JPG,fresh,7.0,93.0,6,2025-09-19,0,7,/content/drive/MyDrive/spoilage_dataset/dataset_root/fresh/IMG_2025.JPG,0.99978477,6.2420786e-06,0.00020847458,6.2845504e-07,fresh
IMG_2026.JPG,fresh,7.0,93.0,6,2025-09-19,0,7,/content/drive/MyDrive/spoilage_dataset/dataset_root/fresh/IMG_2026.JPG,0.99188304,0.00025061,0.00784126,2.5017456e-05,fresh
IMG_2027.JPG,fresh,7.0,93.0,6,2025-09-19,0,7,/content/drive/MyDrive/spoilage_dataset/dataset_root/fresh/IMG_2027.JPG,0.996867,0.00010585252,0.0030141138,1.290937e-05,fresh
IMG_2028.JPG,fresh,7.0,93.0,6,2025-09-19,0,7,/content/drive/MyDrive/spoilage_dataset/dataset_root/fresh/IMG_2028.JPG,0.9999404,5.103395e-06,5.430135e-05,7.154218e-08,fresh
IMG_2029.JPG,fresh,7.0,93.0,6,2025-09-19,0,7,/content/drive/MyDrive/spoilage_dataset/dataset_root/fresh/IMG_2029.JPG,0.9994904,1.8054117e-05,0.00049108086,4.1276652e-07,fresh
IMG_2030.JPG,fresh,7.0,93.0,6,2025-09-19,0,7,/content/drive/MyDrive/spoilage_dataset/dataset_root/fresh/IMG_2030.JPG,0.99119604,0.0005185564,0.008281041,4.3880714e-06,fresh
IMG_2031.JPG,fresh,7.0,93.0,6,2025-09-19,0,7,/content/drive/MyDrive/spoilage_dataset/dataset_root/fresh/IMG_2031.JPG,0.9985672,8.58741e-05,0.0013392464,7.66128e-06,fresh
IMG_2032.JPG,fresh,7.0,93.0,6,2025-09-19,0,7,/content/drive/MyDrive/spoilage_dataset/dataset_root/fresh/IMG_2032.JPG,0.9990011,3.603122e-05,0.0009617538,1.0637546e-06,fresh
IMG_2033.JPG,fresh,7.0,93.0,6,2025-09-19,0,7,/content/drive/MyDrive/spoilage_dataset/dataset_root/fresh/IMG_2033.JPG,0.9956547,0.000258399,0.0040572295,2.9638857e-05,fresh
IMG_2034.JPG,fresh,7.0,93.0,6,2025-09-19,0,7,/content/drive/MyDrive/spoilage_dataset/dataset_root/fresh/IMG_2034.JPG,0.9994991,1.0320071e-05,0.00049031165,2.831951e-07,fresh
IMG_2035.JPG,fresh,7.0,93.0,6,2025-09-19,0,7,/content/drive/MyDrive/spoilage_dataset/dataset_root/fresh/IMG_2035.JPG,0.99990654,1.0609976e-06,9.203992e-05,3.9370966e-07,fresh
IMG_2036.JPG,fresh,7.0,93.0,6,2025-09-19,0,7,/content/drive/MyDrive/spoilage_dataset/dataset_root/fresh/IMG_2036.JPG,0.99969554,2.9815944e-06,0.00030065965,7.864446e-07,fresh
IMG_2037.JPG,fresh,7.0,93.0,6,2025-09-19,0,7,/content/drive/MyDrive/spoilage_dataset/dataset_root/fresh/IMG_2037.JPG,0.9998926,3.13265e-06,0.00010412488,1.2354496e-07,fresh
IMG_2038.JPG,fresh,7.0,93.0,6,2025-09-19,0,7,/content/drive/MyDrive/spoilage_dataset/dataset_root/fresh/IMG_2038.JPG,0.99992704,2.8280713e-06,7.0129376e-05,3.4533898e-08,fresh
IMG_2039.JPG,fresh,7.0,93.0,6,2025-09-19,0,7,/content/drive/MyDrive/spoilage_dataset/dataset_root/fresh/IMG_2039.JPG,0.9435524,0.00059964275,0.05583155,1.6457985e-05,fresh
IMG_2040.JPG,fresh,7.0,93.0,6,2025-09-19,0,7,/content/drive/MyDrive/spoilage_dataset/dataset_root/fresh/IMG_2040.JPG,0.9999051,4.2346046e-06,9.0560745e-05,2.5253422e-08,fresh
IMG_2041.JPG,fresh,7.0,93.0,6,2025-09-19,0,7,/content/drive/MyDrive/spoilage_dataset/dataset_root/fresh/IMG_2041.JPG,0.99995863,6.60641e-09,4.1336974e-05,2.9625104e-08,fresh
IMG_2042.JPG,fresh,7.0,93.0,6,2025-09-19,0,7,/content/drive/MyDrive/spoilage_dataset/dataset_root/fresh/IMG_2042.JPG,0.9995995,8.513898e-09,0.00040022354,2.431059e-07,fresh
IMG_2043.JPG,fresh,7.0,93.0,6,2025-09-19,0,7,/content/drive/MyDrive/spoilage_dataset/dataset_root/fresh/IMG_2043.JPG,0.99994993,1.6133221e-08,5.0070186e-05,3.296291e-08,fresh
IMG_2044.JPG,fresh,7.0,93.0,6,2025-09-19,0,7,/content/drive/MyDrive/spoilage_dataset/dataset_root/fresh/IMG_2044.JPG,0.9999645,1.6143737e-08,3.5578607e-05,3.761982e-08,fresh
IMG_2045.JPG,fresh,7.0,93.0,6,2025-09-19,0,7,/content/drive/MyDrive/spoilage_dataset/dataset_root/fresh/IMG_2045.JPG,0.9999348,1.06681554e-07,6.506444e-05,4.7891284e-08,fresh
IMG_2046.JPG,fresh,7.0,93.0,6,2025-09-19,0,7,/content/drive/MyDrive/spoilage_dataset/dataset_root/fresh/IMG_2046.JPG,0.99936277,3.7679307e-08,0.0006366242,6.410007e-07,fresh
IMG_2047.JPG,fresh,7.0,93.0,6,2025-09-19,0,7,/content/drive/MyDrive/spoilage_dataset/dataset_root/fresh/IMG_2047.JPG,0.999992,7.2655335e-09,7.944771e-06,9.234751e-09,fresh
IMG_2048.JPG,fresh,7.0,93.0,6,2025-09-19,0,7,/content/drive/MyDrive/spoilage_dataset/dataset_root/fresh/IMG_2048.JPG,0.99997866,1.3224941e-08,2.1389273e-05,7.577169e-09,fresh
IMG_2049.JPG,fresh,7.0,93.0,6,2025-09-19,0,7,/content/drive/MyDrive/spoilage_dataset/dataset_root/fresh/IMG_2049.JPG,0.9999354,1.7599186e-08,6.46359e-05,4.1159247e-08,fresh
IMG_2050.JPG,fresh,7.0,93.0,6,2025-09-19,0,7,/content/drive/MyDrive/spoilage_dataset/dataset_root/fresh/IMG_2050.JPG,0.99992216,1.160463e-08,7.764871e-05,1.8593455e-07,fresh
IMG_2051.JPG,fresh,7.0,93.0,6,2025-09-19,0,7,/content/drive/MyDrive/spoilage_dataset/dataset_root/fresh/IMG_2051.JPG,0.99978393,1.6121778e-08,0.00021584808,2.8770467e-07,fresh
IMG_2052.JPG,fresh,7.0,93.0,6,2025-09-19,0,7,/content/drive/MyDrive/spoilage_dataset/dataset_root/fresh/IMG_2052.JPG,0.999984,2.9315798e-08,1.5927062e-05,2.2844148e-08,fresh
IMG_2053.JPG,fresh,7.0,93.0,6,2025-09-19,0,7,/content/drive/MyDrive/spoilage_dataset/dataset_root/fresh/IMG_2053.JPG,0.9999902,3.746833e-08,9.733126e-06,7.498283e-09,fresh
IMG_2054.JPG,fresh,7.0,93.0,6,2025-09-19,0,7,/content/drive/MyDrive/spoilage_dataset/dataset_root/fresh/IMG_2054.JPG,0.99986863,2.1930393e-07,0.00013095631,8.544326e-08,fresh
IMG_2055.JPG,fresh,7.0,93.0,6,2025-09-19,0,7,/content/drive/MyDrive/spoilage_dataset/dataset_root/fresh/IMG_2055.JPG,0.9999691,4.9354437e-08,3.0917534e-05,1.0732582e-08,fresh
IMG_2056.JPG,fresh,7.0,93.0,6,2025-09-19,0,7,/content/drive/MyDrive/spoilage_dataset/dataset_root/fresh/IMG_2056.JPG,0.99998367,1.1215235e-07,1.6204523e-05,1.623734e-08,fresh
IMG_2057.JPG,fresh,7.0,93.0,6,2025-09-19,0,7,/content/drive/MyDrive/spoilage_dataset/dataset_root/fresh/IMG_2057.JPG,0.99974936,1.0108202e-08,0.00025048625,8.777407e-08,fresh
IMG_2058.JPG,fresh,7.0,93.0,6,2025-09-19,0,7,/content/drive/MyDrive/spoilage_dataset/dataset_root/fresh/IMG_2058.JPG,0.9999583,1.7863313e-08,4.1678533e-05,3.1625863e-08,fresh
IMG_2059.JPG,fresh,7.0,93.0,6,2025-09-19,0,7,/content/drive/MyDrive/spoilage_dataset/dataset_root/fresh/IMG_2059.JPG,0.99989855,4.5477236e-08,0.000101210666,1.9159125e-07,fresh
IMG_2060.JPG,fresh,7.0,93.0,6,2025-09-19,0,7,/content/drive/MyDrive/spoilage_dataset/dataset_root/fresh/IMG_2060.JPG,0.99996066,1.4025221e-05,2.5281033e-05,2.438192e-08,fresh
IMG_2061.JPG,fresh,7.0,93.0,6,2025-09-19,0,7,/content/drive/MyDrive/spoilage_dataset/dataset_root/fresh/IMG_2061.JPG,0.9999974,9.821117e-07,1.6771894e-06,3.6480377e-10,fresh
IMG_2062.JPG,fresh,7.0,93.0,6,2025-09-19,0,7,/content/drive/MyDrive/spoilage_dataset/dataset_root/fresh/IMG_2062.JPG,0.9998925,8.969164e-06,9.854086e-05,1.9870141e-08,fresh
IMG_2063.JPG,fresh,7.0,93.0,6,2025-09-19,0,7,/content/drive/MyDrive/spoilage_dataset/dataset_root/fresh/IMG_2063.JPG,0.99998176,1.6918253e-06,1.6594404e-05,3.5339929e-09,fresh
IMG_2064.JPG,fresh,7.0,93.0,6,2025-09-19,0,7,/content/drive/MyDrive/spoilage_dataset/dataset_root/fresh/IMG_2064.JPG,0.9999516,9.316258e-06,3.9155377e-05,7.3582727e-09,fresh
IMG_2065.JPG,fresh,7.0,93.0,6,2025-09-19,0,7,/content/drive/MyDrive/spoilage_dataset/dataset_root/fresh/IMG_2065.JPG,0.9999858,2.7793835e-06,1.1397188e-05,3.9229375e-09,fresh
IMG_2066.JPG,fresh,7.0,93.0,6,2025-09-19,0,7,/content/drive/MyDrive/spoilage_dataset/dataset_root/fresh/IMG_2066.JPG,0.98863363,0.009663395,0.0017022511,6.673334e-07,fresh
IMG_2067.JPG,fresh,7.0,93.0,6,2025-09-19,0,7,/content/drive/MyDrive/spoilage_dataset/dataset_root/fresh/IMG_2067.JPG,0.9968659,2.3719564e-05,0.0031099906,2.929729e-07,fresh
IMG_2068.JPG,fresh,7.0,93.0,6,2025-09-19,0,7,/content/drive/MyDrive/spoilage_dataset/dataset_root/fresh/IMG_2068.JPG,0.9975083,3.6359277e-05,0.0024548671,4.8581893e-07,fresh
IMG_2069.JPG,fresh,7.0,93.0,6,2025-09-19,0,7,/content/drive/MyDrive/spoilage_dataset/dataset_root/fresh/IMG_2069.JPG,0.99211335,8.855516e-05,0.007796616,1.4208343e-06,fresh
IMG_2070.JPG,fresh,7.0,93.0,6,2025-09-19,0,7,/content/drive/MyDrive/spoilage_dataset/dataset_root/fresh/IMG_2070.JPG,0.9971591,4.1909378e-05,0.0027981023,8.024028e-07,fresh
IMG_2071.JPG,fresh,7.0,93.0,6,2025-09-19,0,7,/content/drive/MyDrive/spoilage_dataset/dataset_root/fresh/IMG_2071.JPG,0.9939183,0.0003176658,0.005762224,1.8116353e-06,fresh
IMG_2072.JPG,fresh,7.0,93.0,6,2025-09-19,0,7,/content/drive/MyDrive/spoilage_dataset/dataset_root/fresh/IMG_2072.JPG,0.98573095,0.00020130705,0.014064398,3.3430936e-06,fresh
IMG_2073.JPG,fresh,7.0,93.0,6,2025-09-19,0,7,/content/drive/MyDrive/spoilage_dataset/dataset_root/fresh/IMG_2073.JPG,0.99410903,0.000112828566,0.005775137,3.0502579e-06,fresh
IMG_2074.JPG,fresh,7.0,93.0,6,2025-09-19,0,7,/content/drive/MyDrive/spoilage_dataset/dataset_root/fresh/IMG_2074.JPG,0.99031126,8.721797e-05,0.009600128,1.3069526e-06,fresh
IMG_2075.JPG,fresh,7.0,93.0,6,2025-09-19,0,7,/content/drive/MyDrive/spoilage_dataset/dataset_root/fresh/IMG_2075.JPG,0.88483405,0.09466385,0.02049564,6.4510973e-06,fresh
IMG_2076.JPG,fresh,7.0,93.0,6,2025-09-19,0,7,/content/drive/MyDrive/spoilage_dataset/dataset_root/fresh/IMG_2076.JPG,0.9112245,0.053747173,0.03501845,9.934804e-06,fresh
IMG_2077.JPG,fresh,7.0,93.0,6,2025-09-19,0,7,/content/drive/MyDrive/spoilage_dataset/dataset_root/fresh/IMG_2077.JPG,0.80784756,0.0004556964,0.19168948,7.3434335e-06,fresh
IMG_2078.JPG,fresh,7.0,93.0,6,2025-09-19,0,7,/content/drive/MyDrive/spoilage_dataset/dataset_root/fresh/IMG_2078.JPG,0.96772903,0.03200181,0.00026916197,3.253342e-08,fresh
IMG_2079.JPG,fresh,7.0,93.0,6,2025-09-19,0,7,/content/drive/MyDrive/spoilage_dataset/dataset_root/fresh/IMG_2079.JPG,0.74092174,0.25811845,0.0009596266,1.3324366e-07,fresh
IMG_2081.JPG,fresh,7.0,93.0,6,2025-09-19,0,7,/content/drive/MyDrive/spoilage_dataset/dataset_root/fresh/IMG_2081.JPG,0.99999166,4.9287628e-08,7.799994e-06,5.6404116e-07,fresh
IMG_2082.JPG,fresh,7.0,93.0,6,2025-09-19,0,7,/content/drive/MyDrive/spoilage_dataset/dataset_root/fresh/IMG_2082.JPG,0.99999213,1.0658476e-07,6.8873874e-06,8.6650687e-07,fresh
IMG_2083.JPG,fresh,7.0,93.0,6,2025-09-19,0,7,/content/drive/MyDrive/spoilage_dataset/dataset_root/fresh/IMG_2083.JPG,0.9998623,4.804073e-06,8.165488e-05,5.1252828e-05,fresh
IMG_2084.JPG,fresh,7.0,93.0,6,2025-09-19,0,7,/content/drive/MyDrive/spoilage_dataset/dataset_root/fresh/IMG_2084.JPG,0.999877,9.718352e-08,0.00011108615,1.1829396e-05,fresh
IMG_2085.JPG,fresh,7.0,93.0,6,2025-09-19,0,7,/content/drive/MyDrive/spoilage_dataset/dataset_root/fresh/IMG_2085.JPG,0.9998964,9.3318015e-08,0.00010256475,9.336658e-07,fresh
IMG_2086.JPG,fresh,7.0,93.0,6,2025-09-19,0,7,/content/drive/MyDrive/spoilage_dataset/dataset_root/fresh/IMG_2086.JPG,0.99972945,4.1801334e-07,0.00021492926,5.5196502e-05,fresh
IMG_2087.JPG,fresh,7.0,93.0,6,2025-09-19,0,7,/content/drive/MyDrive/spoilage_dataset/dataset_root/fresh/IMG_2087.JPG,0.9999548,3.6675408e-07,4.1950552e-05,2.8419738e-06,fresh
IMG_2088.JPG,fresh,7.0,93.0,6,2025-09-19,0,7,/content/drive/MyDrive/spoilage_dataset/dataset_root/fresh/IMG_2088.JPG,0.9999497,2.191953e-06,3.2330692e-05,1.5897303e-05,fresh
IMG_2089.JPG,fresh,7.0,93.0,6,2025-09-19,0,7,/content/drive/MyDrive/spoilage_dataset/dataset_root/fresh/IMG_2089.JPG,0.99999523,1.4119261e-07,3.9966208e-06,5.681668e-07,fresh
IMG_2090.JPG,fresh,7.0,93.0,6,2025-09-19,0,7,/content/drive/MyDrive/spoilage_dataset/dataset_root/fresh/IMG_2090.JPG,0.99999774,5.979866e-08,1.4799683e-06,7.055731e-07,fresh
IMG_2091.JPG,fresh,7.0,93.0,6,2025-09-19,0,7,/content/drive/MyDrive/spoilage_dataset/dataset_root/fresh/IMG_2091.JPG,0.99999714,1.7278792e-08,1.7114761e-06,1.2278397e-06,fresh
IMG_2092.JPG,fresh,7.0,93.0,6,2025-09-19,0,7,/content/drive/MyDrive/spoilage_dataset/dataset_root/fresh/IMG_2092.JPG,0.99991596,2.584737e-06,8.029195e-05,1.080368e-06,fresh
IMG_2093.JPG,fresh,7.0,93.0,6,2025-09-19,0,7,/content/drive/MyDrive/spoilage_dataset/dataset_root/fresh/IMG_2093.JPG,0.9998963,2.7605936e-06,9.919172e-05,1.8351466e-06,fresh
IMG_2094.JPG,fresh,7.0,93.0,6,2025-09-19,0,7,/content/drive/MyDrive/spoilage_dataset/dataset_root/fresh/IMG_2094.JPG,0.9997917,8.106143e-06,0.00019947253,7.621064e-07,fresh
IMG_2095.JPG,fresh,7.0,93.0,6,2025-09-19,0,7,/content/drive/MyDrive/spoilage_dataset/dataset_root/fresh/IMG_2095.JPG,0.99986386,5.474923e-06,0.00012791964,2.7216488e-06,fresh
IMG_2096.JPG,fresh,7.0,93.0,6,2025-09-19,0,7,/content/drive/MyDrive/spoilage_dataset/dataset_root/fresh/IMG_2096.JPG,0.99964225,5.0127535e-05,0.00030536583,2.124677e-06,fresh
IMG_2097.JPG,fresh,7.0,93.0,6,2025-09-19,0,7,/content/drive/MyDrive/spoilage_dataset/dataset_root/fresh/IMG_2097.JPG,0.9999187,7.724219e-06,6.78349e-05,5.7671045e-06,fresh
IMG_2098.JPG,fresh,7.0,93.0,6,2025-09-19,0,7,/content/drive/MyDrive/spoilage_dataset/dataset_root/fresh/IMG_2098.JPG,0.9998969,8.8684754e-07,9.940001e-05,2.894677e-06,fresh
IMG_2099.JPG,fresh,7.0,93.0,6,2025-09-19,0,7,/content/drive/MyDrive/spoilage_dataset/dataset_root/fresh/IMG_2099.JPG,0.99958974,5.339797e-06,0.0004023798,2.5154038e-06,fresh
IMG_2100.JPG,fresh,7.0,93.0,6,2025-09-19,0,7,/content/drive/MyDrive/spoilage_dataset/dataset_root/fresh/IMG_2100.JPG,0.99993956,2.174618e-06,5.619121e-05,2.1427072e-06,fresh
IMG_2101.JPG,fresh,7.0,93.0,6,2025-09-19,0,7,/content/drive/MyDrive/spoilage_dataset/dataset_root/fresh/IMG_2101.JPG,0.999775,4.591107e-06,0.00021960412,7.4020636e-07,fresh
IMG_2102.JPG,fresh,7.0,93.0,6,2025-09-19,0,7,/content/drive/MyDrive/spoilage_dataset/dataset_root/fresh/IMG_2102.JPG,0.9989053,1.6082293e-05,0.0010774907,1.0564747e-06,fresh
IMG_2103.JPG,fresh,7.0,93.0,6,2025-09-19,0,7,/content/drive/MyDrive/spoilage_dataset/dataset_root/fresh/IMG_2103.JPG,0.9998416,2.8955467e-06,0.00015403071,1.538265e-06,fresh
IMG_2104.JPG,fresh,7.0,93.0,6,2025-09-19,0,7,/content/drive/MyDrive/spoilage_dataset/dataset_root/fresh/IMG_2104.JPG,0.99973565,3.0420952e-06,0.000256775,4.416992e-06,fresh
IMG_2105.JPG,fresh,7.0,93.0,6,2025-09-19,0,7,/content/drive/MyDrive/spoilage_dataset/dataset_root/fresh/IMG_2105.JPG,0.999134,1.4031119e-05,0.00084399746,8.012766e-06,fresh
IMG_2106.JPG,fresh,7.0,93.0,6,2025-09-19,0,7,/content/drive/MyDrive/spoilage_dataset/dataset_root/fresh/IMG_2106.JPG,0.9997261,4.1824305e-06,0.00026768702,2.0380855e-06,fresh
IMG_2107.JPG,fresh,7.0,93.0,6,2025-09-19,0,7,/content/drive/MyDrive/spoilage_dataset/dataset_root/fresh/IMG_2107.JPG,0.99955434,9.375237e-06,0.0004345258,1.6529112e-06,fresh
IMG_2108.JPG,fresh,7.0,93.0,6,2025-09-19,0,7,/content/drive/MyDrive/spoilage_dataset/dataset_root/fresh/IMG_2108.JPG,0.999908,2.1622843e-06,8.56334e-05,4.286577e-06,fresh
IMG_2109.JPG,fresh,7.0,93.0,6,2025-09-19,0,7,/content/drive/MyDrive/spoilage_dataset/dataset_root/fresh/IMG_2109.JPG,0.99815637,3.8578622e-05,0.0017968904,8.195538e-06,fresh
IMG_2110.JPG,fresh,7.0,93.0,6,2025-09-19,0,7,/content/drive/MyDrive/spoilage_dataset/dataset_root/fresh/IMG_2110.JPG,0.9896762,0.009976471,0.00034684717,4.5655548e-07,fresh
IMG_2111.JPG,fresh,7.0,93.0,6,2025-09-19,0,7,/content/drive/MyDrive/spoilage_dataset/dataset_root/fresh/IMG_2111.JPG,0.999694,0.00025046975,5.557558e-05,3.2321267e-08,fresh
IMG_2112.JPG,fresh,7.0,93.0,6,2025-09-19,0,7,/content/drive/MyDrive/spoilage_dataset/dataset_root/fresh/IMG_2112.JPG,0.9999218,3.0320556e-05,4.7746493e-05,6.3229784e-08,fresh
IMG_2113.JPG,fresh,7.0,93.0,6,2025-09-19,0,7,/content/drive/MyDrive/spoilage_dataset/dataset_root/fresh/IMG_2113.JPG,0.999833,0.00013552712,3.1515432e-05,2.9543742e-08,fresh
IMG_2114.JPG,fresh,7.0,93.0,6,2025-09-19,0,7,/content/drive/MyDrive/spoilage_dataset/dataset_root/fresh/IMG_2114.JPG,0.99995255,1.0427954e-05,3.6970483e-05,1.1152216e-07,fresh
IMG_2115.JPG,fresh,7.0,93.0,6,2025-09-19,0,7,/content/drive/MyDrive/spoilage_dataset/dataset_root/fresh/IMG_2115.JPG,0.99995387,2.5991461e-05,2.0117655e-05,5.700165e-08,fresh
IMG_2116.JPG,fresh,7.0,93.0,6,2025-09-19,0,7,/content/drive/MyDrive/spoilage_dataset/dataset_root/fresh/IMG_2116.JPG,0.99990475,1.0583799e-05,8.427159e-05,3.159202e-07,fresh
IMG_2117.JPG,fresh,7.0,93.0,6,2025-09-19,0,7,/content/drive/MyDrive/spoilage_dataset/dataset_root/fresh/IMG_2117.JPG,0.9999243,6.238227e-05,1.3302831e-05,5.888375e-08,fresh
IMG_2118.JPG,fresh,7.0,93.0,6,2025-09-19,0,7,/content/drive/MyDrive/spoilage_dataset/dataset_root/fresh/IMG_2118.JPG,0.99993134,1.2019853e-05,5.653233e-05,8.484092e-08,fresh
IMG_2119.JPG,fresh,7.0,93.0,7,2025-09-19,0,7,/content/drive/MyDrive/spoilage_dataset/dataset_root/fresh/IMG_2119.JPG,0.99991083,1.5464155e-05,7.3693926e-05,1.8845556e-08,fresh
IMG_2120.JPG,fresh,7.0,93.0,7,2025-09-19,0,7,/content/drive/MyDrive/spoilage_dataset/dataset_root/fresh/IMG_2120.JPG,0.9998672,8.3076215e-05,4.9588765e-05,8.698041e-08,fresh
IMG_2121.JPG,fresh,7.0,93.0,7,2025-09-19,0,7,/content/drive/MyDrive/spoilage_dataset/dataset_root/fresh/IMG_2121.JPG,0.99995685,4.8875e-06,3.8257516e-05,2.6965994e-08,fresh
IMG_2122.JPG,fresh,7.0,93.0,7,2025-09-19,0,7,/content/drive/MyDrive/spoilage_dataset/dataset_root/fresh/IMG_2122.JPG,0.9999491,1.7377237e-05,3.353814e-05,1.8183602e-08,fresh
IMG_2123.JPG,fresh,7.0,93.0,7,2025-09-19,0,7,/content/drive/MyDrive/spoilage_dataset/dataset_root/fresh/IMG_2123.JPG,0.9999006,6.854588e-05,3.083206e-05,3.2233128e-08,fresh
IMG_2124.JPG,fresh,7.0,93.0,7,2025-09-19,0,7,/content/drive/MyDrive/spoilage_dataset/dataset_root/fresh/IMG_2124.JPG,0.99995196,8.96737e-06,3.9151248e-05,1.593037e-08,fresh
IMG_2125.JPG,fresh,7.0,93.0,7,2025-09-19,0,7,/content/drive/MyDrive/spoilage_dataset/dataset_root/fresh/IMG_2125.JPG,0.9998679,3.7520047e-05,9.446519e-05,3.954689e-08,fresh
IMG_2126.JPG,fresh,7.0,93.0,7,2025-09-19,0,7,/content/drive/MyDrive/spoilage_dataset/dataset_root/fresh/IMG_2126.JPG,0.9999622,1.2974743e-05,2.4673707e-05,1.2688768e-07,fresh
IMG_2127.JPG,fresh,7.0,93.0,7,2025-09-19,0,7,/content/drive/MyDrive/spoilage_dataset/dataset_root/fresh/IMG_2127.JPG,0.9999368,3.2404128e-06,5.998376e-05,1.8928686e-08,fresh
IMG_2128.JPG,fresh,7.0,93.0,7,2025-09-19,0,7,/content/drive/MyDrive/spoilage_dataset/dataset_root/fresh/IMG_2128.JPG,0.9999466,2.1537567e-06,5.127162e-05,5.898058e-09,fresh
IMG_2129.JPG,fresh,7.0,93.0,7,2025-09-19,0,7,/content/drive/MyDrive/spoilage_dataset/dataset_root/fresh/IMG_2129.JPG,0.9998709,5.4377974e-06,0.00012360197,1.7676399e-08,fresh
IMG_2130.JPG,fresh,7.0,93.0,7,2025-09-19,0,7,/content/drive/MyDrive/spoilage_dataset/dataset_root/fresh/IMG_2130.JPG,0.9997228,3.5286066e-05,0.00024184282,1.1532196e-07,fresh
IMG_2131.JPG,fresh,7.0,93.0,7,2025-09-19,0,7,/content/drive/MyDrive/spoilage_dataset/dataset_root/fresh/IMG_2131.JPG,0.99985194,1.3658998e-05,0.00013436488,2.0215827e-08,fresh
IMG_2132.JPG,fresh,7.0,93.0,7,2025-09-19,0,7,/content/drive/MyDrive/spoilage_dataset/dataset_root/fresh/IMG_2132.JPG,0.9998288,1.8976789e-05,0.00015219217,1.1838795e-08,fresh
IMG_2133.JPG,fresh,7.0,93.0,7,2025-09-19,0,7,/content/drive/MyDrive/spoilage_dataset/dataset_root/fresh/IMG_2133.JPG,0.99984217,1.441844e-05,0.00014341349,4.249788e-08,fresh
IMG_2134.JPG,fresh,7.0,93.0,7,2025-09-19,0,7,/content/drive/MyDrive/spoilage_dataset/dataset_root/fresh/IMG_2134.JPG,0.99994016,6.783516e-06,5.2992127e-05,5.914264e-09,fresh
IMG_2135.JPG,fresh,7.0,93.0,7,2025-09-19,0,7,/content/drive/MyDrive/spoilage_dataset/dataset_root/fresh/IMG_2135.JPG,0.9997714,3.4057608e-05,0.00019425334,2.1718805e-07,fresh
IMG_2136.JPG,fresh,7.0,93.0,7,2025-09-19,0,7,/content/drive/MyDrive/spoilage_dataset/dataset_root/fresh/IMG_2136.JPG,0.99991906,5.967165e-06,7.502829e-05,2.3195568e-08,fresh
IMG_2137.JPG,fresh,7.0,93.0,7,2025-09-19,0,7,/content/drive/MyDrive/spoilage_dataset/dataset_root/fresh/IMG_2137.JPG,0.9998765,1.9879273e-05,0.00010355913,1.5211668e-08,fresh
IMG_2138.JPG,fresh,7.0,93.0,7,2025-09-19,0,7,/content/drive/MyDrive/spoilage_dataset/dataset_root/fresh/IMG_2138.JPG,0.99996567,5.144194e-06,2.9165141e-05,1.0688685e-08,fresh
IMG_2139.JPG,fresh,7.0,93.0,7,2025-09-19,0,7,/content/drive/MyDrive/spoilage_dataset/dataset_root/fresh/IMG_2139.JPG,0.9999057,7.1041354e-06,8.715727e-05,4.3616716e-08,fresh
IMG_2140.JPG,fresh,7.0,93.0,7,2025-09-19,0,7,/content/drive/MyDrive/spoilage_dataset/dataset_root/fresh/IMG_2140.JPG,0.9999491,2.696108e-06,4.8136786e-05,7.47346e-09,fresh
IMG_2141.JPG,fresh,7.0,93.0,7,2025-09-19,0,7,/content/drive/MyDrive/spoilage_dataset/dataset_root/fresh/IMG_2141.JPG,0.99994004,7.327164e-06,5.2631058e-05,2.0563583e-08,fresh
IMG_2142.JPG,fresh,7.0,93.0,7,2025-09-19,0,7,/content/drive/MyDrive/spoilage_dataset/dataset_root/fresh/IMG_2142.JPG,0.9998716,1.7460425e-05,0.00011092898,2.8830657e-08,fresh
IMG_2143.JPG,fresh,7.0,93.0,7,2025-09-19,0,7,/content/drive/MyDrive/spoilage_dataset/dataset_root/fresh/IMG_2143.JPG,0.999877,8.124031e-06,0.00011486308,3.4608263e-08,fresh
IMG_2144.JPG,fresh,7.0,93.0,7,2025-09-19,0,7,/content/drive/MyDrive/spoilage_dataset/dataset_root/fresh/IMG_2144.JPG,0.99987924,1.0510164e-05,0.000110265755,1.19451835e-08,fresh
IMG_2145.JPG,fresh,7.0,93.0,7,2025-09-19,0,7,/content/drive/MyDrive/spoilage_dataset/dataset_root/fresh/IMG_2145.JPG,0.99995565,4.424086e-06,3.99403e-05,2.0892838e-08,fresh
IMG_2146.JPG,fresh,7.0,93.0,7,2025-09-19,0,7,/content/drive/MyDrive/spoilage_dataset/dataset_root/fresh/IMG_2146.JPG,0.9998098,2.0610369e-05,0.00016960413,5.6903605e-08,fresh
IMG_2147.JPG,fresh,7.0,93.0,7,2025-09-19,0,7,/content/drive/MyDrive/spoilage_dataset/dataset_root/fresh/IMG_2147.JPG,0.999908,9.023534e-06,8.298315e-05,2.0167201e-08,fresh
IMG_2148.JPG,fresh,7.0,93.0,7,2025-09-19,0,7,/content/drive/MyDrive/spoilage_dataset/dataset_root/fresh/IMG_2148.JPG,0.9999219,3.8444647e-05,3.9524995e-05,3.258491e-09,fresh
IMG_2149.JPG,fresh,7.0,93.0,7,2025-09-19,0,7,/content/drive/MyDrive/spoilage_dataset/dataset_root/fresh/IMG_2149.JPG,0.99982363,4.4574495e-05,0.0001318504,7.273599e-09,fresh
IMG_2150.JPG,fresh,7.0,93.0,7,2025-09-19,0,7,/content/drive/MyDrive/spoilage_dataset/dataset_root/fresh/IMG_2150.JPG,0.9995931,0.00010497316,0.00030197762,4.0122025e-08,fresh
IMG_2151.JPG,fresh,7.0,93.0,7,2025-09-19,0,7,/content/drive/MyDrive/spoilage_dataset/dataset_root/fresh/IMG_2151.JPG,0.99973387,0.00013448577,0.00013167899,2.567128e-08,fresh
IMG_2152.JPG,fresh,7.0,93.0,7,2025-09-19,0,7,/content/drive/MyDrive/spoilage_dataset/dataset_root/fresh/IMG_2152.JPG,0.99966323,8.8698966e-05,0.00024807724,3.4538157e-08,fresh
IMG_2153.JPG,fresh,7.0,93.0,7,2025-09-19,0,7,/content/drive/MyDrive/spoilage_dataset/dataset_root/fresh/IMG_2153.JPG,0.9992403,0.00029456368,0.0004651117,2.0975282e-08,fresh
IMG_2154.JPG,fresh,7.0,93.0,7,2025-09-19,0,7,/content/drive/MyDrive/spoilage_dataset/dataset_root/fresh/IMG_2154.JPG,0.9998821,1.5645604e-05,0.000102286554,6.2815904e-09,fresh
IMG_2155.JPG,fresh,7.0,93.0,7,2025-09-19,0,7,/content/drive/MyDrive/spoilage_dataset/dataset_root/fresh/IMG_2155.JPG,0.9994868,0.00022363382,0.00028958835,2.4867814e-08,fresh
IMG_2156.JPG,fresh,7.0,93.0,7,2025-09-19,0,7,/content/drive/MyDrive/spoilage_dataset/dataset_root/fresh/IMG_2156.JPG,0.99967694,0.00016904599,0.00015392898,8.103553e-09,fresh
IMG_2157.JPG,fresh,7.0,93.0,7,2025-09-19,0,7,/content/drive/MyDrive/spoilage_dataset/dataset_root/fresh/IMG_2157.JPG,0.9995912,0.00027477602,0.00013407668,1.380508e-08,fresh
IMG_2158.JPG,fresh,7.0,93.0,7,2025-09-19,0,7,/content/drive/MyDrive/spoilage_dataset/dataset_root/fresh/IMG_2158.JPG,0.9998616,2.6403368e-05,0.000111954825,9.182527e-09,fresh
IMG_2159.JPG,fresh,7.0,93.0,7,2025-09-19,0,7,/content/drive/MyDrive/spoilage_dataset/dataset_root/fresh/IMG_2159.JPG,0.9993948,6.3141015e-05,0.0005420745,3.074139e-08,fresh
IMG_2160.JPG,fresh,7.0,93.0,7,2025-09-19,0,7,/content/drive/MyDrive/spoilage_dataset/dataset_root/fresh/IMG_2160.JPG,0.99985445,2.9495915e-05,0.00011604797,1.3449069e-08,fresh
IMG_2161.JPG,fresh,7.0,93.0,7,2025-09-19,0,7,/content/drive/MyDrive/spoilage_dataset/dataset_root/fresh/IMG_2161.JPG,0.9994659,2.5188068e-05,0.0005088217,7.292361e-08,fresh
IMG_2162.JPG,fresh,7.0,93.0,7,2025-09-19,0,7,/content/drive/MyDrive/spoilage_dataset/dataset_root/fresh/IMG_2162.JPG,0.9998921,3.9728755e-05,6.8179754e-05,9.647758e-09,fresh
IMG_2163.JPG,fresh,7.0,93.0,7,2025-09-19,0,7,/content/drive/MyDrive/spoilage_dataset/dataset_root/fresh/IMG_2163.JPG,0.99986327,3.127968e-05,0.000105478364,2.7041652e-08,fresh
IMG_2165.JPG,fresh,7.0,93.0,7,2025-09-19,0,7,/content/drive/MyDrive/spoilage_dataset/dataset_root/fresh/IMG_2165.JPG,0.99953675,4.2370695e-05,0.0004208078,2.157235e-08,fresh
IMG_2166.JPG,fresh,7.0,93.0,7,2025-09-19,0,7,/content/drive/MyDrive/spoilage_dataset/dataset_root/fresh/IMG_2166.JPG,0.99997616,1.7009928e-07,2.3673518e-05,3.1719927e-09,fresh
IMG_2167.JPG,fresh,7.0,93.0,7,2025-09-19,0,7,/content/drive/MyDrive/spoilage_dataset/dataset_root/fresh/IMG_2167.JPG,0.9999857,3.7806728e-07,1.3949578e-05,3.570601e-09,fresh
IMG_2169.JPG,fresh,7.0,93.0,7,2025-09-19,0,7,/content/drive/MyDrive/spoilage_dataset/dataset_root/fresh/IMG_2169.JPG,0.99998593,1.9184826e-07,1.3811409e-05,1.1953661e-08,fresh
IMG_2170.JPG,fresh,7.0,93.0,7,2025-09-19,0,7,/content/drive/MyDrive/spoilage_dataset/dataset_root/fresh/IMG_2170.JPG,0.9969843,0.00022219316,0.0027929759,4.9790316e-07,fresh
IMG_2171.JPG,fresh,7.0,93.0,7,2025-09-19,0,7,/content/drive/MyDrive/spoilage_dataset/dataset_root/fresh/IMG_2171.JPG,0.9930988,0.00087833975,0.0060212514,1.6802893e-06,fresh
IMG_2172.JPG,fresh,7.0,93.0,7,2025-09-19,0,7,/content/drive/MyDrive/spoilage_dataset/dataset_root/fresh/IMG_2172.JPG,0.99924195,0.00061724754,0.00014078055,4.8686267e-08,fresh
IMG_2173.JPG,fresh,7.0,93.0,7,2025-09-19,0,7,/content/drive/MyDrive/spoilage_dataset/dataset_root/fresh/IMG_2173.JPG,0.99905556,0.0006916184,0.00025280335,3.77287e-08,fresh
IMG_2181.JPG,fresh,7.0,93.0,7,2025-09-19,0,7,/content/drive/MyDrive/spoilage_dataset/dataset_root/fresh/IMG_2181.JPG,0.87312174,0.00029078336,0.12656662,2.07727e-05,fresh
IMG_2182.JPG,fresh,7.0,93.0,7,2025-09-19,0,7,/content/drive/MyDrive/spoilage_dataset/dataset_root/fresh/IMG_2182.JPG,0.9830692,7.286803e-05,0.016823376,3.4560842e-05,fresh
IMG_2183.JPG,fresh,7.0,93.0,7,2025-09-19,0,7,/content/drive/MyDrive/spoilage_dataset/dataset_root/fresh/IMG_2183.JPG,0.999106,2.3676681e-05,0.0008699182,3.1551346e-07,fresh
IMG_2184.JPG,fresh,7.0,93.0,7,2025-09-19,0,7,/content/drive/MyDrive/spoilage_dataset/dataset_root/fresh/IMG_2184.JPG,0.98580915,0.00015316899,0.0140272565,1.044583e-05,fresh
IMG_2185.JPG,fresh,7.0,93.0,7,2025-09-19,0,7,/content/drive/MyDrive/spoilage_dataset/dataset_root/fresh/IMG_2185.JPG,0.9936532,0.0049715545,0.0013741035,1.1887378e-06,fresh
IMG_2186.JPG,fresh,7.0,93.0,7,2025-09-19,0,7,/content/drive/MyDrive/spoilage_dataset/dataset_root/fresh/IMG_2186.JPG,0.9995995,0.00013080797,0.00026972202,3.3269266e-08,fresh
IMG_2187.JPG,fresh,7.0,93.0,7,2025-09-19,0,7,/content/drive/MyDrive/spoilage_dataset/dataset_root/fresh/IMG_2187.JPG,0.99935263,6.635933e-05,0.0005809307,1.4044619e-07,fresh
IMG_2188.JPG,fresh,7.0,93.0,7,2025-09-19,0,7,/content/drive/MyDrive/spoilage_dataset/dataset_root/fresh/IMG_2188.JPG,0.9999094,1.4752938e-05,7.582609e-05,4.1421533e-08,fresh
IMG_2189.JPG,fresh,7.0,93.0,7,2025-09-19,0,7,/content/drive/MyDrive/spoilage_dataset/dataset_root/fresh/IMG_2189.JPG,0.99989843,2.0277237e-05,8.1338156e-05,1.5147437e-08,fresh
IMG_2190.JPG,fresh,7.0,93.0,7,2025-09-19,0,7,/content/drive/MyDrive/spoilage_dataset/dataset_root/fresh/IMG_2190.JPG,0.99984753,3.6999754e-05,0.00011543314,8.818276e-08,fresh
IMG_2191.JPG,fresh,8.0,91.0,7,2025-09-19,0,7,/content/drive/MyDrive/spoilage_dataset/dataset_root/fresh/IMG_2191.JPG,0.99983644,4.94249e-06,0.00015864967,5.7842605e-08,fresh
IMG_2192.JPG,fresh,8.0,91.0,7,2025-09-19,0,7,/content/drive/MyDrive/spoilage_dataset/dataset_root/fresh/IMG_2192.JPG,0.999876,2.4431226e-06,0.00012160177,4.50573e-08,fresh
IMG_2193.JPG,fresh,8.0,91.0,7,2025-09-19,0,7,/content/drive/MyDrive/spoilage_dataset/dataset_root/fresh/IMG_2193.JPG,0.99983144,2.034785e-06,0.00016640677,1.0100037e-07,fresh
IMG_2194.JPG,fresh,8.0,91.0,7,2025-09-19,0,7,/content/drive/MyDrive/spoilage_dataset/dataset_root/fresh/IMG_2194.JPG,0.99971277,1.6047212e-05,0.0002710564,1.742661e-07,fresh
IMG_2195.JPG,fresh,8.0,91.0,7,2025-09-19,0,7,/content/drive/MyDrive/spoilage_dataset/dataset_root/fresh/IMG_2195.JPG,0.9994748,3.5970158e-06,0.00052153424,9.0296595e-08,fresh
IMG_2197.JPG,fresh,8.0,91.0,7,2025-09-19,0,7,/content/drive/MyDrive/spoilage_dataset/dataset_root/fresh/IMG_2197.JPG,0.9999716,2.5134304e-07,2.8104936e-05,4.452957e-08,fresh
IMG_2198.JPG,fresh,8.0,91.0,7,2025-09-19,0,7,/content/drive/MyDrive/spoilage_dataset/dataset_root/fresh/IMG_2198.JPG,0.99993813,2.5588926e-07,6.153323e-05,6.863902e-08,fresh
IMG_2199.JPG,fresh,8.0,91.0,7,2025-09-19,0,7,/content/drive/MyDrive/spoilage_dataset/dataset_root/fresh/IMG_2199.JPG,0.9999949,9.4441546e-08,4.9973946e-06,4.1303867e-09,fresh
IMG_2200.JPG,fresh,8.0,91.0,7,2025-09-19,0,7,/content/drive/MyDrive/spoilage_dataset/dataset_root/fresh/IMG_2200.JPG,0.9999981,2.3413659e-08,1.908008e-06,7.36722e-10,fresh
IMG_2201.JPG,fresh,8.0,91.0,7,2025-09-19,0,7,/content/drive/MyDrive/spoilage_dataset/dataset_root/fresh/IMG_2201.JPG,0.999956,3.9389815e-07,4.3624514e-05,4.0355367e-08,fresh
IMG_2202.JPG,fresh,8.0,91.0,7,2025-09-19,0,7,/content/drive/MyDrive/spoilage_dataset/dataset_root/fresh/IMG_2202.JPG,0.9999428,5.302735e-07,5.6780988e-05,5.3627936e-08,fresh
IMG_2203.JPG,fresh,8.0,91.0,7,2025-09-19,0,7,/content/drive/MyDrive/spoilage_dataset/dataset_root/fresh/IMG_2203.JPG,0.9999331,5.6144455e-07,6.620597e-05,1.4456059e-07,fresh
IMG_2204.JPG,fresh,8.0,91.0,7,2025-09-19,0,7,/content/drive/MyDrive/spoilage_dataset/dataset_root/fresh/IMG_2204.JPG,0.99999356,9.637982e-08,6.367967e-06,3.351151e-08,fresh
IMG_2205.JPG,fresh,8.0,91.0,7,2025-09-19,0,7,/content/drive/MyDrive/spoilage_dataset/dataset_root/fresh/IMG_2205.JPG,0.99995196,4.3697406e-07,4.7492522e-05,1.6222842e-07,fresh
IMG_2206.JPG,fresh,8.0,91.0,7,2025-09-19,0,7,/content/drive/MyDrive/spoilage_dataset/dataset_root/fresh/IMG_2206.JPG,0.9997383,0.00014990625,0.00011177727,3.398884e-08,fresh
IMG_2207.JPG,fresh,8.0,91.0,7,2025-09-19,0,7,/content/drive/MyDrive/spoilage_dataset/dataset_root/fresh/IMG_2207.JPG,0.99948907,0.00019298018,0.00031700658,7.802973e-07,fresh
IMG_2208.JPG,fresh,8.0,91.0,7,2025-09-19,0,7,/content/drive/MyDrive/spoilage_dataset/dataset_root/fresh/IMG_2208.JPG,0.9999896,3.4693076e-07,1.0053198e-05,4.9196305e-09,fresh
IMG_2209.JPG,fresh,8.0,91.0,7,2025-09-19,0,7,/content/drive/MyDrive/spoilage_dataset/dataset_root/fresh/IMG_2209.JPG,0.9999902,8.2683255e-06,1.5176144e-06,8.8259915e-09,fresh
IMG_2210.JPG,fresh,8.0,91.0,7,2025-09-19,0,7,/content/drive/MyDrive/spoilage_dataset/dataset_root/fresh/IMG_2210.JPG,0.9999881,4.5305464e-06,7.4305317e-06,1.0261434e-08,fresh
IMG_2211.JPG,fresh,8.0,91.0,7,2025-09-19,0,7,/content/drive/MyDrive/spoilage_dataset/dataset_root/fresh/IMG_2211.JPG,0.99995995,3.36143e-05,6.397073e-06,1.533561e-09,fresh
IMG_2212.JPG,fresh,8.0,91.0,7,2025-09-19,0,7,/content/drive/MyDrive/spoilage_dataset/dataset_root/fresh/IMG_2212.JPG,0.99998724,6.14035e-06,6.559686e-06,4.6014823e-09,fresh
IMG_2213.JPG,fresh,8.0,91.0,7,2025-09-19,0,7,/content/drive/MyDrive/spoilage_dataset/dataset_root/fresh/IMG_2213.JPG,0.9999354,5.1413925e-05,1.32890555e-05,1.1387753e-08,fresh
IMG_2214.JPG,fresh,8.0,91.0,7,2025-09-19,0,7,/content/drive/MyDrive/spoilage_dataset/dataset_root/fresh/IMG_2214.JPG,0.9999757,2.0061747e-05,4.235905e-06,3.0699108e-09,fresh
IMG_2215.JPG,fresh,8.0,91.0,7,2025-09-19,0,7,/content/drive/MyDrive/spoilage_dataset/dataset_root/fresh/IMG_2215.JPG,0.99999607,2.7048548e-06,1.2377458e-06,9.994005e-10,fresh
IMG_2216.JPG,fresh,8.0,91.0,7,2025-09-19,0,7,/content/drive/MyDrive/spoilage_dataset/dataset_root/fresh/IMG_2216.JPG,0.99997556,1.9137375e-05,5.280565e-06,1.8407302e-09,fresh
IMG_2217.JPG,fresh,8.0,91.0,7,2025-09-19,0,7,/content/drive/MyDrive/spoilage_dataset/dataset_root/fresh/IMG_2217.JPG,0.9999926,5.339443e-06,1.9988588e-06,2.438343e-09,fresh
IMG_2218.JPG,fresh,8.0,91.0,7,2025-09-19,0,7,/content/drive/MyDrive/spoilage_dataset/dataset_root/fresh/IMG_2218.JPG,0.999951,4.5280613e-05,3.6581253e-06,7.77072e-10,fresh
IMG_2219.JPG,fresh,8.0,91.0,7,2025-09-19,0,7,/content/drive/MyDrive/spoilage_dataset/dataset_root/fresh/IMG_2219.JPG,0.99998224,1.3299466e-05,4.4002736e-06,3.1824716e-09,fresh
IMG_2220.JPG,fresh,8.0,91.0,7,2025-09-19,0,7,/content/drive/MyDrive/spoilage_dataset/dataset_root/fresh/IMG_2220.JPG,0.999987,5.4520033e-06,7.4600684e-06,7.0433854e-09,fresh
IMG_2221.JPG,fresh,8.0,91.0,7,2025-09-19,0,7,/content/drive/MyDrive/spoilage_dataset/dataset_root/fresh/IMG_2221.JPG,0.9999902,5.46379e-06,4.334374e-06,4.649747e-09,fresh
IMG_2222.JPG,fresh,8.0,91.0,7,2025-09-19,0,7,/content/drive/MyDrive/spoilage_dataset/dataset_root/fresh/IMG_2222.JPG,0.9999727,1.536359e-05,1.1871509e-05,4.5716828e-08,fresh
IMG_2223.JPG,fresh,8.0,91.0,7,2025-09-19,0,7,/content/drive/MyDrive/spoilage_dataset/dataset_root/fresh/IMG_2223.JPG,0.99998474,1.6285106e-06,1.3629425e-05,5.1093238e-08,fresh
IMG_2224.JPG,fresh,8.0,91.0,7,2025-09-19,0,7,/content/drive/MyDrive/spoilage_dataset/dataset_root/fresh/IMG_2224.JPG,0.9999771,7.89174e-06,1.5071989e-05,5.554725e-08,fresh
IMG_2225.JPG,fresh,8.0,91.0,7,2025-09-19,0,7,/content/drive/MyDrive/spoilage_dataset/dataset_root/fresh/IMG_2225.JPG,0.9999733,8.306019e-06,1.8203382e-05,1.04831514e-07,fresh
IMG_2226.JPG,fresh,8.0,91.0,7,2025-09-19,0,7,/content/drive/MyDrive/spoilage_dataset/dataset_root/fresh/IMG_2226.JPG,0.9999856,2.6951577e-06,1.1630768e-05,2.186528e-08,fresh
IMG_2227.JPG,fresh,8.0,91.0,7,2025-09-19,0,7,/content/drive/MyDrive/spoilage_dataset/dataset_root/fresh/IMG_2227.JPG,0.99997437,7.730758e-06,1.7809654e-05,9.644638e-08,fresh
IMG_2228.JPG,fresh,8.0,91.0,7,2025-09-19,0,7,/content/drive/MyDrive/spoilage_dataset/dataset_root/fresh/IMG_2228.JPG,0.9999876,1.4304405e-06,1.0949159e-05,1.7539316e-08,fresh
IMG_2229.JPG,fresh,8.0,91.0,7,2025-09-19,0,7,/content/drive/MyDrive/spoilage_dataset/dataset_root/fresh/IMG_2229.JPG,0.9996352,0.000350743,1.403714e-05,1.3861335e-08,fresh
IMG_2230.JPG,fresh,8.0,91.0,7,2025-09-19,0,7,/content/drive/MyDrive/spoilage_dataset/dataset_root/fresh/IMG_2230.JPG,0.99952054,0.00045682132,2.2531876e-05,7.0369346e-08,fresh
IMG_2231.JPG,fresh,8.0,91.0,7,2025-09-19,0,7,/content/drive/MyDrive/spoilage_dataset/dataset_root/fresh/IMG_2231.JPG,0.99933714,0.0005259579,0.0001362262,6.401865e-07,fresh
IMG_2232.JPG,fresh,8.0,91.0,7,2025-09-19,0,7,/content/drive/MyDrive/spoilage_dataset/dataset_root/fresh/IMG_2232.JPG,0.99806565,0.001350087,0.0005827392,1.4912332e-06,fresh
IMG_2233.JPG,fresh,8.0,91.0,7,2025-09-19,0,7,/content/drive/MyDrive/spoilage_dataset/dataset_root/fresh/IMG_2233.JPG,0.99701166,0.0010736389,0.0019131708,1.5842094e-06,fresh
IMG_2234.JPG,fresh,8.0,91.0,7,2025-09-19,0,7,/content/drive/MyDrive/spoilage_dataset/dataset_root/fresh/IMG_2234.JPG,0.99998,9.526649e-06,1.0486082e-05,2.7908518e-08,fresh
IMG_2235.JPG,fresh,8.0,91.0,7,2025-09-19,0,7,/content/drive/MyDrive/spoilage_dataset/dataset_root/fresh/IMG_2235.JPG,0.9999856,4.230675e-06,1.02362965e-05,2.2526509e-08,fresh
IMG_2236.JPG,fresh,8.0,91.0,7,2025-09-19,0,7,/content/drive/MyDrive/spoilage_dataset/dataset_root/fresh/IMG_2236.JPG,0.9999616,2.3831759e-05,1.4563659e-05,1.552953e-08,fresh
IMG_2237.JPG,fresh,8.0,91.0,7,2025-09-19,0,7,/content/drive/MyDrive/spoilage_dataset/dataset_root/fresh/IMG_2237.JPG,0.999974,1.4931992e-05,1.1050966e-05,5.9561467e-09,fresh
IMG_2238.JPG,fresh,8.0,91.0,7,2025-09-19,0,7,/content/drive/MyDrive/spoilage_dataset/dataset_root/fresh/IMG_2238.JPG,0.9999653,2.7727781e-05,6.9023586e-06,4.4329025e-09,fresh
IMG_2239.JPG,fresh,8.0,91.0,7,2025-09-19,0,7,/content/drive/MyDrive/spoilage_dataset/dataset_root/fresh/IMG_2239.JPG,0.99991524,6.662084e-05,1.8095723e-05,3.4443172e-08,fresh
IMG_2240.JPG,fresh,8.0,91.0,7,2025-09-19,0,7,/content/drive/MyDrive/spoilage_dataset/dataset_root/fresh/IMG_2240.JPG,0.99998057,9.040556e-06,1.0350538e-05,1.0922138e-08,fresh
IMG_2241.JPG,fresh,8.0,91.0,7,2025-09-19,0,7,/content/drive/MyDrive/spoilage_dataset/dataset_root/fresh/IMG_2241.JPG,0.99996054,8.947483e-06,3.0553663e-05,4.4776577e-08,fresh
IMG_2242.JPG,fresh,8.0,91.0,7,2025-09-19,0,7,/content/drive/MyDrive/spoilage_dataset/dataset_root/fresh/IMG_2242.JPG,0.9999907,3.4960196e-06,5.8013743e-06,7.0950255e-09,fresh
IMG_2243.JPG,fresh,8.0,91.0,7,2025-09-19,0,7,/content/drive/MyDrive/spoilage_dataset/dataset_root/fresh/IMG_2243.JPG,0.9999267,5.663676e-05,1.6742992e-05,1.8894804e-08,fresh
IMG_2244.JPG,fresh,8.0,91.0,7,2025-09-19,0,7,/content/drive/MyDrive/spoilage_dataset/dataset_root/fresh/IMG_2244.JPG,0.9999676,1.3490281e-05,1.8896271e-05,4.7136048e-08,fresh
IMG_2245.JPG,fresh,8.0,91.0,7,2025-09-19,0,7,/content/drive/MyDrive/spoilage_dataset/dataset_root/fresh/IMG_2245.JPG,0.99997616,4.6889727e-06,1.9197634e-05,2.8662813e-08,fresh
IMG_2246.JPG,fresh,8.0,91.0,7,2025-09-19,0,7,/content/drive/MyDrive/spoilage_dataset/dataset_root/fresh/IMG_2246.JPG,0.99999297,5.3694527e-07,6.380364e-06,1.5553079e-08,fresh
IMG_2247.JPG,fresh,8.0,91.0,7,2025-09-19,0,7,/content/drive/MyDrive/spoilage_dataset/dataset_root/fresh/IMG_2247.JPG,0.9999856,8.19769e-07,1.3649052e-05,3.133951e-08,fresh
IMG_2248.JPG,fresh,8.0,91.0,7,2025-09-19,0,7,/content/drive/MyDrive/spoilage_dataset/dataset_root/fresh/IMG_2248.JPG,0.9999926,2.0695836e-06,5.3295785e-06,1.255746e-08,fresh
IMG_2249.JPG,fresh,8.0,91.0,7,2025-09-19,0,7,/content/drive/MyDrive/spoilage_dataset/dataset_root/fresh/IMG_2249.JPG,0.99999416,1.0480476e-06,4.754526e-06,1.3966407e-08,fresh
IMG_2250.JPG,fresh,8.0,91.0,7,2025-09-19,0,7,/content/drive/MyDrive/spoilage_dataset/dataset_root/fresh/IMG_2250.JPG,0.98261374,0.015551885,0.0018219166,1.242765e-05,fresh
IMG_2251.JPG,fresh,8.0,91.0,7,2025-09-19,0,7,/content/drive/MyDrive/spoilage_dataset/dataset_root/fresh/IMG_2251.JPG,0.9762915,0.014329829,0.009378079,7.391006e-07,fresh
IMG_2252.JPG,fresh,8.0,91.0,7,2025-09-19,0,7,/content/drive/MyDrive/spoilage_dataset/dataset_root/fresh/IMG_2252.JPG,0.9998167,0.0001328879,5.0123755e-05,2.4565688e-07,fresh
IMG_2253.JPG,fresh,8.0,91.0,7,2025-09-19,0,7,/content/drive/MyDrive/spoilage_dataset/dataset_root/fresh/IMG_2253.JPG,0.99977094,0.00019634783,3.2705077e-05,1.4199237e-07,fresh
IMG_2254.JPG,fresh,8.0,91.0,7,2025-09-19,0,7,/content/drive/MyDrive/spoilage_dataset/dataset_root/fresh/IMG_2254.JPG,0.9996138,0.00030851463,7.71642e-05,4.740719e-07,fresh
IMG_2255.JPG,fresh,8.0,91.0,8,2025-09-19,0,7,/content/drive/MyDrive/spoilage_dataset/dataset_root/fresh/IMG_2255.JPG,0.99966764,0.0002377601,9.38516e-05,6.783184e-07,fresh
IMG_2258.JPG,fresh,8.0,91.0,8,2025-09-19,0,7,/content/drive/MyDrive/spoilage_dataset/dataset_root/fresh/IMG_2258.JPG,0.9999099,8.638622e-05,3.5462049e-06,1.6276708e-07,fresh
IMG_2259.JPG,fresh,8.0,91.0,8,2025-09-19,0,7,/content/drive/MyDrive/spoilage_dataset/dataset_root/fresh/IMG_2259.JPG,0.9999764,1.383985e-05,9.628419e-06,1.6758074e-07,fresh
IMG_2260.JPG,fresh,8.0,91.0,8,2025-09-19,0,7,/content/drive/MyDrive/spoilage_dataset/dataset_root/fresh/IMG_2260.JPG,0.99990404,9.445356e-05,1.3047512e-06,2.9103245e-07,fresh
IMG_2261.JPG,fresh,8.0,91.0,8,2025-09-19,0,7,/content/drive/MyDrive/spoilage_dataset/dataset_root/fresh/IMG_2261.JPG,0.9999796,1.7388707e-05,2.702317e-06,2.7479825e-07,fresh
IMG_2262.JPG,fresh,8.0,91.0,8,2025-09-19,0,7,/content/drive/MyDrive/spoilage_dataset/dataset_root/fresh/IMG_2262.JPG,0.9999548,3.9021153e-05,5.9110444e-06,2.6653288e-07,fresh
IMG_2263.JPG,fresh,8.0,91.0,8,2025-09-19,0,7,/content/drive/MyDrive/spoilage_dataset/dataset_root/fresh/IMG_2263.JPG,0.99983585,0.00015410653,9.936405e-06,1.6786554e-07,fresh
IMG_2264.JPG,fresh,8.0,91.0,8,2025-09-19,0,7,/content/drive/MyDrive/spoilage_dataset/dataset_root/fresh/IMG_2264.JPG,0.9999919,6.163694e-06,1.8579093e-06,4.5156217e-08,fresh
IMG_2265.JPG,fresh,8.0,91.0,8,2025-09-19,0,7,/content/drive/MyDrive/spoilage_dataset/dataset_root/fresh/IMG_2265.JPG,0.9999994,4.785687e-07,1.1005033e-07,1.2449013e-08,fresh
IMG_2266.JPG,fresh,8.0,91.0,8,2025-09-19,0,7,/content/drive/MyDrive/spoilage_dataset/dataset_root/fresh/IMG_2266.JPG,0.99999654,9.520126e-07,2.5439035e-06,5.5354356e-08,fresh
IMG_2267.JPG,fresh,8.0,91.0,8,2025-09-19,0,7,/content/drive/MyDrive/spoilage_dataset/dataset_root/fresh/IMG_2267.JPG,0.9999939,3.3709646e-06,2.6276168e-06,7.0823965e-08,fresh
IMG_2268.JPG,fresh,8.0,91.0,8,2025-09-19,0,7,/content/drive/MyDrive/spoilage_dataset/dataset_root/fresh/IMG_2268.JPG,0.9999857,1.063828e-05,3.5255696e-06,7.571015e-08,fresh
IMG_2269.JPG,fresh,8.0,91.0,8,2025-09-19,0,7,/content/drive/MyDrive/spoilage_dataset/dataset_root/fresh/IMG_2269.JPG,0.9999924,5.8841338e-06,1.6922805e-06,6.05494e-08,fresh
IMG_2270.JPG,fresh,8.0,91.0,8,2025-09-19,0,7,/content/drive/MyDrive/spoilage_dataset/dataset_root/fresh/IMG_2270.JPG,0.9999722,8.68098e-06,1.7765256e-05,1.3181655e-06,fresh
IMG_2271.JPG,fresh,8.0,91.0,8,2025-09-19,0,7,/content/drive/MyDrive/spoilage_dataset/dataset_root/fresh/IMG_2271.JPG,0.9999896,8.366296e-06,1.780618e-06,2.1500291e-07,fresh
IMG_2272.JPG,fresh,8.0,91.0,8,2025-09-19,0,7,/content/drive/MyDrive/spoilage_dataset/dataset_root/fresh/IMG_2272.JPG,0.9999993,5.414524e-10,7.0257477e-07,8.515598e-09,fresh
IMG_2273.JPG,fresh,8.0,91.0,8,2025-09-19,0,7,/content/drive/MyDrive/spoilage_dataset/dataset_root/fresh/IMG_2273.JPG,0.9999776,6.2574355e-09,2.166895e-05,7.34363e-07,fresh
IMG_2274.JPG,fresh,8.0,91.0,8,2025-09-19,0,7,/content/drive/MyDrive/spoilage_dataset/dataset_root/fresh/IMG_2274.JPG,0.99999905,1.0759688e-09,8.362549e-07,1.4349212e-07,fresh
IMG_2275.JPG,fresh,8.0,91.0,8,2025-09-19,0,7,/content/drive/MyDrive/spoilage_dataset/dataset_root/fresh/IMG_2275.JPG,0.9999875,1.1397598e-09,1.1489599e-05,1.076584e-06,fresh
IMG_2276.JPG,fresh,8.0,91.0,8,2025-09-19,0,7,/content/drive/MyDrive/spoilage_dataset/dataset_root/fresh/IMG_2276.JPG,0.9999882,1.6116708e-08,8.349243e-06,3.4091004e-06,fresh
IMG_2277.JPG,fresh,8.0,91.0,8,2025-09-19,0,7,/content/drive/MyDrive/spoilage_dataset/dataset_root/fresh/IMG_2277.JPG,0.99997807,7.60534e-09,2.0966614e-05,9.553164e-07,fresh
IMG_2278.JPG,fresh,8.0,91.0,8,2025-09-19,0,7,/content/drive/MyDrive/spoilage_dataset/dataset_root/fresh/IMG_2278.JPG,0.9999974,6.165941e-09,2.6775838e-06,4.115246e-08,fresh
IMG_2279.JPG,fresh,8.0,91.0,8,2025-09-19,0,7,/content/drive/MyDrive/spoilage_dataset/dataset_root/fresh/IMG_2279.JPG,0.9999989,2.695359e-09,9.643086e-07,9.65905e-08,fresh
IMG_2280.JPG,fresh,8.0,91.0,8,2025-09-19,0,7,/content/drive/MyDrive/spoilage_dataset/dataset_root/fresh/IMG_2280.JPG,0.9999311,3.2582589e-06,6.1992105e-05,3.7434152e-06,fresh
IMG_2281.JPG,fresh,8.0,91.0,8,2025-09-19,0,7,/content/drive/MyDrive/spoilage_dataset/dataset_root/fresh/IMG_2281.JPG,0.9998031,1.9051717e-05,0.00017289385,4.8646248e-06,fresh
IMG_2282.JPG,fresh,8.0,91.0,8,2025-09-19,0,7,/content/drive/MyDrive/spoilage_dataset/dataset_root/fresh/IMG_2282.JPG,0.9998876,1.614557e-05,9.0667956e-05,5.6155695e-06,fresh
IMG_2283.JPG,fresh,8.0,91.0,8,2025-09-19,0,7,/content/drive/MyDrive/spoilage_dataset/dataset_root/fresh/IMG_2283.JPG,0.9999404,2.1942344e-05,3.3506134e-05,4.1623625e-06,fresh
IMG_2284.JPG,fresh,8.0,91.0,8,2025-09-19,0,7,/content/drive/MyDrive/spoilage_dataset/dataset_root/fresh/IMG_2284.JPG,0.9999248,8.8359875e-06,6.371614e-05,2.6353273e-06,fresh
IMG_2285.JPG,fresh,8.0,91.0,8,2025-09-19,0,7,/content/drive/MyDrive/spoilage_dataset/dataset_root/fresh/IMG_2285.JPG,0.99998736,1.6623712e-06,9.446643e-06,1.5343894e-06,fresh
IMG_2286.JPG,fresh,8.0,91.0,8,2025-09-19,0,7,/content/drive/MyDrive/spoilage_dataset/dataset_root/fresh/IMG_2286.JPG,0.9999832,9.467829e-07,1.4511774e-05,1.28099e-06,fresh
IMG_2287.JPG,fresh,8.0,91.0,8,2025-09-19,0,7,/content/drive/MyDrive/spoilage_dataset/dataset_root/fresh/IMG_2287.JPG,0.9999796,2.2588954e-06,1.2301312e-05,5.8269993e-06,fresh
IMG_2288.JPG,fresh,8.0,91.0,8,2025-09-19,0,7,/content/drive/MyDrive/spoilage_dataset/dataset_root/fresh/IMG_2288.JPG,0.99995387,4.919021e-06,4.0356303e-05,8.4315275e-07,fresh
IMG_2289.JPG,fresh,8.0,91.0,8,2025-09-19,0,7,/content/drive/MyDrive/spoilage_dataset/dataset_root/fresh/IMG_2289.JPG,0.9999633,8.448563e-06,2.6819227e-05,1.4750237e-06,fresh
IMG_2290.JPG,fresh,8.0,91.0,8,2025-09-19,0,7,/content/drive/MyDrive/spoilage_dataset/dataset_root/fresh/IMG_2290.JPG,0.99998736,2.453496e-06,9.693775e-06,4.2193497e-07,fresh
IMG_2291.JPG,fresh,8.0,91.0,8,2025-09-19,0,7,/content/drive/MyDrive/spoilage_dataset/dataset_root/fresh/IMG_2291.JPG,0.9976362,0.002351559,1.2117966e-05,1.075526e-07,fresh
IMG_2292.JPG,fresh,8.0,91.0,8,2025-09-19,0,7,/content/drive/MyDrive/spoilage_dataset/dataset_root/fresh/IMG_2292.JPG,0.99988055,0.00011023573,9.222419e-06,1.8064961e-08,fresh
IMG_2293.JPG,fresh,8.0,91.0,8,2025-09-19,0,7,/content/drive/MyDrive/spoilage_dataset/dataset_root/fresh/IMG_2293.JPG,0.9981249,0.0018611015,1.4008047e-05,2.4313866e-08,fresh
IMG_2294.JPG,fresh,8.0,91.0,8,2025-09-19,0,7,/content/drive/MyDrive/spoilage_dataset/dataset_root/fresh/IMG_2294.JPG,0.9968592,0.0030537462,8.696003e-05,8.200474e-08,fresh
IMG_2295.JPG,fresh,8.0,91.0,8,2025-09-19,0,7,/content/drive/MyDrive/spoilage_dataset/dataset_root/fresh/IMG_2295.JPG,0.9963264,0.0036254188,4.815549e-05,1.1169572e-07,fresh
IMG_2296.JPG,fresh,8.0,91.0,8,2025-09-19,0,7,/content/drive/MyDrive/spoilage_dataset/dataset_root/fresh/IMG_2296.JPG,0.99816304,0.0018182233,1.8666347e-05,8.341255e-08,fresh
IMG_2297.JPG,fresh,8.0,91.0,8,2025-09-19,0,7,/content/drive/MyDrive/spoilage_dataset/dataset_root/fresh/IMG_2297.JPG,0.99661,0.003320614,6.944141e-05,5.594712e-08,fresh
IMG_2298.JPG,fresh,8.0,91.0,8,2025-09-19,0,7,/content/drive/MyDrive/spoilage_dataset/dataset_root/fresh/IMG_2298.JPG,0.99644995,0.0034871085,6.286616e-05,9.75103e-08,fresh
IMG_2299.JPG,fresh,8.0,91.0,8,2025-09-19,0,7,/content/drive/MyDrive/spoilage_dataset/dataset_root/fresh/IMG_2299.JPG,0.97730565,0.022538938,0.00015533966,1.3686984e-07,fresh
IMG_2300.JPG,fresh,8.0,91.0,8,2025-09-19,0,7,/content/drive/MyDrive/spoilage_dataset/dataset_root/fresh/IMG_2300.JPG,0.9996985,0.0002837901,1.7776896e-05,2.5969895e-08,fresh
IMG_2301.JPG,fresh,8.0,91.0,8,2025-09-19,0,7,/content/drive/MyDrive/spoilage_dataset/dataset_root/fresh/IMG_2301.JPG,0.9987657,0.0011260738,0.00010813659,1.2783673e-07,fresh
IMG_2302.JPG,fresh,8.0,91.0,8,2025-09-19,0,7,/content/drive/MyDrive/spoilage_dataset/dataset_root/fresh/IMG_2302.JPG,0.9999062,2.8776429e-05,6.511671e-05,2.5212348e-08,fresh
IMG_2303.JPG,fresh,8.0,91.0,8,2025-09-19,0,7,/content/drive/MyDrive/spoilage_dataset/dataset_root/fresh/IMG_2303.JPG,0.9991047,0.0001946785,0.0006996143,9.351365e-07,fresh
IMG_2304.JPG,fresh,8.0,91.0,8,2025-09-19,0,7,/content/drive/MyDrive/spoilage_dataset/dataset_root/fresh/IMG_2304.JPG,0.9996873,0.00022146458,9.108212e-05,2.3176916e-07,fresh
IMG_2305.JPG,fresh,8.0,91.0,8,2025-09-19,0,7,/content/drive/MyDrive/spoilage_dataset/dataset_root/fresh/IMG_2305.JPG,0.99935263,0.0002932933,0.00035395083,1.7471478e-07,fresh
IMG_2306.JPG,fresh,8.0,91.0,8,2025-09-19,0,7,/content/drive/MyDrive/spoilage_dataset/dataset_root/fresh/IMG_2306.JPG,0.9998783,2.8642562e-05,9.3026e-05,1.704514e-07,fresh
IMG_2307.JPG,fresh,8.0,91.0,8,2025-09-19,0,7,/content/drive/MyDrive/spoilage_dataset/dataset_root/fresh/IMG_2307.JPG,0.999928,2.4831019e-05,4.7128004e-05,1.736784e-07,fresh
IMG_2309.JPG,fresh,8.0,91.0,8,2025-09-19,0,7,/content/drive/MyDrive/spoilage_dataset/dataset_root/fresh/IMG_2309.JPG,0.997162,0.0015556735,0.0012801394,2.257507e-06,fresh
IMG_2310.JPG,fresh,8.0,91.0,8,2025-09-19,0,7,/content/drive/MyDrive/spoilage_dataset/dataset_root/fresh/IMG_2310.JPG,0.99945563,0.00010346924,0.00044042483,4.38019e-07,fresh
IMG_2311.JPG,fresh,8.0,91.0,8,2025-09-19,0,7,/content/drive/MyDrive/spoilage_dataset/dataset_root/fresh/IMG_2311.JPG,0.9956993,0.0025729968,0.0017269094,7.7751355e-07,fresh
IMG_2313.JPG,fresh,8.0,91.0,8,2025-09-19,0,7,/content/drive/MyDrive/spoilage_dataset/dataset_root/fresh/IMG_2313.JPG,0.9999962,2.0716534e-07,3.5077844e-06,8.830781e-08,fresh
IMG_2314.JPG,fresh,8.0,91.0,8,2025-09-19,0,7,/content/drive/MyDrive/spoilage_dataset/dataset_root/fresh/IMG_2314.JPG,0.99198157,0.00595856,0.0020590324,7.9135714e-07,fresh
IMG_2315.JPG,fresh,8.0,91.0,8,2025-09-19,0,7,/content/drive/MyDrive/spoilage_dataset/dataset_root/fresh/IMG_2315.JPG,0.99017006,0.009242144,0.0005875384,2.0534364e-07,fresh
IMG_2316.JPG,fresh,8.0,91.0,8,2025-09-19,0,7,/content/drive/MyDrive/spoilage_dataset/dataset_root/fresh/IMG_2316.JPG,0.99236006,0.007105671,0.00053409225,1.08005246e-07,fresh
IMG_2317.JPG,fresh,8.0,91.0,8,2025-09-19,0,7,/content/drive/MyDrive/spoilage_dataset/dataset_root/fresh/IMG_2317.JPG,0.9932775,0.0056469897,0.0010750435,4.7784897e-07,fresh
IMG_2318.JPG,fresh,8.0,91.0,8,2025-09-19,0,7,/content/drive/MyDrive/spoilage_dataset/dataset_root/fresh/IMG_2318.JPG,0.9995919,0.00029508662,0.000112888876,2.623037e-07,fresh
IMG_2319.JPG,fresh,8.0,91.0,8,2025-09-19,0,7,/content/drive/MyDrive/spoilage_dataset/dataset_root/fresh/IMG_2319.JPG,0.999116,0.00075747387,0.00012623615,2.87099e-07,fresh
IMG_2320.JPG,fresh,8.0,91.0,8,2025-09-19,0,7,/content/drive/MyDrive/spoilage_dataset/dataset_root/fresh/IMG_2320.JPG,0.99985135,0.00013279977,1.5617352e-05,2.9091666e-07,fresh
IMG_2321.JPG,fresh,8.0,91.0,8,2025-09-19,0,7,/content/drive/MyDrive/spoilage_dataset/dataset_root/fresh/IMG_2321.JPG,0.99965274,0.0002746308,7.207015e-05,4.7777996e-07,fresh
IMG_2322.JPG,fresh,8.0,91.0,8,2025-09-19,0,7,/content/drive/MyDrive/spoilage_dataset/dataset_root/fresh/IMG_2322.JPG,0.9996278,0.0002964919,7.5528136e-05,6.069415e-08,fresh
IMG_2323.JPG,fresh,8.0,91.0,8,2025-09-19,0,7,/content/drive/MyDrive/spoilage_dataset/dataset_root/fresh/IMG_2323.JPG,0.9996357,0.00033839367,2.5846373e-05,2.4916863e-08,fresh
IMG_2324.JPG,fresh,8.0,91.0,8,2025-09-19,0,7,/content/drive/MyDrive/spoilage_dataset/dataset_root/fresh/IMG_2324.JPG,0.99941754,0.00015190338,0.00042846994,2.1485337e-06,fresh
IMG_2325.JPG,fresh,8.0,91.0,8,2025-09-19,0,7,/content/drive/MyDrive/spoilage_dataset/dataset_root/fresh/IMG_2325.JPG,0.99900025,0.0008849608,0.00011472866,1.1161078e-07,fresh
IMG_2326.JPG,fresh,8.0,91.0,8,2025-09-19,0,7,/content/drive/MyDrive/spoilage_dataset/dataset_root/fresh/IMG_2326.JPG,0.91764504,0.06449258,0.017860264,2.0505177e-06,fresh
IMG_2327.JPG,fresh,8.0,91.0,8,2025-09-19,0,7,/content/drive/MyDrive/spoilage_dataset/dataset_root/fresh/IMG_2327.JPG,0.89726675,0.020649154,0.082071684,1.2376382e-05,fresh
IMG_2328.JPG,fresh,8.0,91.0,8,2025-09-19,0,7,/content/drive/MyDrive/spoilage_dataset/dataset_root/fresh/IMG_2328.JPG,0.96768516,0.010659484,0.0216523,3.1059467e-06,fresh
IMG_2329.JPG,fresh,8.0,91.0,8,2025-09-19,0,7,/content/drive/MyDrive/spoilage_dataset/dataset_root/fresh/IMG_2329.JPG,0.99433714,0.0014931927,0.004168017,1.7020893e-06,fresh
IMG_2331.JPG,fresh,8.0,91.0,8,2025-09-19,0,7,/content/drive/MyDrive/spoilage_dataset/dataset_root/fresh/IMG_2331.JPG,0.9997012,0.00015315138,0.00014524232,3.459197e-07,fresh
IMG_2332.JPG,fresh,8.0,91.0,8,2025-09-19,0,7,/content/drive/MyDrive/spoilage_dataset/dataset_root/fresh/IMG_2332.JPG,0.9999132,6.621298e-05,2.0609692e-05,4.8169017e-08,fresh
IMG_2333.JPG,fresh,8.0,91.0,8,2025-09-19,0,7,/content/drive/MyDrive/spoilage_dataset/dataset_root/fresh/IMG_2333.JPG,0.9999002,8.90128e-05,1.0524386e-05,2.5156635e-07,fresh
IMG_2334.JPG,fresh,8.0,91.0,8,2025-09-19,0,7,/content/drive/MyDrive/spoilage_dataset/dataset_root/fresh/IMG_2334.JPG,0.99944025,0.00040148926,0.00015817504,5.3339498e-08,fresh
IMG_2335.JPG,fresh,8.0,91.0,8,2025-09-19,0,7,/content/drive/MyDrive/spoilage_dataset/dataset_root/fresh/IMG_2335.JPG,0.9982168,0.0014641321,0.0003181036,9.27399e-07,fresh
IMG_2336.JPG,fresh,8.0,91.0,8,2025-09-19,0,7,/content/drive/MyDrive/spoilage_dataset/dataset_root/fresh/IMG_2336.JPG,0.9397941,0.005071431,0.055132616,1.7638034e-06,fresh
IMG_2338.JPG,fresh,8.0,91.0,8,2025-09-19,0,7,/content/drive/MyDrive/spoilage_dataset/dataset_root/fresh/IMG_2338.JPG,0.99941826,0.0003490668,0.00023192425,6.762304e-07,fresh
IMG_2339.JPG,fresh,8.0,91.0,8,2025-09-19,0,7,/content/drive/MyDrive/spoilage_dataset/dataset_root/fresh/IMG_2339.JPG,0.99999046,3.0222645e-06,6.3134044e-06,2.3493767e-07,fresh
IMG_2340.JPG,fresh,8.0,91.0,8,2025-09-19,0,7,/content/drive/MyDrive/spoilage_dataset/dataset_root/fresh/IMG_2340.JPG,0.9967049,0.00029145365,0.0030017,1.98256e-06,fresh
IMG_2341.JPG,fresh,8.0,91.0,8,2025-09-19,0,7,/content/drive/MyDrive/spoilage_dataset/dataset_root/fresh/IMG_2341.JPG,0.99993575,1.2792279e-05,5.079688e-05,6.832905e-07,fresh
IMG_2342.JPG,fresh,8.0,91.0,8,2025-09-19,0,7,/content/drive/MyDrive/spoilage_dataset/dataset_root/fresh/IMG_2342.JPG,0.99921095,7.831729e-05,0.0007075695,3.1753762e-06,fresh
IMG_2343.JPG,fresh,8.0,91.0,8,2025-09-19,0,7,/content/drive/MyDrive/spoilage_dataset/dataset_root/fresh/IMG_2343.JPG,0.9998423,2.7293452e-05,0.00013043235,1.9444002e-08,fresh
IMG_2344.JPG,fresh,8.0,91.0,8,2025-09-19,0,7,/content/drive/MyDrive/spoilage_dataset/dataset_root/fresh/IMG_2344.JPG,0.9947849,0.0014645396,0.0037391088,1.1453467e-05,fresh
IMG_2345.JPG,fresh,8.0,91.0,8,2025-09-19,0,7,/content/drive/MyDrive/spoilage_dataset/dataset_root/fresh/IMG_2345.JPG,0.9988939,0.00049353496,0.0006096692,2.863772e-06,fresh
IMG_2346.JPG,fresh,8.0,91.0,8,2025-09-19,0,7,/content/drive/MyDrive/spoilage_dataset/dataset_root/fresh/IMG_2346.JPG,0.9993125,0.00038642876,0.00029849182,2.4472288e-06,fresh
IMG_6012.jpg,fresh,8.0,91.0,8,2025-09-19,0,7,/content/drive/MyDrive/spoilage_dataset/dataset_root/fresh/IMG_6012.jpg,0.9988908,0.00095544936,0.00015374972,4.3072202e-08,fresh
IMG_6013.jpg,fresh,8.0,91.0,8,2025-09-19,0,7,/content/drive/MyDrive/spoilage_dataset/dataset_root/fresh/IMG_6013.jpg,0.99795306,0.0018586405,0.00018819174,6.1848375e-08,fresh
IMG_6014.jpg,fresh,8.0,91.0,8,2025-09-19,0,7,/content/drive/MyDrive/spoilage_dataset/dataset_root/fresh/IMG_6014.jpg,0.9924452,0.006045917,0.00150873,2.2174429e-07,fresh
IMG_6015.jpg,fresh,8.0,91.0,8,2025-09-19,0,7,/content/drive/MyDrive/spoilage_dataset/dataset_root/fresh/IMG_6015.jpg,0.9960892,0.0033007418,0.0006098827,2.5475268e-07,fresh
IMG_6016.jpg,fresh,8.0,91.0,8,2025-09-19,0,7,/content/drive/MyDrive/spoilage_dataset/dataset_root/fresh/IMG_6016.jpg,0.99679214,0.002156988,0.0010500692,7.9548454e-07,fresh
IMG_6017.jpg,fresh,8.0,91.0,8,2025-09-19,0,7,/content/drive/MyDrive/spoilage_dataset/dataset_root/fresh/IMG_6017.jpg,0.99468684,0.0024136854,0.0028972486,2.15685e-06,fresh
IMG_6018.jpg,fresh,8.0,91.0,8,2025-09-19,0,7,/content/drive/MyDrive/spoilage_dataset/dataset_root/fresh/IMG_6018.jpg,0.99371207,0.0031446137,0.0031428838,4.2457933e-07,fresh
IMG_6019.jpg,fresh,8.0,91.0,8,2025-09-19,0,7,/content/drive/MyDrive/spoilage_dataset/dataset_root/fresh/IMG_6019.jpg,0.99916995,0.000112684545,0.00071734015,1.3074906e-07,fresh
IMG_6020.jpg,fresh,8.0,91.0,8,2025-09-19,0,7,/content/drive/MyDrive/spoilage_dataset/dataset_root/fresh/IMG_6020.jpg,0.9997049,0.0001348011,0.00016017372,1.095656e-07,fresh
IMG_6021.jpg,fresh,8.0,91.0,8,2025-09-19,0,7,/content/drive/MyDrive/spoilage_dataset/dataset_root/fresh/IMG_6021.jpg,0.999178,0.0003088057,0.0005129714,1.600051e-07,fresh
IMG_6022.jpg,fresh,8.0,91.0,8,2025-09-19,0,7,/content/drive/MyDrive/spoilage_dataset/dataset_root/fresh/IMG_6022.jpg,0.9976313,0.0011515438,0.0012165505,5.7683144e-07,fresh
IMG_6023.jpg,fresh,8.0,91.0,8,2025-09-19,0,7,/content/drive/MyDrive/spoilage_dataset/dataset_root/fresh/IMG_6023.jpg,0.9914415,0.0027167927,0.0058400035,1.7593882e-06,fresh
IMG_6024.jpg,fresh,8.0,91.0,8,2025-09-19,0,7,/content/drive/MyDrive/spoilage_dataset/dataset_root/fresh/IMG_6024.jpg,0.9912872,0.0066385283,0.0020737497,5.449669e-07,fresh
IMG_6025.jpg,fresh,8.0,91.0,8,2025-09-19,0,7,/content/drive/MyDrive/spoilage_dataset/dataset_root/fresh/IMG_6025.jpg,0.99913305,0.00055998407,0.00030653374,4.0196394e-07,fresh
IMG_6026.jpg,fresh,8.0,91.0,8,2025-09-19,0,7,/content/drive/MyDrive/spoilage_dataset/dataset_root/fresh/IMG_6026.jpg,0.9959234,0.0023400395,0.0017352514,1.2530071e-06,fresh
IMG_6027.jpg,fresh,8.0,91.0,8,2025-09-19,0,7,/content/drive/MyDrive/spoilage_dataset/dataset_root/fresh/IMG_6027.jpg,0.9978998,0.001165827,0.00093346427,9.893174e-07,fresh
IMG_6028.jpg,fresh,8.0,91.0,8,2025-09-19,0,7,/content/drive/MyDrive/spoilage_dataset/dataset_root/fresh/IMG_6028.jpg,0.99346995,0.0036546479,0.0028747674,5.5057706e-07,fresh
IMG_6029.jpg,fresh,8.0,91.0,8,2025-09-19,0,7,/content/drive/MyDrive/spoilage_dataset/dataset_root/fresh/IMG_6029.jpg,0.99904567,7.976488e-05,0.00087208184,2.3830546e-06,fresh
IMG_6031.jpg,fresh,8.0,91.0,8,2025-09-19,0,7,/content/drive/MyDrive/spoilage_dataset/dataset_root/fresh/IMG_6031.jpg,0.9997906,0.00017544226,3.3968372e-05,1.1164897e-08,fresh
IMG_6032.jpg,fresh,8.0,91.0,8,2025-09-19,0,7,/content/drive/MyDrive/spoilage_dataset/dataset_root/fresh/IMG_6032.jpg,0.99975115,0.0002343075,1.4583649e-05,6.6745626e-10,fresh
IMG_6033.jpg,fresh,8.0,91.0,8,2025-09-19,0,7,/content/drive/MyDrive/spoilage_dataset/dataset_root/fresh/IMG_6033.jpg,0.9999305,6.5685635e-05,3.8420585e-06,4.2535897e-10,fresh
IMG_6034.jpg,fresh,8.0,91.0,8,2025-09-19,0,7,/content/drive/MyDrive/spoilage_dataset/dataset_root/fresh/IMG_6034.jpg,0.9999442,5.032011e-05,5.5283463e-06,2.0588071e-09,fresh
IMG_6035.jpg,fresh,8.0,91.0,8,2025-09-19,0,7,/content/drive/MyDrive/spoilage_dataset/dataset_root/fresh/IMG_6035.jpg,0.9998784,0.00010071766,2.080352e-05,3.4652679e-09,fresh
IMG_6036.jpg,fresh,8.0,91.0,8,2025-09-19,0,7,/content/drive/MyDrive/spoilage_dataset/dataset_root/fresh/IMG_6036.jpg,0.9996389,0.00033330097,2.7797776e-05,2.8698965e-09,fresh
IMG_6039.jpg,fresh,8.0,91.0,8,2025-09-19,0,7,/content/drive/MyDrive/spoilage_dataset/dataset_root/fresh/IMG_6039.jpg,0.995346,0.004350572,0.00030209034,1.248485e-06,fresh
IMG_6040.jpg,fresh,8.0,91.0,8,2025-09-19,0,7,/content/drive/MyDrive/spoilage_dataset/dataset_root/fresh/IMG_6040.jpg,0.97505605,0.02472917,0.0002126994,2.123218e-06,fresh
IMG_6041.jpg,fresh,8.0,91.0,8,2025-09-19,0,7,/content/drive/MyDrive/spoilage_dataset/dataset_root/fresh/IMG_6041.jpg,0.9918252,0.0080041075,0.00016937208,1.2273796e-06,fresh
IMG_6042.jpg,fresh,8.0,91.0,8,2025-09-19,0,7,/content/drive/MyDrive/spoilage_dataset/dataset_root/fresh/IMG_6042.jpg,0.9951245,0.0047099325,0.00016451607,1.0229189e-06,fresh
IMG_6043.jpg,fresh,8.0,91.0,8,2025-09-19,0,7,/content/drive/MyDrive/spoilage_dataset/dataset_root/fresh/IMG_6043.jpg,0.9896563,0.010123459,0.00021896239,1.2730263e-06,fresh
IMG_6044.jpg,fresh,8.0,91.0,8,2025-09-19,0,7,/content/drive/MyDrive/spoilage_dataset/dataset_root/fresh/IMG_6044.jpg,0.9974172,0.002517701,6.48141e-05,2.0817446e-07,fresh
IMG_6045.jpg,fresh,8.0,91.0,8,2025-09-19,0,7,/content/drive/MyDrive/spoilage_dataset/dataset_root/fresh/IMG_6045.jpg,0.9950936,0.004811334,9.459447e-05,6.1956865e-07,fresh
IMG_6046.jpg,fresh,8.0,91.0,8,2025-09-19,0,7,/content/drive/MyDrive/spoilage_dataset/dataset_root/fresh/IMG_6046.jpg,0.9958847,0.0039944244,0.000120287565,5.4025173e-07,fresh
IMG_6047.jpg,fresh,8.0,91.0,8,2025-09-19,0,7,/content/drive/MyDrive/spoilage_dataset/dataset_root/fresh/IMG_6047.jpg,0.9969247,0.0028824212,0.00019213493,7.586256e-07,fresh
IMG_6048.jpg,fresh,8.0,91.0,8,2025-09-19,0,7,/content/drive/MyDrive/spoilage_dataset/dataset_root/fresh/IMG_6048.jpg,0.9964043,0.0033627537,0.00023165985,1.3012375e-06,fresh
IMG_6049.jpg,fresh,8.0,91.0,8,2025-09-19,0,7,/content/drive/MyDrive/spoilage_dataset/dataset_root/fresh/IMG_6049.jpg,0.97706383,0.022223374,0.0007081921,4.709582e-06,fresh
IMG_6050.jpg,fresh,8.0,91.0,8,2025-09-19,0,7,/content/drive/MyDrive/spoilage_dataset/dataset_root/fresh/IMG_6050.jpg,0.99591535,0.0036302395,0.00045302388,1.3640031e-06,fresh
IMG_6051.jpg,fresh,8.0,91.0,8,2025-09-19,0,7,/content/drive/MyDrive/spoilage_dataset/dataset_root/fresh/IMG_6051.jpg,0.9985091,0.0013786457,0.000111759684,4.6872873e-07,fresh
IMG_6052.jpg,fresh,8.0,91.0,8,2025-09-19,0,7,/content/drive/MyDrive/spoilage_dataset/dataset_root/fresh/IMG_6052.jpg,0.9984049,0.0014245888,0.00017003078,4.895761e-07,fresh
IMG_6053.jpg,fresh,8.0,91.0,8,2025-09-19,0,7,/content/drive/MyDrive/spoilage_dataset/dataset_root/fresh/IMG_6053.jpg,0.9969612,0.002448348,0.0005892882,1.1563594e-06,fresh
IMG_6054.jpg,fresh,8.0,91.0,8,2025-09-19,0,7,/content/drive/MyDrive/spoilage_dataset/dataset_root/fresh/IMG_6054.jpg,0.99287206,0.0062049883,0.0009200846,2.8370926e-06,fresh
IMG_6056.jpg,fresh,8.0,91.0,9,2025-09-19,0,7,/content/drive/MyDrive/spoilage_dataset/dataset_root/fresh/IMG_6056.jpg,0.9985669,0.0013066251,0.00012588697,5.953981e-07,fresh
IMG_6057.jpg,fresh,8.0,91.0,9,2025-09-19,0,7,/content/drive/MyDrive/spoilage_dataset/dataset_root/fresh/IMG_6057.jpg,0.99946016,0.00052385597,1.5985488e-05,2.0797106e-08,fresh
IMG_6058.jpg,fresh,8.0,91.0,9,2025-09-19,0,7,/content/drive/MyDrive/spoilage_dataset/dataset_root/fresh/IMG_6058.jpg,0.99697256,0.0029819147,4.542668e-05,6.363986e-08,fresh
IMG_6059.jpg,fresh,8.0,91.0,9,2025-09-19,0,7,/content/drive/MyDrive/spoilage_dataset/dataset_root/fresh/IMG_6059.jpg,0.98958415,0.010171483,0.00024410871,2.5499907e-07,fresh
IMG_6060.jpg,fresh,8.0,91.0,9,2025-09-19,0,7,/content/drive/MyDrive/spoilage_dataset/dataset_root/fresh/IMG_6060.jpg,0.9908283,0.009110883,6.0731625e-05,1.2250815e-07,fresh
IMG_6061.jpg,fresh,8.0,91.0,9,2025-09-19,0,7,/content/drive/MyDrive/spoilage_dataset/dataset_root/fresh/IMG_6061.jpg,0.99191755,0.008000182,8.212375e-05,8.001936e-08,fresh
IMG_6062.jpg,fresh,8.0,91.0,9,2025-09-19,0,7,/content/drive/MyDrive/spoilage_dataset/dataset_root/fresh/IMG_6062.jpg,0.9930749,0.006828103,9.665629e-05,3.0548404e-07,fresh
IMG_6063.jpg,fresh,8.0,91.0,9,2025-09-19,0,7,/content/drive/MyDrive/spoilage_dataset/dataset_root/fresh/IMG_6063.jpg,0.99888223,0.00024189218,0.00087594386,2.874741e-08,fresh
IMG_6064.jpg,fresh,8.0,91.0,9,2025-09-19,0,7,/content/drive/MyDrive/spoilage_dataset/dataset_root/fresh/IMG_6064.jpg,0.9975228,0.0010935742,0.0013836464,1.8571061e-08,fresh
IMG_6065.jpg,fresh,8.0,91.0,9,2025-09-19,0,7,/content/drive/MyDrive/spoilage_dataset/dataset_root/fresh/IMG_6065.jpg,0.99139297,0.006493032,0.0021139258,7.4375805e-08,fresh
IMG_6066.jpg,fresh,8.0,91.0,9,2025-09-19,0,7,/content/drive/MyDrive/spoilage_dataset/dataset_root/fresh/IMG_6066.jpg,0.9982009,0.0008206197,0.0009783726,6.777964e-08,fresh
IMG_6067.jpg,fresh,8.0,91.0,9,2025-09-19,0,7,/content/drive/MyDrive/spoilage_dataset/dataset_root/fresh/IMG_6067.jpg,0.99639624,0.001399962,0.0022037057,7.981418e-08,fresh
IMG_6068.jpg,fresh,8.0,91.0,9,2025-09-19,0,7,/content/drive/MyDrive/spoilage_dataset/dataset_root/fresh/IMG_6068.jpg,0.97611827,0.0045742495,0.019307263,2.655451e-07,fresh
IMG_6069.jpg,fresh,8.0,91.0,9,2025-09-19,0,7,/content/drive/MyDrive/spoilage_dataset/dataset_root/fresh/IMG_6069.jpg,0.97247374,0.02442927,0.0030911118,5.8822143e-06,fresh
IMG_6071.jpg,fresh,8.0,91.0,9,2025-09-19,0,7,/content/drive/MyDrive/spoilage_dataset/dataset_root/fresh/IMG_6071.jpg,0.99983835,6.202438e-05,9.9680874e-05,2.3645153e-08,fresh
IMG_6072.jpg,fresh,8.0,91.0,9,2025-09-19,0,7,/content/drive/MyDrive/spoilage_dataset/dataset_root/fresh/IMG_6072.jpg,0.9995158,0.00024886616,0.00023525824,1.0205233e-07,fresh
IMG_6073.jpg,fresh,8.0,91.0,9,2025-09-19,0,7,/content/drive/MyDrive/spoilage_dataset/dataset_root/fresh/IMG_6073.jpg,0.9997198,8.233805e-05,0.00019787392,2.392948e-08,fresh
IMG_6074.jpg,fresh,8.0,91.0,9,2025-09-19,0,7,/content/drive/MyDrive/spoilage_dataset/dataset_root/fresh/IMG_6074.jpg,0.99991155,5.5946028e-05,3.2507047e-05,2.3433612e-08,fresh
IMG_6075.jpg,fresh,8.0,91.0,9,2025-09-19,0,7,/content/drive/MyDrive/spoilage_dataset/dataset_root/fresh/IMG_6075.jpg,0.9992617,0.0006518014,8.633096e-05,8.692757e-08,fresh
IMG_6076.jpg,fresh,8.0,91.0,9,2025-09-19,0,7,/content/drive/MyDrive/spoilage_dataset/dataset_root/fresh/IMG_6076.jpg,0.99987924,9.079933e-05,2.9894905e-05,3.5810732e-08,fresh
IMG_6077.jpg,fresh,8.0,91.0,9,2025-09-19,0,7,/content/drive/MyDrive/spoilage_dataset/dataset_root/fresh/IMG_6077.jpg,0.9979721,0.0015815815,0.00044615875,1.833019e-07,fresh
IMG_6078.jpg,fresh,8.0,91.0,9,2025-09-19,0,7,/content/drive/MyDrive/spoilage_dataset/dataset_root/fresh/IMG_6078.jpg,0.999833,0.00011765573,4.9284863e-05,3.2237654e-08,fresh
IMG_6079.jpg,fresh,8.0,91.0,9,2025-09-19,0,7,/content/drive/MyDrive/spoilage_dataset/dataset_root/fresh/IMG_6079.jpg,0.99991894,4.1905063e-05,3.904298e-05,5.8554164e-08,fresh
IMG_6080.jpg,fresh,8.0,91.0,9,2025-09-19,0,7,/content/drive/MyDrive/spoilage_dataset/dataset_root/fresh/IMG_6080.jpg,0.99977714,0.00013082274,9.191468e-05,1.02904366e-07,fresh
IMG_6081.jpg,fresh,8.0,91.0,9,2025-09-19,0,7,/content/drive/MyDrive/spoilage_dataset/dataset_root/fresh/IMG_6081.jpg,0.9988613,0.0007622579,0.0003761202,2.0052445e-07,fresh
IMG_6082.jpg,fresh,8.0,91.0,9,2025-09-19,0,7,/content/drive/MyDrive/spoilage_dataset/dataset_root/fresh/IMG_6082.jpg,0.99991715,4.064884e-05,4.213903e-05,1.4821737e-08,fresh
IMG_6083.jpg,fresh,8.0,91.0,9,2025-09-19,0,7,/content/drive/MyDrive/spoilage_dataset/dataset_root/fresh/IMG_6083.jpg,0.9997447,9.25945e-05,0.00016246084,2.955755e-07,fresh
IMG_6084.jpg,fresh,8.0,91.0,9,2025-09-19,0,7,/content/drive/MyDrive/spoilage_dataset/dataset_root/fresh/IMG_6084.jpg,0.99962735,0.00012714356,0.00024519136,2.1298783e-07,fresh
IMG_6085.jpg,fresh,8.0,91.0,9,2025-09-19,0,7,/content/drive/MyDrive/spoilage_dataset/dataset_root/fresh/IMG_6085.jpg,0.9995455,0.00021725219,0.00023697458,2.9591425e-07,fresh
IMG_6086.jpg,fresh,8.0,91.0,9,2025-09-19,0,7,/content/drive/MyDrive/spoilage_dataset/dataset_root/fresh/IMG_6086.jpg,0.99935776,0.00018104969,0.00046095828,1.9407362e-07,fresh
IMG_6091.jpg,fresh,8.0,91.0,9,2025-09-19,0,7,/content/drive/MyDrive/spoilage_dataset/dataset_root/fresh/IMG_6091.jpg,0.9971993,0.0015214182,0.0011314753,0.00014790463,fresh
IMG_6092.jpg,fresh,8.0,91.0,9,2025-09-19,0,7,/content/drive/MyDrive/spoilage_dataset/dataset_root/fresh/IMG_6092.jpg,0.9862227,0.013310648,0.00045398524,1.2521994e-05,fresh
IMG_6093.jpg,fresh,8.0,91.0,9,2025-09-19,0,7,/content/drive/MyDrive/spoilage_dataset/dataset_root/fresh/IMG_6093.jpg,0.99948007,0.0004897471,3.0162098e-05,1.4624086e-07,fresh
IMG_6094.jpg,fresh,8.0,91.0,9,2025-09-19,0,7,/content/drive/MyDrive/spoilage_dataset/dataset_root/fresh/IMG_6094.jpg,0.9879907,0.011575813,0.0004301978,3.3304796e-06,fresh
IMG_6095.jpg,fresh,8.0,91.0,9,2025-09-19,0,7,/content/drive/MyDrive/spoilage_dataset/dataset_root/fresh/IMG_6095.jpg,0.99419785,0.0055484986,0.00025326764,4.0062784e-07,fresh
IMG_6096.jpg,fresh,8.0,91.0,9,2025-09-19,0,7,/content/drive/MyDrive/spoilage_dataset/dataset_root/fresh/IMG_6096.jpg,0.9844583,0.015039218,0.00050008314,2.3556518e-06,fresh
IMG_6097.jpg,fresh,8.0,91.0,9,2025-09-19,0,7,/content/drive/MyDrive/spoilage_dataset/dataset_root/fresh/IMG_6097.jpg,0.9788296,0.020496458,0.00066948996,4.461866e-06,fresh
IMG_6098.jpg,fresh,8.0,91.0,9,2025-09-19,0,7,/content/drive/MyDrive/spoilage_dataset/dataset_root/fresh/IMG_6098.jpg,0.9875892,0.0119111445,0.000468764,3.086684e-05,fresh
IMG_6099.jpg,fresh,8.0,91.0,9,2025-09-19,0,7,/content/drive/MyDrive/spoilage_dataset/dataset_root/fresh/IMG_6099.jpg,0.99483204,0.005022811,0.00012612871,1.892002e-05,fresh
IMG_6100.jpg,fresh,8.0,91.0,9,2025-09-19,0,7,/content/drive/MyDrive/spoilage_dataset/dataset_root/fresh/IMG_6100.jpg,0.997607,0.002082152,0.00030751262,3.3436859e-06,fresh
IMG_6101.jpg,fresh,8.0,91.0,9,2025-09-19,0,7,/content/drive/MyDrive/spoilage_dataset/dataset_root/fresh/IMG_6101.jpg,0.99874806,0.0011118302,0.00013494553,5.1818192e-06,fresh
IMG_6102.jpg,fresh,8.0,91.0,9,2025-09-19,0,7,/content/drive/MyDrive/spoilage_dataset/dataset_root/fresh/IMG_6102.jpg,0.99804115,0.001922509,3.4128345e-05,2.1476958e-06,fresh
IMG_6103.jpg,fresh,8.0,91.0,9,2025-09-19,0,7,/content/drive/MyDrive/spoilage_dataset/dataset_root/fresh/IMG_6103.jpg,0.99771035,0.001977769,0.00028096887,3.09259e-05,fresh
IMG_6104.jpg,fresh,8.0,91.0,9,2025-09-19,0,7,/content/drive/MyDrive/spoilage_dataset/dataset_root/fresh/IMG_6104.jpg,0.9987985,0.0010525923,0.00014711505,1.8053365e-06,fresh
IMG_6105.jpg,fresh,8.0,91.0,9,2025-09-19,0,7,/content/drive/MyDrive/spoilage_dataset/dataset_root/fresh/IMG_6105.jpg,0.9958332,0.003941254,0.0002216775,3.9713386e-06,fresh
IMG_6106.jpg,fresh,8.0,91.0,9,2025-09-19,0,7,/content/drive/MyDrive/spoilage_dataset/dataset_root/fresh/IMG_6106.jpg,0.9995183,0.0004580387,2.3421348e-05,2.0524168e-07,fresh
IMG_6107.jpg,fresh,8.0,91.0,9,2025-09-19,0,7,/content/drive/MyDrive/spoilage_dataset/dataset_root/fresh/IMG_6107.jpg,0.9982121,0.0017164036,6.785126e-05,3.7418654e-06,fresh
IMG_6109.jpg,fresh,8.0,91.0,9,2025-09-19,0,7,/content/drive/MyDrive/spoilage_dataset/dataset_root/fresh/IMG_6109.jpg,0.988371,0.01146836,0.00015869371,2.0317607e-06,fresh
IMG_6110.jpg,fresh,8.0,91.0,9,2025-09-19,0,7,/content/drive/MyDrive/spoilage_dataset/dataset_root/fresh/IMG_6110.jpg,0.995889,0.003897981,0.00020220451,1.07649175e-05,fresh
IMG_6111.jpg,fresh,8.0,91.0,9,2025-09-19,0,7,/content/drive/MyDrive/spoilage_dataset/dataset_root/fresh/IMG_6111.jpg,0.9921334,0.0077086436,0.00015415324,3.7665768e-06,fresh
IMG_6112.jpg,fresh,8.0,91.0,9,2025-09-19,0,7,/content/drive/MyDrive/spoilage_dataset/dataset_root/fresh/IMG_6112.jpg,0.9981127,0.0017349386,0.00015015343,2.3086573e-06,fresh
IMG_6113.jpg,fresh,8.0,91.0,9,2025-09-19,0,7,/content/drive/MyDrive/spoilage_dataset/dataset_root/fresh/IMG_6113.jpg,0.99885213,0.0010846807,6.177339e-05,1.441864e-06,fresh
IMG_6114.jpg,fresh,8.0,91.0,9,2025-09-19,0,7,/content/drive/MyDrive/spoilage_dataset/dataset_root/fresh/IMG_6114.jpg,0.99936324,0.0005232355,0.00010976715,3.8606177e-06,fresh
IMG_6115.jpg,fresh,8.0,91.0,9,2025-09-19,0,7,/content/drive/MyDrive/spoilage_dataset/dataset_root/fresh/IMG_6115.jpg,0.93750834,0.062390707,9.9507844e-05,1.4064099e-06,fresh
IMG_6116.jpg,fresh,8.0,91.0,9,2025-09-19,0,7,/content/drive/MyDrive/spoilage_dataset/dataset_root/fresh/IMG_6116.jpg,0.9956306,0.004341701,2.734482e-05,3.7690316e-07,fresh
IMG_6117.jpg,fresh,8.0,91.0,9,2025-09-19,0,7,/content/drive/MyDrive/spoilage_dataset/dataset_root/fresh/IMG_6117.jpg,0.99510443,0.004817422,7.699932e-05,1.2176631e-06,fresh
IMG_6118.jpg,fresh,8.0,91.0,9,2025-09-19,0,7,/content/drive/MyDrive/spoilage_dataset/dataset_root/fresh/IMG_6118.jpg,0.9927538,0.007202332,4.3208693e-05,5.9058203e-07,fresh
IMG_6119.jpg,fresh,8.0,91.0,9,2025-09-19,0,7,/content/drive/MyDrive/spoilage_dataset/dataset_root/fresh/IMG_6119.jpg,0.9457563,0.05393621,0.00030526094,2.1249482e-06,fresh
IMG_6120.jpg,fresh,8.0,91.0,9,2025-09-19,0,7,/content/drive/MyDrive/spoilage_dataset/dataset_root/fresh/IMG_6120.jpg,0.99298507,0.006983701,3.0839492e-05,4.1319385e-07,fresh
IMG_6121.jpg,fresh,8.0,91.0,9,2025-09-19,0,7,/content/drive/MyDrive/spoilage_dataset/dataset_root/fresh/IMG_6121.jpg,0.97147906,0.02843859,8.182304e-05,4.31094e-07,fresh
IMG_6122.jpg,fresh,8.0,91.0,9,2025-09-19,0,7,/content/drive/MyDrive/spoilage_dataset/dataset_root/fresh/IMG_6122.jpg,0.9916821,0.008056672,0.00025975093,1.5013129e-06,fresh
IMG_6123.jpg,fresh,8.0,91.0,9,2025-09-19,0,7,/content/drive/MyDrive/spoilage_dataset/dataset_root/fresh/IMG_6123.jpg,0.982415,0.01742102,0.00016340737,6.0362675e-07,fresh
IMG_6124.jpg,fresh,8.0,91.0,9,2025-09-19,0,7,/content/drive/MyDrive/spoilage_dataset/dataset_root/fresh/IMG_6124.jpg,0.9876281,0.012042362,0.0003268964,2.5457211e-06,fresh
IMG_6125.jpg,fresh,8.0,91.0,9,2025-09-19,0,7,/content/drive/MyDrive/spoilage_dataset/dataset_root/fresh/IMG_6125.jpg,0.9856595,0.013903089,0.00043663706,8.537194e-07,fresh
IMG_6126.jpg,fresh,8.0,91.0,9,2025-09-19,0,7,/content/drive/MyDrive/spoilage_dataset/dataset_root/fresh/IMG_6126.jpg,0.95360905,0.04621341,0.00017681517,7.393746e-07,fresh
IMG_6127.jpg,fresh,8.0,91.0,9,2025-09-19,0,7,/content/drive/MyDrive/spoilage_dataset/dataset_root/fresh/IMG_6127.jpg,0.824158,0.17549407,0.00034770856,3.025827e-07,fresh
IMG_6128.jpg,fresh,8.0,91.0,9,2025-09-19,0,7,/content/drive/MyDrive/spoilage_dataset/dataset_root/fresh/IMG_6128.jpg,0.99658906,0.0033383924,7.1831666e-05,6.8913226e-07,fresh
IMG_6129.jpg,fresh,8.0,91.0,9,2025-09-19,0,7,/content/drive/MyDrive/spoilage_dataset/dataset_root/fresh/IMG_6129.jpg,0.9871409,0.012678549,0.00017943264,1.0256929e-06,fresh
IMG_6131.jpg,fresh,8.0,91.0,9,2025-09-19,0,7,/content/drive/MyDrive/spoilage_dataset/dataset_root/fresh/IMG_6131.jpg,0.99880815,0.0010686897,0.00011512645,7.98652e-06,fresh
IMG_6132.jpg,fresh,8.0,91.0,9,2025-09-19,0,7,/content/drive/MyDrive/spoilage_dataset/dataset_root/fresh/IMG_6132.jpg,0.9991001,0.00081569987,8.286843e-05,1.2592138e-06,fresh
IMG_6133.jpg,fresh,8.0,91.0,9,2025-09-19,0,7,/content/drive/MyDrive/spoilage_dataset/dataset_root/fresh/IMG_6133.jpg,0.9991937,0.000749138,5.688517e-05,2.8782014e-07,fresh
IMG_6135.jpg,fresh,8.0,91.0,9,2025-09-19,0,7,/content/drive/MyDrive/spoilage_dataset/dataset_root/fresh/IMG_6135.jpg,0.9915372,0.008352456,0.000107311884,3.067679e-06,fresh
IMG_6136.jpg,fresh,8.0,91.0,9,2025-09-19,0,7,/content/drive/MyDrive/spoilage_dataset/dataset_root/fresh/IMG_6136.jpg,0.9849178,0.0146698225,0.00040661133,5.7361626e-06,fresh
IMG_6137.jpg,fresh,8.0,91.0,9,2025-09-19,0,7,/content/drive/MyDrive/spoilage_dataset/dataset_root/fresh/IMG_6137.jpg,0.99354196,0.0064212675,3.521382e-05,1.5932524e-06,fresh
IMG_6138.jpg,fresh,8.0,91.0,9,2025-09-19,0,7,/content/drive/MyDrive/spoilage_dataset/dataset_root/fresh/IMG_6138.jpg,0.95818424,0.041464638,0.00032996832,2.1145246e-05,fresh
IMG_6140.jpg,fresh,8.0,91.0,9,2025-09-19,0,7,/content/drive/MyDrive/spoilage_dataset/dataset_root/fresh/IMG_6140.jpg,0.9967873,0.0028614674,0.00034629137,4.9459854e-06,fresh
IMG_6141.jpg,fresh,8.0,91.0,9,2025-09-19,0,7,/content/drive/MyDrive/spoilage_dataset/dataset_root/fresh/IMG_6141.jpg,0.99601823,0.003892296,7.82487e-05,1.1312091e-05,fresh
IMG_6142.jpg,fresh,8.0,91.0,9,2025-09-19,0,7,/content/drive/MyDrive/spoilage_dataset/dataset_root/fresh/IMG_6142.jpg,0.9755072,0.024312545,0.00016542236,1.4805747e-05,fresh
IMG_6143.jpg,fresh,8.0,91.0,9,2025-09-19,0,7,/content/drive/MyDrive/spoilage_dataset/dataset_root/fresh/IMG_6143.jpg,0.9423741,0.057480518,0.00013215451,1.3276776e-05,fresh
IMG_6144.jpg,fresh,8.0,91.0,9,2025-09-19,0,7,/content/drive/MyDrive/spoilage_dataset/dataset_root/fresh/IMG_6144.jpg,0.97692275,0.022967583,0.00010265935,7.0305496e-06,fresh
IMG_6145.jpg,fresh,8.0,91.0,9,2025-09-19,0,7,/content/drive/MyDrive/spoilage_dataset/dataset_root/fresh/IMG_6145.jpg,0.9999808,9.119619e-06,1.0026004e-05,3.0798735e-09,fresh
IMG_6146.jpg,fresh,8.0,91.0,9,2025-09-19,0,7,/content/drive/MyDrive/spoilage_dataset/dataset_root/fresh/IMG_6146.jpg,0.99995196,4.611002e-05,1.8645427e-06,6.0673973e-09,fresh
IMG_6147.jpg,fresh,8.0,91.0,9,2025-09-19,0,7,/content/drive/MyDrive/spoilage_dataset/dataset_root/fresh/IMG_6147.jpg,0.999969,1.52550565e-05,1.5775986e-05,3.3202547e-09,fresh
IMG_6148.jpg,fresh,8.0,91.0,9,2025-09-19,0,7,/content/drive/MyDrive/spoilage_dataset/dataset_root/fresh/IMG_6148.jpg,0.9998647,0.00012283002,1.2399017e-05,2.1541924e-08,fresh
IMG_6149.jpg,fresh,8.0,91.0,9,2025-09-19,0,7,/content/drive/MyDrive/spoilage_dataset/dataset_root/fresh/IMG_6149.jpg,0.9999505,9.060101e-06,4.0419374e-05,9.080406e-09,fresh
IMG_6150.jpg,fresh,8.0,91.0,9,2025-09-19,0,7,/content/drive/MyDrive/spoilage_dataset/dataset_root/fresh/IMG_6150.jpg,0.9992539,0.0004441232,0.0003018547,1.711546e-07,fresh
IMG_6151.jpg,fresh,8.0,91.0,9,2025-09-19,0,7,/content/drive/MyDrive/spoilage_dataset/dataset_root/fresh/IMG_6151.jpg,0.9999728,1.6720052e-05,1.038646e-05,7.461677e-08,fresh
IMG_6152.jpg,fresh,8.0,91.0,9,2025-09-19,0,7,/content/drive/MyDrive/spoilage_dataset/dataset_root/fresh/IMG_6152.jpg,0.9998784,0.000115425144,6.1640117e-06,7.229626e-09,fresh
IMG_6153.jpg,fresh,8.0,91.0,9,2025-09-19,0,7,/content/drive/MyDrive/spoilage_dataset/dataset_root/fresh/IMG_6153.jpg,0.99996865,3.0013965e-05,1.3692606e-06,6.34457e-09,fresh
IMG_6154.jpg,fresh,8.0,91.0,9,2025-09-19,0,7,/content/drive/MyDrive/spoilage_dataset/dataset_root/fresh/IMG_6154.jpg,0.99958676,0.00036120877,5.1946077e-05,6.1169764e-08,fresh
IMG_6155.jpg,fresh,8.0,91.0,9,2025-09-19,0,7,/content/drive/MyDrive/spoilage_dataset/dataset_root/fresh/IMG_6155.jpg,0.9999167,7.093474e-05,1.231561e-05,6.081333e-08,fresh
IMG_6157.jpg,fresh,8.0,91.0,9,2025-09-19,0,7,/content/drive/MyDrive/spoilage_dataset/dataset_root/fresh/IMG_6157.jpg,0.99990284,9.457378e-05,2.46089e-06,9.0207344e-08,fresh
IMG_6160.jpg,fresh,8.0,91.0,9,2025-09-19,0,7,/content/drive/MyDrive/spoilage_dataset/dataset_root/fresh/IMG_6160.jpg,0.9991722,0.00068935606,0.0001235671,1.4830136e-05,fresh
IMG_6161.jpg,fresh,8.0,91.0,9,2025-09-19,0,7,/content/drive/MyDrive/spoilage_dataset/dataset_root/fresh/IMG_6161.jpg,0.9991936,0.0007701457,3.2196138e-05,4.10289e-06,fresh
IMG_6162.jpg,fresh,8.0,91.0,9,2025-09-19,0,7,/content/drive/MyDrive/spoilage_dataset/dataset_root/fresh/IMG_6162.jpg,0.99909425,0.0008564739,4.7283287e-05,2.0131024e-06,fresh
IMG_6163.jpg,fresh,8.0,91.0,9,2025-09-19,0,7,/content/drive/MyDrive/spoilage_dataset/dataset_root/fresh/IMG_6163.jpg,0.98246104,0.016206944,0.0013273511,4.7211943e-06,fresh
IMG_6164.jpg,fresh,8.0,91.0,9,2025-09-19,0,7,/content/drive/MyDrive/spoilage_dataset/dataset_root/fresh/IMG_6164.jpg,0.96331936,0.03567533,0.0010023175,2.9948224e-06,fresh
IMG_6165.jpg,fresh,8.0,91.0,9,2025-09-19,0,7,/content/drive/MyDrive/spoilage_dataset/dataset_root/fresh/IMG_6165.jpg,0.995484,0.004257145,0.0002523054,6.486481e-06,fresh
IMG_6166.jpg,fresh,8.0,91.0,9,2025-09-19,0,7,/content/drive/MyDrive/spoilage_dataset/dataset_root/fresh/IMG_6166.jpg,0.99525094,0.0046444633,0.000104513376,1.4077692e-07,fresh
IMG_6167.jpg,fresh,8.0,91.0,9,2025-09-19,0,7,/content/drive/MyDrive/spoilage_dataset/dataset_root/fresh/IMG_6167.jpg,0.9980513,0.0019422822,6.3388857e-06,1.1157412e-07,fresh
IMG_6168.jpg,fresh,8.0,91.0,9,2025-09-19,0,7,/content/drive/MyDrive/spoilage_dataset/dataset_root/fresh/IMG_6168.jpg,0.9957432,0.004242906,1.3491065e-05,3.2741374e-07,fresh
IMG_6170.jpg,fresh,8.0,91.0,9,2025-09-19,0,7,/content/drive/MyDrive/spoilage_dataset/dataset_root/fresh/IMG_6170.jpg,0.9985721,0.0014138756,1.367546e-05,3.80724e-07,fresh
IMG_6171.jpg,fresh,8.0,91.0,9,2025-09-19,0,7,/content/drive/MyDrive/spoilage_dataset/dataset_root/fresh/IMG_6171.jpg,0.9987582,0.0012352468,6.415989e-06,7.034854e-08,fresh
IMG_6172.jpg,fresh,8.0,91.0,9,2025-09-19,0,7,/content/drive/MyDrive/spoilage_dataset/dataset_root/fresh/IMG_6172.jpg,0.9975546,0.0024423345,3.0726778e-06,1.4345424e-08,fresh
IMG_6173.jpg,fresh,8.0,91.0,9,2025-09-19,0,7,/content/drive/MyDrive/spoilage_dataset/dataset_root/fresh/IMG_6173.jpg,0.9997472,0.00025113224,1.6939598e-06,3.184573e-08,fresh
IMG_6174.jpg,fresh,8.0,91.0,9,2025-09-19,0,7,/content/drive/MyDrive/spoilage_dataset/dataset_root/fresh/IMG_6174.jpg,0.9975189,0.002451745,2.8527678e-05,7.8645996e-07,fresh
IMG_6175.jpg,fresh,8.0,91.0,9,2025-09-19,0,7,/content/drive/MyDrive/spoilage_dataset/dataset_root/fresh/IMG_6175.jpg,0.9986725,0.0012908352,3.4455836e-05,2.2294178e-06,fresh
IMG_6176.jpg,fresh,8.0,91.0,9,2025-09-19,0,7,/content/drive/MyDrive/spoilage_dataset/dataset_root/fresh/IMG_6176.jpg,0.9998267,0.00016951158,3.7256236e-06,1.6639098e-07,fresh
IMG_6177.jpg,fresh,8.0,91.0,9,2025-09-19,0,7,/content/drive/MyDrive/spoilage_dataset/dataset_root/fresh/IMG_6177.jpg,0.9996884,0.00029267863,1.7033502e-05,1.8753827e-06,fresh
IMG_6178.jpg,fresh,8.0,91.0,9,2025-09-19,0,7,/content/drive/MyDrive/spoilage_dataset/dataset_root/fresh/IMG_6178.jpg,0.99967647,0.00030842485,1.5018766e-05,1.6739456e-07,fresh
IMG_6180.jpg,fresh,8.0,91.0,9,2025-09-19,0,7,/content/drive/MyDrive/spoilage_dataset/dataset_root/fresh/IMG_6180.jpg,0.9993272,0.00066293345,9.862674e-06,3.609741e-08,fresh
IMG_6181.jpg,fresh,8.0,91.0,9,2025-09-19,0,7,/content/drive/MyDrive/spoilage_dataset/dataset_root/fresh/IMG_6181.jpg,0.998889,0.0010978509,1.310822e-05,3.7077488e-08,fresh
IMG_6182.jpg,fresh,8.0,91.0,9,2025-09-19,0,7,/content/drive/MyDrive/spoilage_dataset/dataset_root/fresh/IMG_6182.jpg,0.988962,0.010814093,0.00022343016,4.9409175e-07,fresh
IMG_6183.jpg,fresh,8.0,91.0,9,2025-09-19,0,7,/content/drive/MyDrive/spoilage_dataset/dataset_root/fresh/IMG_6183.jpg,0.9991478,0.00084570114,6.5095096e-06,7.0837065e-09,fresh
IMG_6184.jpg,fresh,8.0,91.0,9,2025-09-19,0,7,/content/drive/MyDrive/spoilage_dataset/dataset_root/fresh/IMG_6184.jpg,0.99823856,0.0017536848,7.6845545e-06,1.9830539e-08,fresh
IMG_6185.jpg,fresh,8.0,91.0,9,2025-09-19,0,7,/content/drive/MyDrive/spoilage_dataset/dataset_root/fresh/IMG_6185.jpg,0.999302,0.00067103043,2.6775102e-05,5.972469e-08,fresh
IMG_6186.jpg,fresh,8.0,91.0,9,2025-09-19,0,7,/content/drive/MyDrive/spoilage_dataset/dataset_root/fresh/IMG_6186.jpg,0.99921584,0.0007790131,5.082859e-06,1.4654848e-08,fresh
IMG_6188.jpg,fresh,8.0,91.0,9,2025-09-19,0,7,/content/drive/MyDrive/spoilage_dataset/dataset_root/fresh/IMG_6188.jpg,0.9772816,0.022700556,1.7762484e-05,6.283072e-08,fresh
IMG_6189.jpg,fresh,8.0,91.0,9,2025-09-19,0,7,/content/drive/MyDrive/spoilage_dataset/dataset_root/fresh/IMG_6189.jpg,0.9895577,0.010418434,2.3876144e-05,1.1537108e-07,fresh
IMG_6190.jpg,fresh,8.0,91.0,9,2025-09-19,0,7,/content/drive/MyDrive/spoilage_dataset/dataset_root/fresh/IMG_6190.jpg,0.99383485,0.006158215,7.0252695e-06,2.4537428e-08,fresh
IMG_6191.jpg,fresh,8.0,91.0,9,2025-09-19,0,7,/content/drive/MyDrive/spoilage_dataset/dataset_root/fresh/IMG_6191.jpg,0.9921508,0.007818907,3.0161707e-05,6.677371e-08,fresh
IMG_6192.jpg,fresh,8.0,91.0,9,2025-09-19,0,7,/content/drive/MyDrive/spoilage_dataset/dataset_root/fresh/IMG_6192.jpg,0.9968233,0.0031734447,3.160483e-06,2.0326851e-08,fresh
IMG_6193.jpg,fresh,8.0,91.0,9,2025-09-19,0,7,/content/drive/MyDrive/spoilage_dataset/dataset_root/fresh/IMG_6193.jpg,0.9981615,0.0018333872,5.1661077e-06,5.5096184e-08,fresh
IMG_6194.jpg,fresh,8.0,91.0,9,2025-09-19,0,7,/content/drive/MyDrive/spoilage_dataset/dataset_root/fresh/IMG_6194.jpg,0.9833694,0.016578184,5.2279265e-05,1.2372897e-07,fresh
IMG_6195.jpg,fresh,8.0,91.0,9,2025-09-19,0,7,/content/drive/MyDrive/spoilage_dataset/dataset_root/fresh/IMG_6195.jpg,0.9985997,0.0013907584,9.439257e-06,6.034364e-08,fresh
IMG_3382.JPG,near_spoilage,5.0,88.0,0,2025-09-24,5,2,/content/drive/MyDrive/spoilage_dataset/dataset_root/near_spoilage/IMG_3382.JPG,4.0275368e-06,0.00027954258,0.9997044,1.1997601e-05,near_spoilage
IMG_3383.JPG,near_spoilage,5.0,88.0,0,2025-09-24,5,2,/content/drive/MyDrive/spoilage_dataset/dataset_root/near_spoilage/IMG_3383.JPG,9.505951e-07,0.0002890465,0.99970716,2.884712e-06,near_spoilage
IMG_3384.JPG,near_spoilage,5.0,88.0,0,2025-09-24,5,2,/content/drive/MyDrive/spoilage_dataset/dataset_root/near_spoilage/IMG_3384.JPG,8.070711e-06,0.0005273982,0.99944633,1.8179999e-05,near_spoilage
IMG_3385.JPG,near_spoilage,5.0,88.0,0,2025-09-24,5,2,/content/drive/MyDrive/spoilage_dataset/dataset_root/near_spoilage/IMG_3385.JPG,1.3507202e-05,0.00024646395,0.9997248,1.5214635e-05,near_spoilage
IMG_3386.JPG,near_spoilage,5.0,88.0,0,2025-09-24,5,2,/content/drive/MyDrive/spoilage_dataset/dataset_root/near_spoilage/IMG_3386.JPG,4.4457033e-06,0.0015578802,0.99843305,4.670646e-06,near_spoilage
IMG_3387.JPG,near_spoilage,5.0,88.0,0,2025-09-24,5,2,/content/drive/MyDrive/spoilage_dataset/dataset_root/near_spoilage/IMG_3387.JPG,3.8138447e-07,0.00013726576,0.999858,4.246878e-06,near_spoilage
IMG_3388.JPG,near_spoilage,5.0,88.0,0,2025-09-24,5,2,/content/drive/MyDrive/spoilage_dataset/dataset_root/near_spoilage/IMG_3388.JPG,3.9994657e-06,7.0088296e-05,0.9999162,9.605938e-06,near_spoilage
IMG_3389.JPG,near_spoilage,5.0,88.0,0,2025-09-24,5,2,/content/drive/MyDrive/spoilage_dataset/dataset_root/near_spoilage/IMG_3389.JPG,4.600327e-06,6.570077e-05,0.99991775,1.19619635e-05,near_spoilage
IMG_3390.JPG,near_spoilage,5.0,88.0,0,2025-09-24,5,2,/content/drive/MyDrive/spoilage_dataset/dataset_root/near_spoilage/IMG_3390.JPG,2.1768842e-06,0.00015812316,0.9998216,1.8099825e-05,near_spoilage
IMG_3391.JPG,near_spoilage,5.0,88.0,0,2025-09-24,5,2,/content/drive/MyDrive/spoilage_dataset/dataset_root/near_spoilage/IMG_3391.JPG,2.269902e-06,0.00014810101,0.9998192,3.040576e-05,near_spoilage
IMG_3392.JPG,near_spoilage,5.0,88.0,0,2025-09-24,5,2,/content/drive/MyDrive/spoilage_dataset/dataset_root/near_spoilage/IMG_3392.JPG,1.3425521e-06,7.213031e-05,0.9999205,6.115676e-06,near_spoilage
IMG_3393.JPG,near_spoilage,5.0,88.0,0,2025-09-24,5,2,/content/drive/MyDrive/spoilage_dataset/dataset_root/near_spoilage/IMG_3393.JPG,1.5822048e-06,5.735801e-05,0.99993336,7.713268e-06,near_spoilage
IMG_3394.JPG,near_spoilage,5.0,88.0,0,2025-09-24,5,2,/content/drive/MyDrive/spoilage_dataset/dataset_root/near_spoilage/IMG_3394.JPG,1.375575e-06,4.3208507e-05,0.9999443,1.11063055e-05,near_spoilage
IMG_3395.JPG,near_spoilage,5.0,88.0,0,2025-09-24,5,2,/content/drive/MyDrive/spoilage_dataset/dataset_root/near_spoilage/IMG_3395.JPG,2.6586572e-06,0.0002152837,0.9997788,3.205262e-06,near_spoilage
IMG_3396.JPG,near_spoilage,5.0,88.0,0,2025-09-24,5,2,/content/drive/MyDrive/spoilage_dataset/dataset_root/near_spoilage/IMG_3396.JPG,1.6538751e-06,9.878679e-05,0.99989593,3.5345408e-06,near_spoilage
IMG_3397.JPG,near_spoilage,5.0,88.0,0,2025-09-24,5,2,/content/drive/MyDrive/spoilage_dataset/dataset_root/near_spoilage/IMG_3397.JPG,5.5136263e-07,0.00041720216,0.9995627,1.9544625e-05,near_spoilage
IMG_3398.JPG,near_spoilage,5.0,88.0,0,2025-09-24,5,2,/content/drive/MyDrive/spoilage_dataset/dataset_root/near_spoilage/IMG_3398.JPG,6.210451e-06,0.0003519428,0.99962795,1.3806754e-05,near_spoilage
IMG_3399.JPG,near_spoilage,5.0,88.0,0,2025-09-24,5,2,/content/drive/MyDrive/spoilage_dataset/dataset_root/near_spoilage/IMG_3399.JPG,2.0737766e-06,0.000344148,0.9996457,8.094223e-06,near_spoilage
IMG_3400.JPG,near_spoilage,5.0,88.0,0,2025-09-24,5,2,/content/drive/MyDrive/spoilage_dataset/dataset_root/near_spoilage/IMG_3400.JPG,7.018333e-07,0.00013534914,0.9998579,6.132358e-06,near_spoilage
IMG_3401.JPG,near_spoilage,5.0,88.0,0,2025-09-24,5,2,/content/drive/MyDrive/spoilage_dataset/dataset_root/near_spoilage/IMG_3401.JPG,1.0332262e-06,0.00012419639,0.9998399,3.4861296e-05,near_spoilage
IMG_3402.JPG,near_spoilage,5.0,88.0,0,2025-09-24,5,2,/content/drive/MyDrive/spoilage_dataset/dataset_root/near_spoilage/IMG_3402.JPG,3.3731656e-06,0.00022311536,0.9997464,2.7141616e-05,near_spoilage
IMG_3403.JPG,near_spoilage,5.0,88.0,0,2025-09-24,5,2,/content/drive/MyDrive/spoilage_dataset/dataset_root/near_spoilage/IMG_3403.JPG,8.13604e-06,0.0001388198,0.9998492,3.7686546e-06,near_spoilage
IMG_3404.JPG,near_spoilage,5.0,88.0,0,2025-09-24,5,2,/content/drive/MyDrive/spoilage_dataset/dataset_root/near_spoilage/IMG_3404.JPG,4.097979e-06,0.00017734802,0.99981815,4.861421e-07,near_spoilage
IMG_3405.JPG,near_spoilage,5.0,88.0,0,2025-09-24,5,2,/content/drive/MyDrive/spoilage_dataset/dataset_root/near_spoilage/IMG_3405.JPG,2.8136253e-06,7.3032774e-05,0.99992335,8.722367e-07,near_spoilage
IMG_3406.JPG,near_spoilage,5.0,88.0,0,2025-09-24,5,2,/content/drive/MyDrive/spoilage_dataset/dataset_root/near_spoilage/IMG_3406.JPG,8.6192784e-07,9.0224145e-05,0.9999083,5.4396685e-07,near_spoilage
IMG_3407.JPG,near_spoilage,5.0,88.0,0,2025-09-24,5,2,/content/drive/MyDrive/spoilage_dataset/dataset_root/near_spoilage/IMG_3407.JPG,3.965713e-06,7.747495e-05,0.99991727,1.2888937e-06,near_spoilage
IMG_3408.JPG,near_spoilage,5.0,88.0,0,2025-09-24,5,2,/content/drive/MyDrive/spoilage_dataset/dataset_root/near_spoilage/IMG_3408.JPG,6.7816494e-08,4.154569e-05,0.9999578,5.65452e-07,near_spoilage
IMG_3409.JPG,near_spoilage,5.0,88.0,0,2025-09-24,5,2,/content/drive/MyDrive/spoilage_dataset/dataset_root/near_spoilage/IMG_3409.JPG,4.447148e-07,9.651404e-05,0.9999007,2.3843663e-06,near_spoilage
IMG_3410.JPG,near_spoilage,5.0,88.0,0,2025-09-24,5,2,/content/drive/MyDrive/spoilage_dataset/dataset_root/near_spoilage/IMG_3410.JPG,3.274563e-07,9.424592e-06,0.99998975,5.084154e-07,near_spoilage
IMG_3411.JPG,near_spoilage,5.0,88.0,0,2025-09-24,5,2,/content/drive/MyDrive/spoilage_dataset/dataset_root/near_spoilage/IMG_3411.JPG,6.088231e-07,3.0408499e-05,0.9999684,6.3472316e-07,near_spoilage
IMG_3412.JPG,near_spoilage,5.0,88.0,0,2025-09-24,5,2,/content/drive/MyDrive/spoilage_dataset/dataset_root/near_spoilage/IMG_3412.JPG,1.6329417e-07,4.337609e-05,0.999954,2.5087463e-06,near_spoilage
IMG_3413.JPG,near_spoilage,5.0,88.0,0,2025-09-24,5,2,/content/drive/MyDrive/spoilage_dataset/dataset_root/near_spoilage/IMG_3413.JPG,1.502371e-06,0.00034685526,0.99965036,1.2858563e-06,near_spoilage
IMG_3414.JPG,near_spoilage,5.0,88.0,0,2025-09-24,5,2,/content/drive/MyDrive/spoilage_dataset/dataset_root/near_spoilage/IMG_3414.JPG,8.579548e-07,0.00011342579,0.99988484,7.7634553e-07,near_spoilage
IMG_3415.JPG,near_spoilage,5.0,88.0,0,2025-09-24,5,2,/content/drive/MyDrive/spoilage_dataset/dataset_root/near_spoilage/IMG_3415.JPG,7.874168e-07,8.078084e-05,0.9999162,2.2425493e-06,near_spoilage
IMG_3416.JPG,near_spoilage,5.0,88.0,0,2025-09-24,5,2,/content/drive/MyDrive/spoilage_dataset/dataset_root/near_spoilage/IMG_3416.JPG,1.5558834e-06,0.0001959099,0.99980015,2.334395e-06,near_spoilage
IMG_3417.JPG,near_spoilage,5.0,88.0,0,2025-09-24,5,2,/content/drive/MyDrive/spoilage_dataset/dataset_root/near_spoilage/IMG_3417.JPG,1.6555434e-06,0.0010372405,0.99896014,9.54487e-07,near_spoilage
IMG_3418.JPG,near_spoilage,5.0,88.0,0,2025-09-24,5,2,/content/drive/MyDrive/spoilage_dataset/dataset_root/near_spoilage/IMG_3418.JPG,7.1339286e-07,6.886289e-05,0.9999294,9.4870325e-07,near_spoilage
IMG_3419.JPG,near_spoilage,5.0,88.0,0,2025-09-24,5,2,/content/drive/MyDrive/spoilage_dataset/dataset_root/near_spoilage/IMG_3419.JPG,1.4816595e-06,6.385229e-05,0.9999316,3.039736e-06,near_spoilage
IMG_3420.JPG,near_spoilage,5.0,88.0,0,2025-09-24,5,2,/content/drive/MyDrive/spoilage_dataset/dataset_root/near_spoilage/IMG_3420.JPG,6.6502134e-06,0.00012755897,0.99986327,2.480845e-06,near_spoilage
IMG_3421.JPG,near_spoilage,5.0,88.0,0,2025-09-24,5,2,/content/drive/MyDrive/spoilage_dataset/dataset_root/near_spoilage/IMG_3421.JPG,9.418052e-06,0.00017262017,0.99981254,5.481956e-06,near_spoilage
IMG_3422.JPG,near_spoilage,5.0,88.0,0,2025-09-24,5,2,/content/drive/MyDrive/spoilage_dataset/dataset_root/near_spoilage/IMG_3422.JPG,3.498102e-05,8.191967e-08,0.99996483,1.3236271e-07,near_spoilage
IMG_3423.JPG,near_spoilage,5.0,88.0,0,2025-09-24,5,2,/content/drive/MyDrive/spoilage_dataset/dataset_root/near_spoilage/IMG_3423.JPG,8.6383225e-06,1.6358548e-07,0.99999106,1.0362903e-07,near_spoilage
IMG_3424.JPG,near_spoilage,5.0,88.0,0,2025-09-24,5,2,/content/drive/MyDrive/spoilage_dataset/dataset_root/near_spoilage/IMG_3424.JPG,3.391063e-07,8.122656e-08,0.9999995,9.2115116e-09,near_spoilage
IMG_3425.JPG,near_spoilage,5.0,88.0,0,2025-09-24,5,2,/content/drive/MyDrive/spoilage_dataset/dataset_root/near_spoilage/IMG_3425.JPG,8.606905e-06,1.5019012e-07,0.9999913,1.5805183e-08,near_spoilage
IMG_3426.JPG,near_spoilage,5.0,88.0,0,2025-09-24,5,2,/content/drive/MyDrive/spoilage_dataset/dataset_root/near_spoilage/IMG_3426.JPG,6.626861e-06,7.1616284e-08,0.9999933,5.070989e-08,near_spoilage
IMG_3427.JPG,near_spoilage,5.0,88.0,0,2025-09-24,5,2,/content/drive/MyDrive/spoilage_dataset/dataset_root/near_spoilage/IMG_3427.JPG,1.707173e-05,1.5767326e-07,0.9999826,1.6337097e-07,near_spoilage
IMG_3428.JPG,near_spoilage,5.0,88.0,0,2025-09-24,5,2,/content/drive/MyDrive/spoilage_dataset/dataset_root/near_spoilage/IMG_3428.JPG,4.6367316e-07,3.9729455e-09,0.9999995,1.1328531e-09,near_spoilage
IMG_3429.JPG,near_spoilage,5.0,88.0,0,2025-09-24,5,2,/content/drive/MyDrive/spoilage_dataset/dataset_root/near_spoilage/IMG_3429.JPG,5.40265e-05,4.1013482e-07,0.9999453,2.4233543e-07,near_spoilage
IMG_3430.JPG,near_spoilage,5.0,88.0,0,2025-09-24,5,2,/content/drive/MyDrive/spoilage_dataset/dataset_root/near_spoilage/IMG_3430.JPG,5.572968e-06,1.8776846e-07,0.9999943,4.7077105e-08,near_spoilage
IMG_3431.JPG,near_spoilage,5.0,88.0,0,2025-09-24,5,2,/content/drive/MyDrive/spoilage_dataset/dataset_root/near_spoilage/IMG_3431.JPG,4.9087485e-05,2.8931828e-07,0.9999504,2.207749e-07,near_spoilage
IMG_3432.JPG,near_spoilage,5.0,88.0,0,2025-09-24,5,2,/content/drive/MyDrive/spoilage_dataset/dataset_root/near_spoilage/IMG_3432.JPG,1.8979988e-05,5.6021304e-07,0.9999802,2.7196862e-07,near_spoilage
IMG_3433.JPG,near_spoilage,5.0,88.0,0,2025-09-24,5,2,/content/drive/MyDrive/spoilage_dataset/dataset_root/near_spoilage/IMG_3433.JPG,3.3439487e-06,1.9760452e-07,0.9999964,3.891539e-08,near_spoilage
IMG_3434.JPG,near_spoilage,5.0,88.0,0,2025-09-24,5,2,/content/drive/MyDrive/spoilage_dataset/dataset_root/near_spoilage/IMG_3434.JPG,8.7315993e-07,5.583485e-08,0.99999905,3.851923e-08,near_spoilage
IMG_3435.JPG,near_spoilage,5.0,88.0,0,2025-09-24,5,2,/content/drive/MyDrive/spoilage_dataset/dataset_root/near_spoilage/IMG_3435.JPG,1.939591e-05,2.4883425e-07,0.9999802,7.416242e-08,near_spoilage
IMG_3436.JPG,near_spoilage,5.0,88.0,0,2025-09-24,5,2,/content/drive/MyDrive/spoilage_dataset/dataset_root/near_spoilage/IMG_3436.JPG,3.666009e-07,7.853401e-08,0.9999995,1.0047656e-08,near_spoilage
IMG_3437.JPG,near_spoilage,5.0,88.0,0,2025-09-24,5,2,/content/drive/MyDrive/spoilage_dataset/dataset_root/near_spoilage/IMG_3437.JPG,7.317649e-07,7.9775276e-08,0.99999917,2.4367983e-08,near_spoilage
IMG_3438.JPG,near_spoilage,5.0,88.0,0,2025-09-24,5,2,/content/drive/MyDrive/spoilage_dataset/dataset_root/near_spoilage/IMG_3438.JPG,2.9148496e-06,4.439897e-09,0.999997,6.509763e-08,near_spoilage
IMG_3439.JPG,near_spoilage,5.0,88.0,0,2025-09-24,5,2,/content/drive/MyDrive/spoilage_dataset/dataset_root/near_spoilage/IMG_3439.JPG,6.1336286e-06,3.3619273e-07,0.99999356,4.7223928e-08,near_spoilage
IMG_3440.JPG,near_spoilage,5.0,88.0,0,2025-09-24,5,2,/content/drive/MyDrive/spoilage_dataset/dataset_root/near_spoilage/IMG_3440.JPG,2.2445898e-05,8.7733824e-08,0.99997735,1.3400947e-07,near_spoilage
IMG_3441.JPG,near_spoilage,5.0,88.0,0,2025-09-24,5,2,/content/drive/MyDrive/spoilage_dataset/dataset_root/near_spoilage/IMG_3441.JPG,6.8256867e-07,2.056241e-08,0.9999993,2.5037759e-08,near_spoilage
IMG_3442.JPG,near_spoilage,5.0,88.0,0,2025-09-24,5,2,/content/drive/MyDrive/spoilage_dataset/dataset_root/near_spoilage/IMG_3442.JPG,1.8401655e-05,1.15177784e-07,0.9999814,1.382422e-07,near_spoilage
IMG_3443.JPG,near_spoilage,5.0,88.0,0,2025-09-24,5,2,/content/drive/MyDrive/spoilage_dataset/dataset_root/near_spoilage/IMG_3443.JPG,2.4220635e-06,4.648142e-08,0.9999975,2.715735e-08,near_spoilage
IMG_3444.JPG,near_spoilage,5.0,88.0,0,2025-09-24,5,2,/content/drive/MyDrive/spoilage_dataset/dataset_root/near_spoilage/IMG_3444.JPG,1.0998402e-08,3.9832e-08,0.9999999,7.9724835e-08,near_spoilage
IMG_3445.JPG,near_spoilage,5.0,88.0,0,2025-09-24,5,2,/content/drive/MyDrive/spoilage_dataset/dataset_root/near_spoilage/IMG_3445.JPG,2.0361726e-07,8.1232184e-07,0.9999987,1.8592432e-07,near_spoilage
IMG_3446.JPG,near_spoilage,5.0,88.0,0,2025-09-24,5,2,/content/drive/MyDrive/spoilage_dataset/dataset_root/near_spoilage/IMG_3446.JPG,5.164933e-10,4.386717e-10,1.0,5.184268e-10,near_spoilage
IMG_3447.JPG,near_spoilage,5.0,88.0,0,2025-09-24,5,2,/content/drive/MyDrive/spoilage_dataset/dataset_root/near_spoilage/IMG_3447.JPG,1.8673264e-08,1.1867003e-08,1.0,1.4359678e-08,near_spoilage
IMG_3448.JPG,near_spoilage,5.0,88.0,0,2025-09-24,5,2,/content/drive/MyDrive/spoilage_dataset/dataset_root/near_spoilage/IMG_3448.JPG,1.8859996e-08,2.5427198e-07,0.99999976,9.996219e-09,near_spoilage
IMG_3449.JPG,near_spoilage,5.0,88.0,0,2025-09-24,5,2,/content/drive/MyDrive/spoilage_dataset/dataset_root/near_spoilage/IMG_3449.JPG,4.3710184e-08,1.4361545e-07,0.99999976,5.3233734e-08,near_spoilage
IMG_3450.JPG,near_spoilage,5.0,88.0,0,2025-09-24,5,2,/content/drive/MyDrive/spoilage_dataset/dataset_root/near_spoilage/IMG_3450.JPG,2.1273612e-08,1.6627081e-07,0.99999976,6.154664e-09,near_spoilage
IMG_3451.JPG,near_spoilage,5.0,88.0,0,2025-09-24,5,2,/content/drive/MyDrive/spoilage_dataset/dataset_root/near_spoilage/IMG_3451.JPG,6.003271e-08,1.449507e-07,0.99999976,1.1480149e-08,near_spoilage
IMG_3452.JPG,near_spoilage,5.0,88.0,0,2025-09-24,5,2,/content/drive/MyDrive/spoilage_dataset/dataset_root/near_spoilage/IMG_3452.JPG,8.738138e-08,4.3785755e-07,0.9999995,1.392674e-08,near_spoilage
IMG_3453.JPG,near_spoilage,5.0,88.0,0,2025-09-24,5,2,/content/drive/MyDrive/spoilage_dataset/dataset_root/near_spoilage/IMG_3453.JPG,9.671126e-09,4.5997575e-07,0.9999995,2.0985656e-08,near_spoilage
IMG_3454.JPG,near_spoilage,5.0,88.0,0,2025-09-24,5,2,/content/drive/MyDrive/spoilage_dataset/dataset_root/near_spoilage/IMG_3454.JPG,5.6652194e-09,3.6901803e-08,1.0,3.7727053e-09,near_spoilage
IMG_3455.JPG,near_spoilage,5.0,88.0,0,2025-09-24,5,2,/content/drive/MyDrive/spoilage_dataset/dataset_root/near_spoilage/IMG_3455.JPG,1.7708674e-08,4.4974527e-07,0.9999995,9.021274e-09,near_spoilage
IMG_3456.JPG,near_spoilage,5.0,88.0,0,2025-09-24,5,2,/content/drive/MyDrive/spoilage_dataset/dataset_root/near_spoilage/IMG_3456.JPG,1.9426528e-08,6.599771e-08,0.9999999,3.1703337e-08,near_spoilage
IMG_3457.JPG,near_spoilage,5.0,88.0,0,2025-09-24,5,2,/content/drive/MyDrive/spoilage_dataset/dataset_root/near_spoilage/IMG_3457.JPG,1.366141e-09,1.2406726e-09,1.0,5.369482e-10,near_spoilage
IMG_3458.JPG,near_spoilage,5.0,88.0,0,2025-09-24,5,2,/content/drive/MyDrive/spoilage_dataset/dataset_root/near_spoilage/IMG_3458.JPG,4.902316e-07,2.0526213e-05,0.9998572,0.00012183988,near_spoilage
IMG_3459.JPG,near_spoilage,5.0,88.0,0,2025-09-24,5,2,/content/drive/MyDrive/spoilage_dataset/dataset_root/near_spoilage/IMG_3459.JPG,3.725804e-07,2.4341398e-06,0.9999728,2.427314e-05,near_spoilage
IMG_3460.JPG,near_spoilage,5.0,88.0,0,2025-09-24,5,2,/content/drive/MyDrive/spoilage_dataset/dataset_root/near_spoilage/IMG_3460.JPG,4.6043692e-07,5.3108365e-06,0.999861,0.00013331053,near_spoilage
IMG_3461.JPG,near_spoilage,5.0,88.0,0,2025-09-24,5,2,/content/drive/MyDrive/spoilage_dataset/dataset_root/near_spoilage/IMG_3461.JPG,1.8691613e-06,1.0330195e-05,0.9997032,0.00028460348,near_spoilage
IMG_3462.JPG,near_spoilage,5.0,88.0,0,2025-09-24,5,2,/content/drive/MyDrive/spoilage_dataset/dataset_root/near_spoilage/IMG_3462.JPG,4.0784093e-07,3.7571979e-06,0.99998033,1.5468002e-05,near_spoilage
IMG_3463.JPG,near_spoilage,5.0,88.0,0,2025-09-24,5,2,/content/drive/MyDrive/spoilage_dataset/dataset_root/near_spoilage/IMG_3463.JPG,6.218922e-07,4.1387407e-06,0.99997866,1.658674e-05,near_spoilage
IMG_3464.JPG,near_spoilage,5.0,88.0,0,2025-09-24,5,2,/content/drive/MyDrive/spoilage_dataset/dataset_root/near_spoilage/IMG_3464.JPG,1.4806113e-07,2.565997e-06,0.99998546,1.176781e-05,near_spoilage
IMG_3465.JPG,near_spoilage,5.0,88.0,0,2025-09-24,5,2,/content/drive/MyDrive/spoilage_dataset/dataset_root/near_spoilage/IMG_3465.JPG,3.3596763e-07,1.4580281e-05,0.9999417,4.337118e-05,near_spoilage
IMG_3466.JPG,near_spoilage,5.0,88.0,0,2025-09-24,5,2,/content/drive/MyDrive/spoilage_dataset/dataset_root/near_spoilage/IMG_3466.JPG,1.7050828e-08,0.0009008373,0.9990989,2.9285616e-07,near_spoilage
IMG_3467.JPG,near_spoilage,5.0,88.0,0,2025-09-24,5,2,/content/drive/MyDrive/spoilage_dataset/dataset_root/near_spoilage/IMG_3467.JPG,3.286436e-07,0.019499218,0.980495,5.4881702e-06,near_spoilage
IMG_3468.JPG,near_spoilage,5.0,88.0,0,2025-09-24,5,2,/content/drive/MyDrive/spoilage_dataset/dataset_root/near_spoilage/IMG_3468.JPG,1.4526766e-07,0.0032855084,0.9967135,8.5433356e-07,near_spoilage
IMG_3469.JPG,near_spoilage,5.0,88.0,0,2025-09-24,5,2,/content/drive/MyDrive/spoilage_dataset/dataset_root/near_spoilage/IMG_3469.JPG,1.9790987e-07,0.0045270976,0.99547017,2.5138825e-06,near_spoilage
IMG_3470.JPG,near_spoilage,5.0,88.0,0,2025-09-24,5,2,/content/drive/MyDrive/spoilage_dataset/dataset_root/near_spoilage/IMG_3470.JPG,1.7867414e-07,0.0018668486,0.9981311,1.855963e-06,near_spoilage
IMG_3471.JPG,near_spoilage,5.0,88.0,0,2025-09-24,5,2,/content/drive/MyDrive/spoilage_dataset/dataset_root/near_spoilage/IMG_3471.JPG,6.1223965e-08,0.0015696433,0.998429,1.3138539e-06,near_spoilage
IMG_3472.JPG,near_spoilage,5.0,88.0,0,2025-09-24,5,2,/content/drive/MyDrive/spoilage_dataset/dataset_root/near_spoilage/IMG_3472.JPG,1.3417616e-07,0.0043297713,0.99566793,2.1310505e-06,near_spoilage
IMG_3473.JPG,near_spoilage,5.0,88.0,0,2025-09-24,5,2,/content/drive/MyDrive/spoilage_dataset/dataset_root/near_spoilage/IMG_3473.JPG,3.9136925e-08,0.00051700126,0.999482,1.084413e-06,near_spoilage
IMG_3474.JPG,near_spoilage,5.0,88.0,0,2025-09-24,5,2,/content/drive/MyDrive/spoilage_dataset/dataset_root/near_spoilage/IMG_3474.JPG,1.9295781e-07,0.0050869845,0.994911,1.822281e-06,near_spoilage
IMG_3475.JPG,near_spoilage,5.0,88.0,0,2025-09-24,5,2,/content/drive/MyDrive/spoilage_dataset/dataset_root/near_spoilage/IMG_3475.JPG,7.414651e-08,0.00079365674,0.9992052,1.0291579e-06,near_spoilage
IMG_3476.JPG,near_spoilage,5.0,88.0,0,2025-09-24,5,2,/content/drive/MyDrive/spoilage_dataset/dataset_root/near_spoilage/IMG_3476.JPG,8.762444e-08,0.0018985418,0.99810034,1.0534109e-06,near_spoilage
IMG_3477.JPG,near_spoilage,5.0,88.0,0,2025-09-24,5,2,/content/drive/MyDrive/spoilage_dataset/dataset_root/near_spoilage/IMG_3477.JPG,9.055991e-08,0.0011148801,0.9988833,1.7221583e-06,near_spoilage
IMG_3478.JPG,near_spoilage,5.0,88.0,0,2025-09-24,5,2,/content/drive/MyDrive/spoilage_dataset/dataset_root/near_spoilage/IMG_3478.JPG,1.2983624e-07,0.0006579536,0.9993411,8.62269e-07,near_spoilage
IMG_3479.JPG,near_spoilage,5.0,88.0,0,2025-09-24,5,2,/content/drive/MyDrive/spoilage_dataset/dataset_root/near_spoilage/IMG_3479.JPG,1.0069233e-07,0.0012617514,0.99873465,3.5063676e-06,near_spoilage
IMG_3480.JPG,near_spoilage,5.0,88.0,0,2025-09-24,5,2,/content/drive/MyDrive/spoilage_dataset/dataset_root/near_spoilage/IMG_3480.JPG,3.0062083e-07,0.002530698,0.9974644,4.5194574e-06,near_spoilage
IMG_3481.JPG,near_spoilage,5.0,88.0,0,2025-09-24,5,2,/content/drive/MyDrive/spoilage_dataset/dataset_root/near_spoilage/IMG_3481.JPG,1.82463e-07,0.0031136302,0.9968821,4.117787e-06,near_spoilage
IMG_3482.JPG,near_spoilage,5.0,88.0,0,2025-09-24,5,2,/content/drive/MyDrive/spoilage_dataset/dataset_root/near_spoilage/IMG_3482.JPG,1.297807e-07,0.0033488753,0.99664897,1.9790602e-06,near_spoilage
IMG_3483.JPG,near_spoilage,5.0,88.0,0,2025-09-24,5,2,/content/drive/MyDrive/spoilage_dataset/dataset_root/near_spoilage/IMG_3483.JPG,6.503664e-07,0.0013298416,0.9986671,2.3882067e-06,near_spoilage
IMG_3484.JPG,near_spoilage,5.0,88.0,0,2025-09-24,5,2,/content/drive/MyDrive/spoilage_dataset/dataset_root/near_spoilage/IMG_3484.JPG,4.0450843e-08,7.773639e-05,0.99992156,6.972207e-07,near_spoilage
IMG_3485.JPG,near_spoilage,5.0,88.0,0,2025-09-24,5,2,/content/drive/MyDrive/spoilage_dataset/dataset_root/near_spoilage/IMG_3485.JPG,2.9862721e-09,3.041178e-05,0.9999695,6.0219655e-08,near_spoilage
IMG_3486.JPG,near_spoilage,5.0,88.0,0,2025-09-24,5,2,/content/drive/MyDrive/spoilage_dataset/dataset_root/near_spoilage/IMG_3486.JPG,2.3166923e-08,8.0147474e-05,0.9999193,4.551474e-07,near_spoilage
IMG_3487.JPG,near_spoilage,5.0,88.0,0,2025-09-24,5,2,/content/drive/MyDrive/spoilage_dataset/dataset_root/near_spoilage/IMG_3487.JPG,1.0386243e-08,4.72958e-05,0.99995255,6.662583e-08,near_spoilage
IMG_3488.JPG,near_spoilage,5.0,88.0,0,2025-09-24,5,2,/content/drive/MyDrive/spoilage_dataset/dataset_root/near_spoilage/IMG_3488.JPG,9.55621e-09,5.5785295e-05,0.9999441,6.90698e-08,near_spoilage
IMG_3489.JPG,near_spoilage,5.0,88.0,0,2025-09-24,5,2,/content/drive/MyDrive/spoilage_dataset/dataset_root/near_spoilage/IMG_3489.JPG,8.469664e-09,3.7873233e-05,0.99996173,3.2698622e-07,near_spoilage
IMG_3490.JPG,near_spoilage,5.0,88.0,0,2025-09-24,5,2,/content/drive/MyDrive/spoilage_dataset/dataset_root/near_spoilage/IMG_3490.JPG,8.6521545e-09,4.656608e-05,0.99995315,1.9411371e-07,near_spoilage
IMG_3491.JPG,near_spoilage,5.0,88.0,0,2025-09-24,5,2,/content/drive/MyDrive/spoilage_dataset/dataset_root/near_spoilage/IMG_3491.JPG,6.4089734e-09,3.0913845e-05,0.999969,7.9850054e-08,near_spoilage
IMG_3492.JPG,near_spoilage,5.0,88.0,0,2025-09-24,5,2,/content/drive/MyDrive/spoilage_dataset/dataset_root/near_spoilage/IMG_3492.JPG,3.0981913e-09,8.576657e-05,0.99991405,7.07589e-08,near_spoilage
IMG_3493.JPG,near_spoilage,5.0,88.0,0,2025-09-24,5,2,/content/drive/MyDrive/spoilage_dataset/dataset_root/near_spoilage/IMG_3493.JPG,4.5883186e-09,6.046943e-05,0.99993956,4.8221214e-08,near_spoilage
IMG_3494.JPG,near_spoilage,5.0,88.0,0,2025-09-24,5,2,/content/drive/MyDrive/spoilage_dataset/dataset_root/near_spoilage/IMG_3494.JPG,2.4319615e-09,1.869716e-05,0.9999813,3.5477704e-08,near_spoilage
IMG_3495.JPG,near_spoilage,5.0,88.0,0,2025-09-24,5,2,/content/drive/MyDrive/spoilage_dataset/dataset_root/near_spoilage/IMG_3495.JPG,5.2292503e-08,0.00012760123,0.9998721,1.8696204e-07,near_spoilage
IMG_3496.JPG,near_spoilage,5.0,88.0,0,2025-09-24,5,2,/content/drive/MyDrive/spoilage_dataset/dataset_root/near_spoilage/IMG_3496.JPG,1.9076783e-08,8.395607e-05,0.99991596,9.9549375e-08,near_spoilage
IMG_3497.JPG,near_spoilage,5.0,88.0,0,2025-09-24,5,2,/content/drive/MyDrive/spoilage_dataset/dataset_root/near_spoilage/IMG_3497.JPG,1.5772941e-05,0.00020754575,0.99977595,7.048887e-07,near_spoilage
IMG_3498.JPG,near_spoilage,5.0,88.0,0,2025-09-24,5,2,/content/drive/MyDrive/spoilage_dataset/dataset_root/near_spoilage/IMG_3498.JPG,1.345659e-05,0.0003971122,0.9995833,6.0530115e-06,near_spoilage
IMG_3499.JPG,near_spoilage,5.0,88.0,0,2025-09-24,5,2,/content/drive/MyDrive/spoilage_dataset/dataset_root/near_spoilage/IMG_3499.JPG,4.634459e-06,0.00019676005,0.9997968,1.8401055e-06,near_spoilage
IMG_3500.JPG,near_spoilage,5.0,88.0,0,2025-09-24,5,2,/content/drive/MyDrive/spoilage_dataset/dataset_root/near_spoilage/IMG_3500.JPG,1.488888e-05,0.00021660786,0.99976724,1.3594341e-06,near_spoilage
IMG_3501.JPG,near_spoilage,5.0,88.0,0,2025-09-24,5,2,/content/drive/MyDrive/spoilage_dataset/dataset_root/near_spoilage/IMG_3501.JPG,2.649906e-05,0.00024847133,0.9997199,5.1262664e-06,near_spoilage
IMG_3502.JPG,near_spoilage,5.0,88.0,0,2025-09-24,5,2,/content/drive/MyDrive/spoilage_dataset/dataset_root/near_spoilage/IMG_3502.JPG,1.0631765e-05,0.00040840326,0.9995801,7.792781e-07,near_spoilage
IMG_3503.JPG,near_spoilage,5.0,88.0,0,2025-09-24,5,2,/content/drive/MyDrive/spoilage_dataset/dataset_root/near_spoilage/IMG_3503.JPG,6.2294557e-06,0.00029332482,0.99969935,1.031317e-06,near_spoilage
IMG_3504.JPG,near_spoilage,5.0,88.0,0,2025-09-24,5,2,/content/drive/MyDrive/spoilage_dataset/dataset_root/near_spoilage/IMG_3504.JPG,1.7115564e-05,0.00017209556,0.99981004,6.657318e-07,near_spoilage
IMG_3505.JPG,near_spoilage,5.0,88.0,0,2025-09-24,5,2,/content/drive/MyDrive/spoilage_dataset/dataset_root/near_spoilage/IMG_3505.JPG,1.2239704e-05,0.0003064827,0.99967766,3.7307173e-06,near_spoilage
IMG_3506.JPG,near_spoilage,5.0,88.0,0,2025-09-24,5,2,/content/drive/MyDrive/spoilage_dataset/dataset_root/near_spoilage/IMG_3506.JPG,2.754099e-05,7.4388554e-05,0.99989784,2.876096e-07,near_spoilage
IMG_3507.JPG,near_spoilage,5.0,88.0,0,2025-09-24,5,2,/content/drive/MyDrive/spoilage_dataset/dataset_root/near_spoilage/IMG_3507.JPG,1.2799649e-05,0.0006602118,0.99932647,6.140164e-07,near_spoilage
IMG_3508.JPG,near_spoilage,5.0,88.0,0,2025-09-24,5,2,/content/drive/MyDrive/spoilage_dataset/dataset_root/near_spoilage/IMG_3508.JPG,2.3701048e-06,0.0005240093,0.99947304,5.6093955e-07,near_spoilage
IMG_3509.JPG,near_spoilage,5.0,88.0,0,2025-09-24,5,2,/content/drive/MyDrive/spoilage_dataset/dataset_root/near_spoilage/IMG_3509.JPG,1.942499e-05,0.0005966833,0.99938333,6.0865256e-07,near_spoilage
IMG_3510.JPG,near_spoilage,5.0,88.0,0,2025-09-24,5,2,/content/drive/MyDrive/spoilage_dataset/dataset_root/near_spoilage/IMG_3510.JPG,1.4990603e-06,0.00038519237,0.999613,3.4673656e-07,near_spoilage
IMG_3511.JPG,near_spoilage,5.0,88.0,0,2025-09-24,5,2,/content/drive/MyDrive/spoilage_dataset/dataset_root/near_spoilage/IMG_3511.JPG,2.5510808e-06,0.0006929619,0.9993037,8.2166997e-07,near_spoilage
IMG_3512.JPG,near_spoilage,5.0,88.0,0,2025-09-24,5,2,/content/drive/MyDrive/spoilage_dataset/dataset_root/near_spoilage/IMG_3512.JPG,1.2144878e-06,9.08322e-05,0.9999075,5.237823e-07,near_spoilage
IMG_3513.JPG,near_spoilage,5.0,88.0,0,2025-09-24,5,2,/content/drive/MyDrive/spoilage_dataset/dataset_root/near_spoilage/IMG_3513.JPG,9.707953e-06,0.00081779534,0.99916804,4.5756387e-06,near_spoilage
IMG_3514.JPG,near_spoilage,5.0,88.0,0,2025-09-24,5,2,/content/drive/MyDrive/spoilage_dataset/dataset_root/near_spoilage/IMG_3514.JPG,2.789543e-06,0.00040460794,0.999592,6.2172643e-07,near_spoilage
IMG_3515.JPG,near_spoilage,5.0,88.0,0,2025-09-24,5,2,/content/drive/MyDrive/spoilage_dataset/dataset_root/near_spoilage/IMG_3515.JPG,2.8826023e-05,0.0017876769,0.99818134,2.1895942e-06,near_spoilage
IMG_3516.JPG,near_spoilage,5.0,88.0,0,2025-09-24,5,2,/content/drive/MyDrive/spoilage_dataset/dataset_root/near_spoilage/IMG_3516.JPG,1.5273476e-05,0.0008100404,0.9991715,3.241192e-06,near_spoilage
IMG_3517.JPG,near_spoilage,5.0,88.0,0,2025-09-24,5,2,/content/drive/MyDrive/spoilage_dataset/dataset_root/near_spoilage/IMG_3517.JPG,4.6770083e-07,2.3258833e-07,0.9999987,5.569589e-07,near_spoilage
IMG_3518.JPG,near_spoilage,5.0,88.0,0,2025-09-24,5,2,/content/drive/MyDrive/spoilage_dataset/dataset_root/near_spoilage/IMG_3518.JPG,3.6760795e-07,3.2854012e-07,0.99999917,1.464859e-07,near_spoilage
IMG_3519.JPG,near_spoilage,5.0,88.0,0,2025-09-24,5,2,/content/drive/MyDrive/spoilage_dataset/dataset_root/near_spoilage/IMG_3519.JPG,3.2110995e-07,1.4812622e-07,0.9999995,6.2363164e-09,near_spoilage
IMG_3520.JPG,near_spoilage,5.0,88.0,0,2025-09-24,5,2,/content/drive/MyDrive/spoilage_dataset/dataset_root/near_spoilage/IMG_3520.JPG,4.9902333e-06,2.831288e-07,0.9999943,4.724606e-07,near_spoilage
IMG_3521.JPG,near_spoilage,5.0,88.0,0,2025-09-24,5,2,/content/drive/MyDrive/spoilage_dataset/dataset_root/near_spoilage/IMG_3521.JPG,7.640366e-06,3.112004e-07,0.9999918,1.8492217e-07,near_spoilage
IMG_3522.JPG,near_spoilage,5.0,88.0,0,2025-09-24,5,2,/content/drive/MyDrive/spoilage_dataset/dataset_root/near_spoilage/IMG_3522.JPG,3.1872978e-06,5.7449296e-07,0.9999958,3.1158535e-07,near_spoilage
IMG_3523.JPG,near_spoilage,5.0,88.0,0,2025-09-24,5,2,/content/drive/MyDrive/spoilage_dataset/dataset_root/near_spoilage/IMG_3523.JPG,1.5038863e-07,1.29338495e-08,0.9999999,1.1233994e-08,near_spoilage
IMG_3524.JPG,near_spoilage,5.0,88.0,0,2025-09-24,5,2,/content/drive/MyDrive/spoilage_dataset/dataset_root/near_spoilage/IMG_3524.JPG,2.4890521e-06,2.0335686e-07,0.9999969,3.8271565e-07,near_spoilage
IMG_3525.JPG,near_spoilage,5.0,88.0,0,2025-09-24,5,2,/content/drive/MyDrive/spoilage_dataset/dataset_root/near_spoilage/IMG_3525.JPG,3.1245602e-07,6.211368e-08,0.99999964,2.502249e-08,near_spoilage
IMG_3526.JPG,near_spoilage,5.0,88.0,0,2025-09-24,5,2,/content/drive/MyDrive/spoilage_dataset/dataset_root/near_spoilage/IMG_3526.JPG,1.6700668e-06,2.2562917e-07,0.99999785,1.8239415e-07,near_spoilage
IMG_3527.JPG,near_spoilage,5.0,88.0,0,2025-09-24,5,2,/content/drive/MyDrive/spoilage_dataset/dataset_root/near_spoilage/IMG_3527.JPG,4.1858075e-06,7.667232e-08,0.99999535,3.8099003e-07,near_spoilage
IMG_3528.JPG,near_spoilage,5.0,88.0,0,2025-09-24,5,2,/content/drive/MyDrive/spoilage_dataset/dataset_root/near_spoilage/IMG_3528.JPG,3.8389982e-07,1.732099e-05,0.99997437,7.80987e-06,near_spoilage
IMG_3529.JPG,near_spoilage,5.0,88.0,0,2025-09-24,5,2,/content/drive/MyDrive/spoilage_dataset/dataset_root/near_spoilage/IMG_3529.JPG,1.9636093e-06,7.168847e-05,0.9999063,2.0010333e-05,near_spoilage
IMG_3530.JPG,near_spoilage,5.0,88.0,0,2025-09-24,5,2,/content/drive/MyDrive/spoilage_dataset/dataset_root/near_spoilage/IMG_3530.JPG,7.0943287e-07,0.00023976882,0.9997522,7.2289035e-06,near_spoilage
IMG_3531.JPG,near_spoilage,5.0,88.0,0,2025-09-24,5,2,/content/drive/MyDrive/spoilage_dataset/dataset_root/near_spoilage/IMG_3531.JPG,2.1222353e-07,2.4106677e-05,0.99995863,1.7056902e-05,near_spoilage
IMG_3532.JPG,near_spoilage,5.0,88.0,1,2025-09-24,5,2,/content/drive/MyDrive/spoilage_dataset/dataset_root/near_spoilage/IMG_3532.JPG,6.561022e-07,8.203062e-05,0.9999025,1.4767026e-05,near_spoilage
IMG_3533.JPG,near_spoilage,5.0,88.0,1,2025-09-24,5,2,/content/drive/MyDrive/spoilage_dataset/dataset_root/near_spoilage/IMG_3533.JPG,0.0002002509,0.0040840353,0.9957046,1.1149665e-05,near_spoilage
IMG_3534.JPG,near_spoilage,5.0,88.0,1,2025-09-24,5,2,/content/drive/MyDrive/spoilage_dataset/dataset_root/near_spoilage/IMG_3534.JPG,0.0041091777,0.0530538,0.94274837,8.8655026e-05,near_spoilage
IMG_3535.JPG,near_spoilage,5.0,88.0,1,2025-09-24,5,2,/content/drive/MyDrive/spoilage_dataset/dataset_root/near_spoilage/IMG_3535.JPG,0.0021245114,0.2284567,0.7692923,0.00012644185,near_spoilage
IMG_3536.JPG,near_spoilage,5.0,88.0,1,2025-09-24,5,2,/content/drive/MyDrive/spoilage_dataset/dataset_root/near_spoilage/IMG_3536.JPG,0.00046149976,0.055611968,0.9438701,5.636589e-05,near_spoilage
IMG_3537.JPG,near_spoilage,5.0,88.0,1,2025-09-24,5,2,/content/drive/MyDrive/spoilage_dataset/dataset_root/near_spoilage/IMG_3537.JPG,0.0009210632,0.13486056,0.8641996,1.880616e-05,near_spoilage
IMG_3538.JPG,near_spoilage,5.0,88.0,1,2025-09-24,5,2,/content/drive/MyDrive/spoilage_dataset/dataset_root/near_spoilage/IMG_3538.JPG,0.0006041836,0.015095699,0.9842919,8.211444e-06,near_spoilage
IMG_3539.JPG,near_spoilage,5.0,88.0,1,2025-09-24,5,2,/content/drive/MyDrive/spoilage_dataset/dataset_root/near_spoilage/IMG_3539.JPG,0.0002119418,0.07975706,0.92001414,1.6877382e-05,near_spoilage
IMG_3540.JPG,near_spoilage,5.0,88.0,1,2025-09-24,5,2,/content/drive/MyDrive/spoilage_dataset/dataset_root/near_spoilage/IMG_3540.JPG,5.0320232e-05,0.010138595,0.989806,5.115599e-06,near_spoilage
IMG_3541.JPG,near_spoilage,5.0,88.0,1,2025-09-24,5,2,/content/drive/MyDrive/spoilage_dataset/dataset_root/near_spoilage/IMG_3541.JPG,0.0002810722,0.057735793,0.9419465,3.6579677e-05,near_spoilage
IMG_3542.JPG,near_spoilage,5.0,88.0,1,2025-09-24,5,2,/content/drive/MyDrive/spoilage_dataset/dataset_root/near_spoilage/IMG_3542.JPG,5.015195e-05,0.048438754,0.9514937,1.7418166e-05,near_spoilage
IMG_3543.JPG,near_spoilage,5.0,88.0,1,2025-09-24,5,2,/content/drive/MyDrive/spoilage_dataset/dataset_root/near_spoilage/IMG_3543.JPG,0.0002429897,0.021027632,0.97870934,2.006882e-05,near_spoilage
IMG_3544.JPG,near_spoilage,5.0,88.0,1,2025-09-24,5,2,/content/drive/MyDrive/spoilage_dataset/dataset_root/near_spoilage/IMG_3544.JPG,5.2904667e-05,0.03929712,0.9606092,4.0786774e-05,near_spoilage
IMG_3545.JPG,near_spoilage,5.0,88.0,1,2025-09-24,5,2,/content/drive/MyDrive/spoilage_dataset/dataset_root/near_spoilage/IMG_3545.JPG,3.567673e-05,0.043726724,0.9562188,1.8860512e-05,near_spoilage
IMG_3546.JPG,near_spoilage,5.0,88.0,1,2025-09-24,5,2,/content/drive/MyDrive/spoilage_dataset/dataset_root/near_spoilage/IMG_3546.JPG,3.9191156e-05,0.06182875,0.93812114,1.1004599e-05,near_spoilage
IMG_3547.JPG,near_spoilage,5.0,88.0,1,2025-09-24,5,2,/content/drive/MyDrive/spoilage_dataset/dataset_root/near_spoilage/IMG_3547.JPG,5.1684333e-06,0.03157254,0.96841854,3.74681e-06,near_spoilage
IMG_3548.JPG,near_spoilage,5.0,88.0,1,2025-09-24,5,2,/content/drive/MyDrive/spoilage_dataset/dataset_root/near_spoilage/IMG_3548.JPG,9.668137e-08,1.2387532e-06,0.999997,1.6302571e-06,near_spoilage
IMG_3549.JPG,near_spoilage,5.0,88.0,1,2025-09-24,5,2,/content/drive/MyDrive/spoilage_dataset/dataset_root/near_spoilage/IMG_3549.JPG,1.0383661e-08,4.0302743e-06,0.9999957,1.9912383e-07,near_spoilage
IMG_3550.JPG,near_spoilage,5.0,88.0,1,2025-09-24,5,2,/content/drive/MyDrive/spoilage_dataset/dataset_root/near_spoilage/IMG_3550.JPG,5.6389563e-08,7.8830835e-06,0.99999154,4.180448e-07,near_spoilage
IMG_3551.JPG,near_spoilage,5.0,88.0,1,2025-09-24,5,2,/content/drive/MyDrive/spoilage_dataset/dataset_root/near_spoilage/IMG_3551.JPG,2.5055675e-07,6.868976e-06,0.9999894,3.4461268e-06,near_spoilage
IMG_3552.JPG,near_spoilage,5.0,88.0,1,2025-09-24,5,2,/content/drive/MyDrive/spoilage_dataset/dataset_root/near_spoilage/IMG_3552.JPG,4.807429e-09,1.7627771e-07,0.9999994,4.1358726e-07,near_spoilage
IMG_3553.JPG,near_spoilage,5.0,88.0,1,2025-09-24,5,2,/content/drive/MyDrive/spoilage_dataset/dataset_root/near_spoilage/IMG_3553.JPG,2.65451e-09,2.241508e-07,0.99999964,1.6198261e-07,near_spoilage
IMG_3554.JPG,near_spoilage,5.0,88.0,1,2025-09-24,5,2,/content/drive/MyDrive/spoilage_dataset/dataset_root/near_spoilage/IMG_3554.JPG,3.61569e-08,1.3569511e-06,0.999997,1.5368252e-06,near_spoilage
IMG_3555.JPG,near_spoilage,5.0,88.0,1,2025-09-24,5,2,/content/drive/MyDrive/spoilage_dataset/dataset_root/near_spoilage/IMG_3555.JPG,1.3410739e-08,4.829711e-06,0.9999949,2.4382254e-07,near_spoilage
IMG_3556.JPG,near_spoilage,5.0,88.0,1,2025-09-24,5,2,/content/drive/MyDrive/spoilage_dataset/dataset_root/near_spoilage/IMG_3556.JPG,6.176211e-08,5.4293464e-06,0.99999404,5.174248e-07,near_spoilage
IMG_3557.JPG,near_spoilage,5.0,88.0,1,2025-09-24,5,2,/content/drive/MyDrive/spoilage_dataset/dataset_root/near_spoilage/IMG_3557.JPG,1.0188889e-07,6.532659e-06,0.9999918,1.5435634e-06,near_spoilage
IMG_3558.JPG,near_spoilage,5.0,88.0,1,2025-09-24,5,2,/content/drive/MyDrive/spoilage_dataset/dataset_root/near_spoilage/IMG_3558.JPG,6.2789366e-07,7.826923e-06,0.9999869,4.6800164e-06,near_spoilage
IMG_3559.JPG,near_spoilage,5.0,88.0,1,2025-09-24,5,2,/content/drive/MyDrive/spoilage_dataset/dataset_root/near_spoilage/IMG_3559.JPG,5.5660553e-08,9.546226e-06,0.99998915,1.1954988e-06,near_spoilage
IMG_3560.JPG,near_spoilage,5.0,88.0,1,2025-09-24,5,2,/content/drive/MyDrive/spoilage_dataset/dataset_root/near_spoilage/IMG_3560.JPG,4.6554316e-08,4.831166e-06,0.99999475,3.1522512e-07,near_spoilage
IMG_3561.JPG,near_spoilage,5.0,88.0,1,2025-09-24,5,2,/content/drive/MyDrive/spoilage_dataset/dataset_root/near_spoilage/IMG_3561.JPG,1.0426124e-08,8.1306223e-07,0.9999989,2.3033313e-07,near_spoilage
IMG_3562.JPG,near_spoilage,5.0,88.0,1,2025-09-24,5,2,/content/drive/MyDrive/spoilage_dataset/dataset_root/near_spoilage/IMG_3562.JPG,3.7915683e-08,4.4632156e-06,0.99999535,1.1022172e-07,near_spoilage
IMG_3563.JPG,near_spoilage,5.0,88.0,1,2025-09-24,5,2,/content/drive/MyDrive/spoilage_dataset/dataset_root/near_spoilage/IMG_3563.JPG,9.861963e-09,9.664915e-06,0.99998975,6.256241e-07,near_spoilage
IMG_3564.JPG,near_spoilage,5.0,88.0,1,2025-09-24,5,2,/content/drive/MyDrive/spoilage_dataset/dataset_root/near_spoilage/IMG_3564.JPG,2.4032654e-06,4.690314e-05,0.99994314,7.5165567e-06,near_spoilage
IMG_3565.JPG,near_spoilage,5.0,88.0,1,2025-09-24,5,2,/content/drive/MyDrive/spoilage_dataset/dataset_root/near_spoilage/IMG_3565.JPG,1.4808727e-07,5.0719946e-06,0.99999404,7.086097e-07,near_spoilage
IMG_3566.JPG,near_spoilage,5.0,88.0,1,2025-09-24,5,2,/content/drive/MyDrive/spoilage_dataset/dataset_root/near_spoilage/IMG_3566.JPG,8.995964e-08,1.7353592e-05,0.99998176,8.847905e-07,near_spoilage
IMG_3567.JPG,near_spoilage,5.0,88.0,1,2025-09-24,5,2,/content/drive/MyDrive/spoilage_dataset/dataset_root/near_spoilage/IMG_3567.JPG,6.146638e-08,6.3714338e-06,0.9999933,2.073729e-07,near_spoilage
IMG_3568.JPG,near_spoilage,5.0,88.0,1,2025-09-24,5,2,/content/drive/MyDrive/spoilage_dataset/dataset_root/near_spoilage/IMG_3568.JPG,3.484287e-08,3.927874e-06,0.99999547,6.1757044e-07,near_spoilage
IMG_3569.JPG,near_spoilage,5.0,88.0,1,2025-09-24,5,2,/content/drive/MyDrive/spoilage_dataset/dataset_root/near_spoilage/IMG_3569.JPG,2.2529596e-07,5.9998252e-05,0.9999391,6.889344e-07,near_spoilage
IMG_3570.JPG,near_spoilage,5.0,88.0,1,2025-09-24,5,2,/content/drive/MyDrive/spoilage_dataset/dataset_root/near_spoilage/IMG_3570.JPG,2.6595183e-07,2.5196101e-05,0.99997246,2.0720222e-06,near_spoilage
IMG_3571.JPG,near_spoilage,5.0,88.0,1,2025-09-24,5,2,/content/drive/MyDrive/spoilage_dataset/dataset_root/near_spoilage/IMG_3571.JPG,4.4487653e-08,6.4379783e-06,0.9999931,4.354553e-07,near_spoilage
IMG_3572.JPG,near_spoilage,5.0,88.0,1,2025-09-24,5,2,/content/drive/MyDrive/spoilage_dataset/dataset_root/near_spoilage/IMG_3572.JPG,6.443857e-08,2.0035137e-05,0.99997973,8.828917e-08,near_spoilage
IMG_3573.JPG,near_spoilage,5.0,88.0,1,2025-09-24,5,2,/content/drive/MyDrive/spoilage_dataset/dataset_root/near_spoilage/IMG_3573.JPG,4.2238902e-08,1.4096214e-05,0.9999857,1.0286224e-07,near_spoilage
IMG_3574.JPG,near_spoilage,5.0,88.0,1,2025-09-24,5,2,/content/drive/MyDrive/spoilage_dataset/dataset_root/near_spoilage/IMG_3574.JPG,2.0607533e-06,0.00010385536,0.999892,2.0363177e-06,near_spoilage
IMG_3577.JPG,near_spoilage,5.0,88.0,1,2025-09-24,5,2,/content/drive/MyDrive/spoilage_dataset/dataset_root/near_spoilage/IMG_3577.JPG,2.3351938e-06,2.8153365e-06,0.99999344,1.387453e-06,near_spoilage
IMG_3578.JPG,near_spoilage,5.0,88.0,1,2025-09-24,5,2,/content/drive/MyDrive/spoilage_dataset/dataset_root/near_spoilage/IMG_3578.JPG,8.018027e-06,7.465317e-06,0.9999789,5.5685687e-06,near_spoilage
IMG_3579.JPG,near_spoilage,5.0,88.0,1,2025-09-24,5,2,/content/drive/MyDrive/spoilage_dataset/dataset_root/near_spoilage/IMG_3579.JPG,3.2890998e-06,2.3364586e-05,0.9999727,6.011974e-07,near_spoilage
IMG_3580.JPG,near_spoilage,5.0,88.0,1,2025-09-24,5,2,/content/drive/MyDrive/spoilage_dataset/dataset_root/near_spoilage/IMG_3580.JPG,2.3478124e-08,6.6314544e-07,0.99999917,9.722507e-08,near_spoilage
IMG_3581.JPG,near_spoilage,5.0,88.0,1,2025-09-24,5,2,/content/drive/MyDrive/spoilage_dataset/dataset_root/near_spoilage/IMG_3581.JPG,1.3797576e-07,7.493451e-07,0.9999987,4.909772e-07,near_spoilage
IMG_3582.JPG,near_spoilage,5.0,88.0,1,2025-09-24,5,2,/content/drive/MyDrive/spoilage_dataset/dataset_root/near_spoilage/IMG_3582.JPG,6.4385307e-07,6.73356e-07,0.99999833,4.1505513e-07,near_spoilage
IMG_3583.JPG,near_spoilage,5.0,88.0,1,2025-09-24,5,2,/content/drive/MyDrive/spoilage_dataset/dataset_root/near_spoilage/IMG_3583.JPG,1.986761e-07,4.2097954e-06,0.99999535,1.9161236e-07,near_spoilage
IMG_3584.JPG,near_spoilage,5.0,88.0,1,2025-09-24,5,2,/content/drive/MyDrive/spoilage_dataset/dataset_root/near_spoilage/IMG_3584.JPG,1.6868913e-06,1.2080102e-06,0.9999927,4.355056e-06,near_spoilage
IMG_3585.JPG,near_spoilage,5.0,88.0,1,2025-09-24,5,2,/content/drive/MyDrive/spoilage_dataset/dataset_root/near_spoilage/IMG_3585.JPG,2.0376033e-06,2.7699937e-06,0.99999106,4.1912344e-06,near_spoilage
IMG_3586.JPG,near_spoilage,5.0,88.0,1,2025-09-24,5,2,/content/drive/MyDrive/spoilage_dataset/dataset_root/near_spoilage/IMG_3586.JPG,8.675618e-07,1.99897e-06,0.9999958,1.3377044e-06,near_spoilage
IMG_3587.JPG,near_spoilage,5.0,88.0,1,2025-09-24,5,2,/content/drive/MyDrive/spoilage_dataset/dataset_root/near_spoilage/IMG_3587.JPG,6.305962e-07,1.843629e-06,0.9999969,5.5090453e-07,near_spoilage
IMG_3588.JPG,near_spoilage,5.0,88.0,1,2025-09-24,5,2,/content/drive/MyDrive/spoilage_dataset/dataset_root/near_spoilage/IMG_3588.JPG,7.8214475e-07,4.985552e-06,0.99999034,3.9630913e-06,near_spoilage
IMG_3589.JPG,near_spoilage,5.0,88.0,1,2025-09-24,5,2,/content/drive/MyDrive/spoilage_dataset/dataset_root/near_spoilage/IMG_3589.JPG,9.626574e-07,1.5985739e-06,0.9999969,5.781932e-07,near_spoilage
IMG_3590.JPG,near_spoilage,5.0,88.0,1,2025-09-24,5,2,/content/drive/MyDrive/spoilage_dataset/dataset_root/near_spoilage/IMG_3590.JPG,2.2803183e-06,1.9914835e-06,0.9999925,3.2214857e-06,near_spoilage
IMG_3591.JPG,near_spoilage,5.0,88.0,1,2025-09-24,5,2,/content/drive/MyDrive/spoilage_dataset/dataset_root/near_spoilage/IMG_3591.JPG,3.744331e-07,3.5411335e-06,0.9999951,9.417836e-07,near_spoilage
IMG_3592.JPG,near_spoilage,5.0,88.0,1,2025-09-24,5,2,/content/drive/MyDrive/spoilage_dataset/dataset_root/near_spoilage/IMG_3592.JPG,4.40158e-07,1.7881754e-06,0.99999726,4.5993525e-07,near_spoilage
IMG_3593.JPG,near_spoilage,5.0,88.0,1,2025-09-24,5,2,/content/drive/MyDrive/spoilage_dataset/dataset_root/near_spoilage/IMG_3593.JPG,3.001047e-07,9.573458e-07,0.9999982,4.5308235e-07,near_spoilage
IMG_3594.JPG,near_spoilage,5.0,88.0,1,2025-09-24,5,2,/content/drive/MyDrive/spoilage_dataset/dataset_root/near_spoilage/IMG_3594.JPG,5.9265346e-07,9.532892e-07,0.9999976,7.8054535e-07,near_spoilage
IMG_3595.JPG,near_spoilage,5.0,88.0,1,2025-09-24,5,2,/content/drive/MyDrive/spoilage_dataset/dataset_root/near_spoilage/IMG_3595.JPG,2.0740559e-07,8.3828564e-07,0.99999833,6.210948e-07,near_spoilage
IMG_3596.JPG,near_spoilage,5.0,88.0,1,2025-09-24,5,2,/content/drive/MyDrive/spoilage_dataset/dataset_root/near_spoilage/IMG_3596.JPG,5.130188e-07,1.4859635e-06,0.9999969,1.1178848e-06,near_spoilage
IMG_3597.JPG,near_spoilage,5.0,88.0,1,2025-09-24,5,2,/content/drive/MyDrive/spoilage_dataset/dataset_root/near_spoilage/IMG_3597.JPG,7.485208e-07,4.8398083e-06,0.99999297,1.4506429e-06,near_spoilage
IMG_3598.JPG,near_spoilage,5.0,88.0,1,2025-09-24,5,2,/content/drive/MyDrive/spoilage_dataset/dataset_root/near_spoilage/IMG_3598.JPG,1.9874537e-07,1.4781233e-06,0.99999774,5.733053e-07,near_spoilage
IMG_3599.JPG,near_spoilage,5.0,88.0,1,2025-09-24,5,2,/content/drive/MyDrive/spoilage_dataset/dataset_root/near_spoilage/IMG_3599.JPG,2.5214018e-07,2.1539963e-06,0.9999968,8.186602e-07,near_spoilage
IMG_3600.JPG,near_spoilage,5.0,88.0,1,2025-09-24,5,2,/content/drive/MyDrive/spoilage_dataset/dataset_root/near_spoilage/IMG_3600.JPG,3.2474796e-07,1.9445263e-06,0.9999976,1.6377294e-07,near_spoilage
IMG_3601.JPG,near_spoilage,5.0,88.0,1,2025-09-24,5,2,/content/drive/MyDrive/spoilage_dataset/dataset_root/near_spoilage/IMG_3601.JPG,2.7612955e-07,2.4483575e-06,0.99999654,6.55793e-07,near_spoilage
IMG_3602.JPG,near_spoilage,5.0,88.0,1,2025-09-24,5,2,/content/drive/MyDrive/spoilage_dataset/dataset_root/near_spoilage/IMG_3602.JPG,2.4094786e-07,6.520516e-06,0.9999927,4.6382743e-07,near_spoilage
IMG_3603.JPG,near_spoilage,5.0,88.0,1,2025-09-24,5,2,/content/drive/MyDrive/spoilage_dataset/dataset_root/near_spoilage/IMG_3603.JPG,3.590656e-06,4.704542e-07,0.9999795,1.64736e-05,near_spoilage
IMG_3604.JPG,near_spoilage,5.0,88.0,1,2025-09-24,5,2,/content/drive/MyDrive/spoilage_dataset/dataset_root/near_spoilage/IMG_3604.JPG,5.792172e-08,2.0816017e-06,0.99999595,1.9630438e-06,near_spoilage
IMG_3605.JPG,near_spoilage,5.0,88.0,1,2025-09-24,5,2,/content/drive/MyDrive/spoilage_dataset/dataset_root/near_spoilage/IMG_3605.JPG,2.1289173e-07,1.2224528e-05,0.99979407,0.00019350022,near_spoilage
IMG_3606.JPG,near_spoilage,5.0,88.0,1,2025-09-24,5,2,/content/drive/MyDrive/spoilage_dataset/dataset_root/near_spoilage/IMG_3606.JPG,4.729688e-07,9.784671e-06,0.9999192,7.053461e-05,near_spoilage
IMG_3607.JPG,near_spoilage,5.0,88.0,1,2025-09-24,5,2,/content/drive/MyDrive/spoilage_dataset/dataset_root/near_spoilage/IMG_3607.JPG,6.248459e-08,2.48254e-06,0.9999777,1.9822653e-05,near_spoilage
IMG_3608.JPG,near_spoilage,5.0,88.0,1,2025-09-24,5,2,/content/drive/MyDrive/spoilage_dataset/dataset_root/near_spoilage/IMG_3608.JPG,1.1791797e-08,2.5527113e-06,0.99998236,1.5036591e-05,near_spoilage
IMG_3609.JPG,near_spoilage,5.0,88.0,1,2025-09-24,5,2,/content/drive/MyDrive/spoilage_dataset/dataset_root/near_spoilage/IMG_3609.JPG,3.1447898e-09,6.7329336e-07,0.99999774,1.5843209e-06,near_spoilage
IMG_3610.JPG,near_spoilage,5.0,88.0,1,2025-09-24,5,2,/content/drive/MyDrive/spoilage_dataset/dataset_root/near_spoilage/IMG_3610.JPG,1.0754445e-08,5.6189087e-06,0.999969,2.541793e-05,near_spoilage
IMG_3611.JPG,near_spoilage,5.0,88.0,1,2025-09-24,5,2,/content/drive/MyDrive/spoilage_dataset/dataset_root/near_spoilage/IMG_3611.JPG,1.895703e-09,2.9390668e-07,0.9999993,4.669969e-07,near_spoilage
IMG_3612.JPG,near_spoilage,5.0,88.0,1,2025-09-24,5,2,/content/drive/MyDrive/spoilage_dataset/dataset_root/near_spoilage/IMG_3612.JPG,5.537853e-07,0.00044805225,0.99952865,2.2708608e-05,near_spoilage
IMG_3613.JPG,near_spoilage,5.0,88.0,1,2025-09-24,5,2,/content/drive/MyDrive/spoilage_dataset/dataset_root/near_spoilage/IMG_3613.JPG,2.3736104e-06,0.00020908081,0.99977404,1.4580978e-05,near_spoilage
IMG_3614.JPG,near_spoilage,5.0,88.0,1,2025-09-24,5,2,/content/drive/MyDrive/spoilage_dataset/dataset_root/near_spoilage/IMG_3614.JPG,7.945071e-08,0.00014985404,0.99984956,4.6559393e-07,near_spoilage
IMG_3615.JPG,near_spoilage,5.0,88.0,1,2025-09-24,5,2,/content/drive/MyDrive/spoilage_dataset/dataset_root/near_spoilage/IMG_3615.JPG,3.1094885e-07,0.00014593093,0.99985254,1.2503878e-06,near_spoilage
IMG_3616.JPG,near_spoilage,5.0,88.0,1,2025-09-24,5,2,/content/drive/MyDrive/spoilage_dataset/dataset_root/near_spoilage/IMG_3616.JPG,3.2712146e-07,0.00048723115,0.99950755,4.884074e-06,near_spoilage
IMG_3617.JPG,near_spoilage,5.0,88.0,1,2025-09-24,5,2,/content/drive/MyDrive/spoilage_dataset/dataset_root/near_spoilage/IMG_3617.JPG,1.5778402e-07,8.906712e-05,0.9999095,1.1916588e-06,near_spoilage
IMG_3618.JPG,near_spoilage,5.0,88.0,1,2025-09-24,5,2,/content/drive/MyDrive/spoilage_dataset/dataset_root/near_spoilage/IMG_3618.JPG,1.1937628e-06,0.00027991738,0.99970335,1.5489191e-05,near_spoilage
IMG_3619.JPG,near_spoilage,5.0,88.0,1,2025-09-24,5,2,/content/drive/MyDrive/spoilage_dataset/dataset_root/near_spoilage/IMG_3619.JPG,1.1550835e-06,0.00091852027,0.9990746,5.754317e-06,near_spoilage
IMG_3620.JPG,near_spoilage,5.0,88.0,1,2025-09-24,5,2,/content/drive/MyDrive/spoilage_dataset/dataset_root/near_spoilage/IMG_3620.JPG,1.769348e-06,0.00041740175,0.9995741,6.7155693e-06,near_spoilage
IMG_3621.JPG,near_spoilage,5.0,88.0,1,2025-09-24,5,2,/content/drive/MyDrive/spoilage_dataset/dataset_root/near_spoilage/IMG_3621.JPG,3.954538e-06,0.0002856789,0.9997048,5.625616e-06,near_spoilage
IMG_3622.JPG,near_spoilage,5.0,88.0,1,2025-09-24,5,2,/content/drive/MyDrive/spoilage_dataset/dataset_root/near_spoilage/IMG_3622.JPG,2.5829308e-06,0.00019947602,0.999793,4.982919e-06,near_spoilage
IMG_3623.JPG,near_spoilage,5.0,88.0,1,2025-09-24,5,2,/content/drive/MyDrive/spoilage_dataset/dataset_root/near_spoilage/IMG_3623.JPG,1.4079395e-06,2.5273823e-05,0.999972,1.3244935e-06,near_spoilage
IMG_3624.JPG,near_spoilage,5.0,88.0,1,2025-09-24,5,2,/content/drive/MyDrive/spoilage_dataset/dataset_root/near_spoilage/IMG_3624.JPG,1.2922061e-06,1.1359405e-06,0.99999106,6.5753698e-06,near_spoilage
IMG_3625.JPG,near_spoilage,6.0,94.0,1,2025-09-24,5,2,/content/drive/MyDrive/spoilage_dataset/dataset_root/near_spoilage/IMG_3625.JPG,3.8309995e-06,1.1855734e-06,0.9999777,1.7334103e-05,near_spoilage
IMG_3626.JPG,near_spoilage,6.0,94.0,1,2025-09-24,5,2,/content/drive/MyDrive/spoilage_dataset/dataset_root/near_spoilage/IMG_3626.JPG,1.0481666e-07,6.419375e-08,0.9999994,4.5172084e-07,near_spoilage
IMG_3627.JPG,near_spoilage,6.0,94.0,1,2025-09-24,5,2,/content/drive/MyDrive/spoilage_dataset/dataset_root/near_spoilage/IMG_3627.JPG,7.345251e-08,1.1393067e-08,0.9999976,2.230963e-06,near_spoilage
IMG_3628.JPG,near_spoilage,6.0,94.0,1,2025-09-24,5,2,/content/drive/MyDrive/spoilage_dataset/dataset_root/near_spoilage/IMG_3628.JPG,2.5551381e-08,9.630629e-10,1.0,3.4485797e-08,near_spoilage
IMG_3629.JPG,near_spoilage,6.0,94.0,1,2025-09-24,5,2,/content/drive/MyDrive/spoilage_dataset/dataset_root/near_spoilage/IMG_3629.JPG,1.141263e-06,1.9452538e-07,0.9999927,5.9396248e-06,near_spoilage
IMG_3630.JPG,near_spoilage,6.0,94.0,1,2025-09-24,5,2,/content/drive/MyDrive/spoilage_dataset/dataset_root/near_spoilage/IMG_3630.JPG,2.3043059e-07,1.3171195e-08,0.9999995,2.8071642e-07,near_spoilage
IMG_3631.JPG,near_spoilage,6.0,94.0,1,2025-09-24,5,2,/content/drive/MyDrive/spoilage_dataset/dataset_root/near_spoilage/IMG_3631.JPG,3.317772e-07,2.0367956e-08,0.9999981,1.6027967e-06,near_spoilage
IMG_3632.JPG,near_spoilage,6.0,94.0,1,2025-09-24,5,2,/content/drive/MyDrive/spoilage_dataset/dataset_root/near_spoilage/IMG_3632.JPG,8.717311e-09,8.084199e-09,0.99999976,1.831765e-07,near_spoilage
IMG_3633.JPG,near_spoilage,6.0,94.0,1,2025-09-24,5,2,/content/drive/MyDrive/spoilage_dataset/dataset_root/near_spoilage/IMG_3633.JPG,2.0226047e-07,4.8874547e-08,0.9999982,1.5509646e-06,near_spoilage
IMG_3634.JPG,near_spoilage,6.0,94.0,1,2025-09-24,5,2,/content/drive/MyDrive/spoilage_dataset/dataset_root/near_spoilage/IMG_3634.JPG,6.586286e-08,5.473807e-09,0.99999917,6.91019e-07,near_spoilage
IMG_3635.JPG,near_spoilage,6.0,94.0,1,2025-09-24,5,2,/content/drive/MyDrive/spoilage_dataset/dataset_root/near_spoilage/IMG_3635.JPG,2.2731663e-06,6.851794e-07,0.9999392,5.7869274e-05,near_spoilage
IMG_3636.JPG,near_spoilage,6.0,94.0,1,2025-09-24,5,2,/content/drive/MyDrive/spoilage_dataset/dataset_root/near_spoilage/IMG_3636.JPG,7.981849e-06,1.7741061e-07,0.99995506,3.680081e-05,near_spoilage
IMG_3638.JPG,near_spoilage,6.0,94.0,1,2025-09-24,5,2,/content/drive/MyDrive/spoilage_dataset/dataset_root/near_spoilage/IMG_3638.JPG,1.909467e-07,7.686629e-07,0.99999905,5.546314e-08,near_spoilage
IMG_3639.JPG,near_spoilage,6.0,94.0,1,2025-09-24,5,2,/content/drive/MyDrive/spoilage_dataset/dataset_root/near_spoilage/IMG_3639.JPG,1.4454791e-07,8.5795295e-07,0.99999905,1.370572e-08,near_spoilage
IMG_3640.JPG,near_spoilage,6.0,94.0,1,2025-09-24,5,2,/content/drive/MyDrive/spoilage_dataset/dataset_root/near_spoilage/IMG_3640.JPG,3.926624e-08,2.3807413e-06,0.9999976,1.5935779e-08,near_spoilage
IMG_3641.JPG,near_spoilage,6.0,94.0,1,2025-09-24,5,2,/content/drive/MyDrive/spoilage_dataset/dataset_root/near_spoilage/IMG_3641.JPG,2.2999586e-07,7.977781e-06,0.9999918,2.5648434e-08,near_spoilage
IMG_3642.JPG,near_spoilage,6.0,94.0,1,2025-09-24,5,2,/content/drive/MyDrive/spoilage_dataset/dataset_root/near_spoilage/IMG_3642.JPG,1.7152266e-07,7.432214e-06,0.99999225,8.4139735e-08,near_spoilage
IMG_3643.JPG,near_spoilage,6.0,94.0,1,2025-09-24,5,2,/content/drive/MyDrive/spoilage_dataset/dataset_root/near_spoilage/IMG_3643.JPG,1.6412505e-07,5.8258875e-06,0.9999939,7.9280056e-08,near_spoilage
IMG_3644.JPG,near_spoilage,6.0,94.0,1,2025-09-24,5,2,/content/drive/MyDrive/spoilage_dataset/dataset_root/near_spoilage/IMG_3644.JPG,1.6572032e-07,5.1263646e-06,0.99999464,8.441256e-08,near_spoilage
IMG_3645.JPG,near_spoilage,6.0,94.0,1,2025-09-24,5,2,/content/drive/MyDrive/spoilage_dataset/dataset_root/near_spoilage/IMG_3645.JPG,1.0719379e-07,1.3799896e-06,0.99999845,6.7411456e-08,near_spoilage
IMG_3646.JPG,near_spoilage,6.0,94.0,1,2025-09-24,5,2,/content/drive/MyDrive/spoilage_dataset/dataset_root/near_spoilage/IMG_3646.JPG,9.556143e-07,3.6954625e-06,0.9999951,1.880566e-07,near_spoilage
IMG_3647.JPG,near_spoilage,6.0,94.0,2,2025-09-24,5,2,/content/drive/MyDrive/spoilage_dataset/dataset_root/near_spoilage/IMG_3647.JPG,5.5828977e-08,1.1168916e-06,0.9999988,3.224097e-08,near_spoilage
IMG_3648.JPG,near_spoilage,6.0,94.0,2,2025-09-24,5,2,/content/drive/MyDrive/spoilage_dataset/dataset_root/near_spoilage/IMG_3648.JPG,2.69901e-07,9.946078e-06,0.9999896,6.879788e-08,near_spoilage
IMG_3649.JPG,near_spoilage,6.0,94.0,2,2025-09-24,5,2,/content/drive/MyDrive/spoilage_dataset/dataset_root/near_spoilage/IMG_3649.JPG,3.8701154e-07,5.9647195e-06,0.99999356,1.4294365e-07,near_spoilage
IMG_3650.JPG,near_spoilage,6.0,94.0,2,2025-09-24,5,2,/content/drive/MyDrive/spoilage_dataset/dataset_root/near_spoilage/IMG_3650.JPG,7.609323e-08,2.4819026e-06,0.9999975,3.8492434e-08,near_spoilage
IMG_3651.JPG,near_spoilage,6.0,94.0,2,2025-09-24,5,2,/content/drive/MyDrive/spoilage_dataset/dataset_root/near_spoilage/IMG_3651.JPG,1.7867211e-07,3.018939e-06,0.99999666,8.698205e-08,near_spoilage
IMG_3652.JPG,near_spoilage,6.0,94.0,2,2025-09-24,5,2,/content/drive/MyDrive/spoilage_dataset/dataset_root/near_spoilage/IMG_3652.JPG,5.2135715e-07,8.200242e-06,0.9999912,1.7042659e-07,near_spoilage
IMG_3653.JPG,near_spoilage,6.0,94.0,2,2025-09-24,5,2,/content/drive/MyDrive/spoilage_dataset/dataset_root/near_spoilage/IMG_3653.JPG,4.928986e-07,1.0492537e-05,0.9999888,1.8686889e-07,near_spoilage
IMG_3654.JPG,near_spoilage,6.0,94.0,2,2025-09-24,5,2,/content/drive/MyDrive/spoilage_dataset/dataset_root/near_spoilage/IMG_3654.JPG,4.611192e-07,2.4397114e-06,0.999997,1.04227894e-07,near_spoilage
IMG_3655.JPG,near_spoilage,6.0,94.0,2,2025-09-24,5,2,/content/drive/MyDrive/spoilage_dataset/dataset_root/near_spoilage/IMG_3655.JPG,2.3411273e-07,1.904833e-06,0.99999774,1.02027364e-07,near_spoilage
IMG_3656.JPG,near_spoilage,6.0,94.0,2,2025-09-24,5,2,/content/drive/MyDrive/spoilage_dataset/dataset_root/near_spoilage/IMG_3656.JPG,2.1199712e-07,8.834668e-06,0.9999908,1.3907898e-07,near_spoilage
IMG_3657.JPG,near_spoilage,6.0,94.0,2,2025-09-24,5,2,/content/drive/MyDrive/spoilage_dataset/dataset_root/near_spoilage/IMG_3657.JPG,1.7430998e-06,0.00044880132,0.9995473,2.1294247e-06,near_spoilage
IMG_3658.JPG,near_spoilage,6.0,94.0,2,2025-09-24,5,2,/content/drive/MyDrive/spoilage_dataset/dataset_root/near_spoilage/IMG_3658.JPG,5.6614848e-08,2.2863465e-05,0.9999771,3.25353e-08,near_spoilage
IMG_3659.JPG,near_spoilage,6.0,94.0,2,2025-09-24,5,2,/content/drive/MyDrive/spoilage_dataset/dataset_root/near_spoilage/IMG_3659.JPG,7.462813e-08,4.2760188e-05,0.9999572,5.6749833e-08,near_spoilage
IMG_3660.JPG,near_spoilage,6.0,94.0,2,2025-09-24,5,2,/content/drive/MyDrive/spoilage_dataset/dataset_root/near_spoilage/IMG_3660.JPG,7.430157e-08,6.408871e-05,0.99993575,6.260639e-08,near_spoilage
IMG_3661.JPG,near_spoilage,6.0,94.0,2,2025-09-24,5,2,/content/drive/MyDrive/spoilage_dataset/dataset_root/near_spoilage/IMG_3661.JPG,7.605941e-08,4.27332e-05,0.9999572,1.6947599e-08,near_spoilage
IMG_3662.JPG,near_spoilage,6.0,94.0,2,2025-09-24,5,2,/content/drive/MyDrive/spoilage_dataset/dataset_root/near_spoilage/IMG_3662.JPG,2.9746536e-08,2.4854602e-05,0.9999751,8.854084e-09,near_spoilage
IMG_3663.JPG,near_spoilage,6.0,94.0,2,2025-09-24,5,2,/content/drive/MyDrive/spoilage_dataset/dataset_root/near_spoilage/IMG_3663.JPG,1.4480239e-08,5.450371e-05,0.9999455,1.2374223e-08,near_spoilage
IMG_3664.JPG,near_spoilage,6.0,94.0,2,2025-09-24,5,2,/content/drive/MyDrive/spoilage_dataset/dataset_root/near_spoilage/IMG_3664.JPG,1.2649944e-08,3.184176e-05,0.9999682,1.490647e-08,near_spoilage
IMG_3665.JPG,near_spoilage,6.0,94.0,2,2025-09-24,5,2,/content/drive/MyDrive/spoilage_dataset/dataset_root/near_spoilage/IMG_3665.JPG,5.797728e-09,9.906455e-06,0.9999901,1.0208513e-08,near_spoilage
IMG_3666.JPG,near_spoilage,6.0,94.0,2,2025-09-24,5,2,/content/drive/MyDrive/spoilage_dataset/dataset_root/near_spoilage/IMG_3666.JPG,3.991039e-08,3.4702924e-05,0.9999653,1.4941383e-08,near_spoilage
IMG_3667.JPG,near_spoilage,6.0,94.0,2,2025-09-24,5,2,/content/drive/MyDrive/spoilage_dataset/dataset_root/near_spoilage/IMG_3667.JPG,1.4431053e-08,3.526506e-05,0.9999647,1.4204447e-08,near_spoilage
IMG_3668.JPG,near_spoilage,6.0,94.0,2,2025-09-24,5,2,/content/drive/MyDrive/spoilage_dataset/dataset_root/near_spoilage/IMG_3668.JPG,1.7802208e-08,0.00025997168,0.99973994,4.5545168e-09,near_spoilage
IMG_3669.JPG,near_spoilage,6.0,94.0,2,2025-09-24,5,2,/content/drive/MyDrive/spoilage_dataset/dataset_root/near_spoilage/IMG_3669.JPG,1.6059927e-09,5.0178453e-05,0.9999498,1.766117e-09,near_spoilage
IMG_3670.JPG,near_spoilage,6.0,94.0,2,2025-09-24,5,2,/content/drive/MyDrive/spoilage_dataset/dataset_root/near_spoilage/IMG_3670.JPG,3.0978408e-05,0.0001884893,0.9997799,6.60596e-07,near_spoilage
IMG_3671.JPG,near_spoilage,6.0,94.0,2,2025-09-24,5,2,/content/drive/MyDrive/spoilage_dataset/dataset_root/near_spoilage/IMG_3671.JPG,0.000116151976,0.027147058,0.9726748,6.204125e-05,near_spoilage
IMG_3672.JPG,near_spoilage,6.0,94.0,2,2025-09-24,5,2,/content/drive/MyDrive/spoilage_dataset/dataset_root/near_spoilage/IMG_3672.JPG,8.325552e-06,0.0032556353,0.9967257,1.0300704e-05,near_spoilage
IMG_3673.JPG,near_spoilage,6.0,94.0,2,2025-09-24,5,2,/content/drive/MyDrive/spoilage_dataset/dataset_root/near_spoilage/IMG_3673.JPG,4.3469103e-05,0.0063727885,0.99356514,1.8583094e-05,near_spoilage
IMG_3676.JPG,near_spoilage,6.0,94.0,2,2025-09-24,5,2,/content/drive/MyDrive/spoilage_dataset/dataset_root/near_spoilage/IMG_3676.JPG,1.7524896e-07,1.5813569e-06,0.9999962,2.078928e-06,near_spoilage
IMG_3677.JPG,near_spoilage,6.0,94.0,2,2025-09-24,5,2,/content/drive/MyDrive/spoilage_dataset/dataset_root/near_spoilage/IMG_3677.JPG,4.690671e-08,2.3099952e-08,0.99999976,1.2024562e-07,near_spoilage
IMG_3678.JPG,near_spoilage,6.0,94.0,2,2025-09-24,5,2,/content/drive/MyDrive/spoilage_dataset/dataset_root/near_spoilage/IMG_3678.JPG,2.1861634e-08,3.508363e-08,1.0,3.450547e-08,near_spoilage
IMG_3679.JPG,near_spoilage,6.0,94.0,2,2025-09-24,5,2,/content/drive/MyDrive/spoilage_dataset/dataset_root/near_spoilage/IMG_3679.JPG,5.9160037e-08,5.2848634e-07,0.99999917,2.0969735e-07,near_spoilage
IMG_3680.JPG,near_spoilage,6.0,94.0,2,2025-09-24,5,2,/content/drive/MyDrive/spoilage_dataset/dataset_root/near_spoilage/IMG_3680.JPG,5.95323e-07,7.231561e-07,0.9999982,4.58084e-07,near_spoilage
IMG_3681.JPG,near_spoilage,6.0,94.0,2,2025-09-24,5,2,/content/drive/MyDrive/spoilage_dataset/dataset_root/near_spoilage/IMG_3681.JPG,3.4783714e-08,3.741619e-08,0.99999964,2.1231017e-07,near_spoilage
IMG_3682.JPG,near_spoilage,6.0,94.0,2,2025-09-24,5,2,/content/drive/MyDrive/spoilage_dataset/dataset_root/near_spoilage/IMG_3682.JPG,4.4887095e-08,6.28919e-08,0.99999964,2.0327248e-07,near_spoilage
IMG_3683.JPG,near_spoilage,6.0,94.0,2,2025-09-24,5,2,/content/drive/MyDrive/spoilage_dataset/dataset_root/near_spoilage/IMG_3683.JPG,9.411348e-08,5.3931345e-08,0.99999976,1.5337508e-07,near_spoilage
IMG_3684.JPG,near_spoilage,6.0,94.0,2,2025-09-24,5,2,/content/drive/MyDrive/spoilage_dataset/dataset_root/near_spoilage/IMG_3684.JPG,2.0108678e-06,1.561458e-07,0.99999726,5.9044015e-07,near_spoilage
IMG_3685.JPG,near_spoilage,6.0,94.0,2,2025-09-24,5,2,/content/drive/MyDrive/spoilage_dataset/dataset_root/near_spoilage/IMG_3685.JPG,1.169895e-06,8.125976e-07,0.9999976,3.33672e-07,near_spoilage
IMG_3686.JPG,near_spoilage,6.0,94.0,2,2025-09-24,5,2,/content/drive/MyDrive/spoilage_dataset/dataset_root/near_spoilage/IMG_3686.JPG,2.2608186e-08,1.31912135e-08,1.0,3.165905e-08,near_spoilage
IMG_3687.JPG,near_spoilage,6.0,94.0,2,2025-09-24,5,2,/content/drive/MyDrive/spoilage_dataset/dataset_root/near_spoilage/IMG_3687.JPG,1.3979418e-07,1.7760935e-07,0.9999989,7.2481714e-07,near_spoilage
IMG_3688.JPG,near_spoilage,6.0,94.0,2,2025-09-24,5,2,/content/drive/MyDrive/spoilage_dataset/dataset_root/near_spoilage/IMG_3688.JPG,3.318977e-07,6.750751e-07,0.9999989,1.7018509e-07,near_spoilage
IMG_3689.JPG,near_spoilage,6.0,94.0,2,2025-09-24,5,2,/content/drive/MyDrive/spoilage_dataset/dataset_root/near_spoilage/IMG_3689.JPG,5.05022e-07,7.286349e-08,0.99999905,3.1669057e-07,near_spoilage
IMG_3690.JPG,near_spoilage,6.0,94.0,2,2025-09-24,5,2,/content/drive/MyDrive/spoilage_dataset/dataset_root/near_spoilage/IMG_3690.JPG,2.7316796e-07,3.274763e-07,0.9999993,1.3909674e-07,near_spoilage
IMG_3691.JPG,near_spoilage,6.0,94.0,2,2025-09-24,5,2,/content/drive/MyDrive/spoilage_dataset/dataset_root/near_spoilage/IMG_3691.JPG,1.7788881e-07,1.5932153e-07,0.9999994,2.4134872e-07,near_spoilage
IMG_3692.JPG,near_spoilage,6.0,94.0,2,2025-09-24,5,2,/content/drive/MyDrive/spoilage_dataset/dataset_root/near_spoilage/IMG_3692.JPG,1.0723717e-05,0.00024017468,0.99974686,2.220721e-06,near_spoilage
IMG_3693.JPG,near_spoilage,6.0,94.0,2,2025-09-24,5,2,/content/drive/MyDrive/spoilage_dataset/dataset_root/near_spoilage/IMG_3693.JPG,3.85863e-05,2.849941e-05,0.99993086,2.0582172e-06,near_spoilage
IMG_3694.JPG,near_spoilage,6.0,94.0,2,2025-09-24,5,2,/content/drive/MyDrive/spoilage_dataset/dataset_root/near_spoilage/IMG_3694.JPG,1.7773591e-05,5.0830808e-05,0.99993014,1.192379e-06,near_spoilage
IMG_3695.JPG,near_spoilage,6.0,94.0,2,2025-09-24,5,2,/content/drive/MyDrive/spoilage_dataset/dataset_root/near_spoilage/IMG_3695.JPG,9.90895e-06,5.837531e-05,0.999931,6.9818805e-07,near_spoilage
IMG_3696.JPG,near_spoilage,6.0,94.0,2,2025-09-24,5,2,/content/drive/MyDrive/spoilage_dataset/dataset_root/near_spoilage/IMG_3696.JPG,1.7257642e-05,0.00017664798,0.9998047,1.4084302e-06,near_spoilage
IMG_3697.JPG,near_spoilage,6.0,94.0,2,2025-09-24,5,2,/content/drive/MyDrive/spoilage_dataset/dataset_root/near_spoilage/IMG_3697.JPG,1.5719908e-05,7.1888084e-05,0.9999118,6.256189e-07,near_spoilage
IMG_3698.JPG,near_spoilage,6.0,94.0,2,2025-09-24,5,2,/content/drive/MyDrive/spoilage_dataset/dataset_root/near_spoilage/IMG_3698.JPG,4.9072455e-06,0.0002981355,0.99969625,7.3760924e-07,near_spoilage
IMG_3699.JPG,near_spoilage,6.0,94.0,2,2025-09-24,5,2,/content/drive/MyDrive/spoilage_dataset/dataset_root/near_spoilage/IMG_3699.JPG,7.3211436e-06,4.508652e-05,0.99994683,6.811264e-07,near_spoilage
IMG_3700.JPG,near_spoilage,6.0,94.0,2,2025-09-24,5,2,/content/drive/MyDrive/spoilage_dataset/dataset_root/near_spoilage/IMG_3700.JPG,1.1454631e-05,0.0001445721,0.99984336,6.207084e-07,near_spoilage
IMG_3701.JPG,near_spoilage,6.0,94.0,2,2025-09-24,5,2,/content/drive/MyDrive/spoilage_dataset/dataset_root/near_spoilage/IMG_3701.JPG,2.4247065e-05,1.1017787e-06,0.9999746,3.0000876e-08,near_spoilage
IMG_3702.JPG,near_spoilage,6.0,94.0,2,2025-09-24,5,2,/content/drive/MyDrive/spoilage_dataset/dataset_root/near_spoilage/IMG_3702.JPG,2.0761095e-06,1.1105859e-05,0.99998605,7.345843e-07,near_spoilage
IMG_3703.JPG,near_spoilage,6.0,94.0,2,2025-09-24,5,2,/content/drive/MyDrive/spoilage_dataset/dataset_root/near_spoilage/IMG_3703.JPG,7.728151e-06,1.2303909e-06,0.99999094,1.1662585e-07,near_spoilage
IMG_3704.JPG,near_spoilage,6.0,94.0,2,2025-09-24,5,2,/content/drive/MyDrive/spoilage_dataset/dataset_root/near_spoilage/IMG_3704.JPG,1.1060346e-06,2.7774618e-06,0.99999607,5.2476146e-08,near_spoilage
IMG_3705.JPG,near_spoilage,6.0,94.0,2,2025-09-24,5,2,/content/drive/MyDrive/spoilage_dataset/dataset_root/near_spoilage/IMG_3705.JPG,1.9542556e-07,3.1118563e-07,0.9999995,1.6887101e-08,near_spoilage
IMG_3706.JPG,near_spoilage,6.0,94.0,2,2025-09-24,5,2,/content/drive/MyDrive/spoilage_dataset/dataset_root/near_spoilage/IMG_3706.JPG,8.860016e-06,5.5681535e-06,0.99998546,1.5687023e-07,near_spoilage
IMG_3707.JPG,near_spoilage,6.0,94.0,2,2025-09-24,5,2,/content/drive/MyDrive/spoilage_dataset/dataset_root/near_spoilage/IMG_3707.JPG,7.648221e-08,3.0950563e-08,0.9999999,2.5040627e-09,near_spoilage
IMG_3708.JPG,near_spoilage,6.0,94.0,2,2025-09-24,5,2,/content/drive/MyDrive/spoilage_dataset/dataset_root/near_spoilage/IMG_3708.JPG,6.90822e-08,2.9769615e-07,0.99999964,9.2753165e-09,near_spoilage
IMG_3709.JPG,near_spoilage,6.0,94.0,2,2025-09-24,5,2,/content/drive/MyDrive/spoilage_dataset/dataset_root/near_spoilage/IMG_3709.JPG,4.3849886e-06,3.4616962e-06,0.999992,7.1510954e-08,near_spoilage
IMG_3710.JPG,near_spoilage,6.0,94.0,2,2025-09-24,5,2,/content/drive/MyDrive/spoilage_dataset/dataset_root/near_spoilage/IMG_3710.JPG,1.8886046e-06,9.3611374e-07,0.99999714,3.4637317e-08,near_spoilage
IMG_3711.JPG,near_spoilage,6.0,94.0,2,2025-09-24,5,2,/content/drive/MyDrive/spoilage_dataset/dataset_root/near_spoilage/IMG_3711.JPG,8.9957285e-07,2.1153223e-06,0.999997,3.65942e-08,near_spoilage
IMG_3712.JPG,near_spoilage,6.0,94.0,2,2025-09-24,5,2,/content/drive/MyDrive/spoilage_dataset/dataset_root/near_spoilage/IMG_3712.JPG,1.5450566e-07,5.9079788e-08,0.99999976,4.5226543e-09,near_spoilage
IMG_3713.JPG,near_spoilage,6.0,94.0,2,2025-09-24,5,2,/content/drive/MyDrive/spoilage_dataset/dataset_root/near_spoilage/IMG_3713.JPG,9.83294e-07,2.960583e-07,0.9999987,1.9875207e-08,near_spoilage
IMG_3714.JPG,near_spoilage,6.0,94.0,2,2025-09-24,5,2,/content/drive/MyDrive/spoilage_dataset/dataset_root/near_spoilage/IMG_3714.JPG,1.8240138e-06,3.3660163e-07,0.99999785,2.0024887e-08,near_spoilage
IMG_3715.JPG,near_spoilage,6.0,94.0,2,2025-09-24,5,2,/content/drive/MyDrive/spoilage_dataset/dataset_root/near_spoilage/IMG_3715.JPG,1.6179544e-06,1.3105542e-06,0.9999969,5.9604915e-08,near_spoilage
IMG_3716.JPG,near_spoilage,6.0,94.0,2,2025-09-24,5,2,/content/drive/MyDrive/spoilage_dataset/dataset_root/near_spoilage/IMG_3716.JPG,1.3223053e-07,4.5880944e-07,0.9999994,1.7519996e-08,near_spoilage
IMG_3717.JPG,near_spoilage,6.0,94.0,2,2025-09-24,5,2,/content/drive/MyDrive/spoilage_dataset/dataset_root/near_spoilage/IMG_3717.JPG,1.2132809e-06,1.1347709e-06,0.9999976,1.6194141e-08,near_spoilage
IMG_3718.JPG,near_spoilage,6.0,94.0,2,2025-09-24,5,2,/content/drive/MyDrive/spoilage_dataset/dataset_root/near_spoilage/IMG_3718.JPG,2.144646e-06,3.5410192e-06,0.9999943,5.8932816e-08,near_spoilage
IMG_3719.JPG,near_spoilage,6.0,94.0,2,2025-09-24,5,2,/content/drive/MyDrive/spoilage_dataset/dataset_root/near_spoilage/IMG_3719.JPG,7.763035e-05,0.0017011297,0.99821377,7.49013e-06,near_spoilage
IMG_3720.JPG,near_spoilage,6.0,94.0,2,2025-09-24,5,2,/content/drive/MyDrive/spoilage_dataset/dataset_root/near_spoilage/IMG_3720.JPG,3.079433e-05,0.008320856,0.99164647,1.8326642e-06,near_spoilage
IMG_3721.JPG,near_spoilage,6.0,94.0,2,2025-09-24,5,2,/content/drive/MyDrive/spoilage_dataset/dataset_root/near_spoilage/IMG_3721.JPG,8.829503e-06,0.016009893,0.9839804,9.747237e-07,near_spoilage
IMG_3722.JPG,near_spoilage,6.0,94.0,2,2025-09-24,5,2,/content/drive/MyDrive/spoilage_dataset/dataset_root/near_spoilage/IMG_3722.JPG,1.1047289e-05,0.004863887,0.99512416,9.0966637e-07,near_spoilage
IMG_3723.JPG,near_spoilage,6.0,94.0,2,2025-09-24,5,2,/content/drive/MyDrive/spoilage_dataset/dataset_root/near_spoilage/IMG_3723.JPG,1.9860086e-05,0.00043823602,0.9995413,5.363036e-07,near_spoilage
IMG_3724.JPG,near_spoilage,6.0,94.0,3,2025-09-24,5,2,/content/drive/MyDrive/spoilage_dataset/dataset_root/near_spoilage/IMG_3724.JPG,2.6063803e-05,0.0012875863,0.9986858,6.387962e-07,near_spoilage
IMG_3726.JPG,near_spoilage,6.0,94.0,3,2025-09-24,5,2,/content/drive/MyDrive/spoilage_dataset/dataset_root/near_spoilage/IMG_3726.JPG,0.00047372867,0.016415564,0.9831012,9.519255e-06,near_spoilage
IMG_3727.JPG,near_spoilage,6.0,94.0,3,2025-09-24,5,2,/content/drive/MyDrive/spoilage_dataset/dataset_root/near_spoilage/IMG_3727.JPG,5.6429293e-05,0.003793522,0.99614704,2.9852517e-06,near_spoilage
IMG_3728.JPG,near_spoilage,6.0,94.0,3,2025-09-24,5,2,/content/drive/MyDrive/spoilage_dataset/dataset_root/near_spoilage/IMG_3728.JPG,4.6346828e-05,0.0022934508,0.99765956,5.5004057e-07,near_spoilage
IMG_3729.JPG,near_spoilage,6.0,94.0,3,2025-09-24,5,2,/content/drive/MyDrive/spoilage_dataset/dataset_root/near_spoilage/IMG_3729.JPG,1.4377287e-05,0.0012400039,0.9987452,3.402498e-07,near_spoilage
IMG_3730.JPG,near_spoilage,6.0,94.0,3,2025-09-24,5,2,/content/drive/MyDrive/spoilage_dataset/dataset_root/near_spoilage/IMG_3730.JPG,3.2821943e-05,0.00047712534,0.99948514,4.9018367e-06,near_spoilage
IMG_3731.JPG,near_spoilage,6.0,94.0,3,2025-09-24,5,2,/content/drive/MyDrive/spoilage_dataset/dataset_root/near_spoilage/IMG_3731.JPG,4.7174667e-06,0.0002057896,0.99978906,4.9407964e-07,near_spoilage
IMG_3732.JPG,near_spoilage,6.0,94.0,3,2025-09-24,5,2,/content/drive/MyDrive/spoilage_dataset/dataset_root/near_spoilage/IMG_3732.JPG,8.790008e-05,0.0026384753,0.99726933,4.3343075e-06,near_spoilage
IMG_3733.JPG,near_spoilage,6.0,94.0,3,2025-09-24,5,2,/content/drive/MyDrive/spoilage_dataset/dataset_root/near_spoilage/IMG_3733.JPG,0.0078043523,1.6270234e-05,0.9920953,8.414344e-05,near_spoilage
IMG_3734.JPG,near_spoilage,6.0,94.0,3,2025-09-24,5,2,/content/drive/MyDrive/spoilage_dataset/dataset_root/near_spoilage/IMG_3734.JPG,0.0035212426,1.1416232e-05,0.99643457,3.2787833e-05,near_spoilage
IMG_3735.JPG,near_spoilage,6.0,94.0,3,2025-09-24,5,2,/content/drive/MyDrive/spoilage_dataset/dataset_root/near_spoilage/IMG_3735.JPG,0.0009789413,6.487757e-06,0.99899834,1.6182026e-05,near_spoilage
IMG_3736.JPG,near_spoilage,6.0,94.0,3,2025-09-24,5,2,/content/drive/MyDrive/spoilage_dataset/dataset_root/near_spoilage/IMG_3736.JPG,0.0018332974,3.4284276e-05,0.99809164,4.0830393e-05,near_spoilage
IMG_3737.JPG,near_spoilage,6.0,94.0,3,2025-09-24,5,2,/content/drive/MyDrive/spoilage_dataset/dataset_root/near_spoilage/IMG_3737.JPG,0.0009037941,1.1194018e-05,0.99907553,9.463942e-06,near_spoilage
IMG_3738.JPG,near_spoilage,6.0,94.0,3,2025-09-24,5,2,/content/drive/MyDrive/spoilage_dataset/dataset_root/near_spoilage/IMG_3738.JPG,0.0010074078,5.804024e-05,0.99887866,5.5816647e-05,near_spoilage
IMG_3739.JPG,near_spoilage,6.0,94.0,3,2025-09-24,5,2,/content/drive/MyDrive/spoilage_dataset/dataset_root/near_spoilage/IMG_3739.JPG,0.0011779125,9.941262e-06,0.998808,4.140903e-06,near_spoilage
IMG_3740.JPG,near_spoilage,6.0,94.0,3,2025-09-24,5,2,/content/drive/MyDrive/spoilage_dataset/dataset_root/near_spoilage/IMG_3740.JPG,0.0019979135,0.00015257204,0.99784565,3.7535704e-06,near_spoilage
IMG_3741.JPG,near_spoilage,6.0,94.0,3,2025-09-24,5,2,/content/drive/MyDrive/spoilage_dataset/dataset_root/near_spoilage/IMG_3741.JPG,0.001960098,0.00014452326,0.9978855,9.910452e-06,near_spoilage
IMG_3742.JPG,near_spoilage,6.0,94.0,3,2025-09-24,5,2,/content/drive/MyDrive/spoilage_dataset/dataset_root/near_spoilage/IMG_3742.JPG,0.0014106084,4.829848e-05,0.9985399,1.2454815e-06,near_spoilage
IMG_3743.JPG,near_spoilage,6.0,94.0,3,2025-09-24,5,2,/content/drive/MyDrive/spoilage_dataset/dataset_root/near_spoilage/IMG_3743.JPG,0.002223535,0.00021019296,0.99756336,3.0038025e-06,near_spoilage
IMG_3744.JPG,near_spoilage,6.0,94.0,3,2025-09-24,5,2,/content/drive/MyDrive/spoilage_dataset/dataset_root/near_spoilage/IMG_3744.JPG,0.0010003083,4.0450366e-05,0.99895513,4.0149457e-06,near_spoilage
IMG_3745.JPG,near_spoilage,6.0,94.0,3,2025-09-24,5,2,/content/drive/MyDrive/spoilage_dataset/dataset_root/near_spoilage/IMG_3745.JPG,0.0013270958,2.4616225e-05,0.99864644,1.954803e-06,near_spoilage
IMG_3746.JPG,near_spoilage,6.0,94.0,3,2025-09-24,5,2,/content/drive/MyDrive/spoilage_dataset/dataset_root/near_spoilage/IMG_3746.JPG,0.006757066,0.00036519155,0.9928717,6.0557354e-06,near_spoilage
IMG_3747.JPG,near_spoilage,6.0,94.0,3,2025-09-24,5,2,/content/drive/MyDrive/spoilage_dataset/dataset_root/near_spoilage/IMG_3747.JPG,0.011642724,0.0007919672,0.98754,2.5308627e-05,near_spoilage
IMG_3748.JPG,near_spoilage,6.0,94.0,3,2025-09-24,5,2,/content/drive/MyDrive/spoilage_dataset/dataset_root/near_spoilage/IMG_3748.JPG,0.00053047354,1.5448948e-05,0.99945265,1.396264e-06,near_spoilage
IMG_3749.JPG,near_spoilage,6.0,94.0,3,2025-09-24,5,2,/content/drive/MyDrive/spoilage_dataset/dataset_root/near_spoilage/IMG_3749.JPG,0.0033961933,0.014668869,0.98191833,1.6589795e-05,near_spoilage
IMG_3750.JPG,near_spoilage,6.0,94.0,3,2025-09-24,5,2,/content/drive/MyDrive/spoilage_dataset/dataset_root/near_spoilage/IMG_3750.JPG,1.5169557e-05,0.0041507385,0.9958126,2.1465848e-05,near_spoilage
IMG_3751.JPG,near_spoilage,6.0,94.0,3,2025-09-24,5,2,/content/drive/MyDrive/spoilage_dataset/dataset_root/near_spoilage/IMG_3751.JPG,1.689405e-05,0.0042011454,0.99577004,1.1855587e-05,near_spoilage
IMG_3752.JPG,near_spoilage,6.0,94.0,3,2025-09-24,5,2,/content/drive/MyDrive/spoilage_dataset/dataset_root/near_spoilage/IMG_3752.JPG,0.004331687,0.12538053,0.8702497,3.8070524e-05,near_spoilage
IMG_3753.JPG,near_spoilage,6.0,94.0,3,2025-09-24,5,2,/content/drive/MyDrive/spoilage_dataset/dataset_root/near_spoilage/IMG_3753.JPG,0.0014603279,0.07753224,0.9207939,0.00021361535,near_spoilage
IMG_3754.JPG,near_spoilage,6.0,94.0,3,2025-09-24,5,2,/content/drive/MyDrive/spoilage_dataset/dataset_root/near_spoilage/IMG_3754.JPG,2.379143e-06,0.002582702,0.99741447,4.258208e-07,near_spoilage
IMG_3755.JPG,near_spoilage,6.0,94.0,3,2025-09-24,5,2,/content/drive/MyDrive/spoilage_dataset/dataset_root/near_spoilage/IMG_3755.JPG,5.04575e-07,0.002269922,0.9977295,1.5583255e-07,near_spoilage
IMG_3756.JPG,near_spoilage,6.0,94.0,3,2025-09-24,5,2,/content/drive/MyDrive/spoilage_dataset/dataset_root/near_spoilage/IMG_3756.JPG,3.509271e-07,0.0031360756,0.99686337,2.1420773e-07,near_spoilage
IMG_3757.JPG,near_spoilage,6.0,94.0,3,2025-09-24,5,2,/content/drive/MyDrive/spoilage_dataset/dataset_root/near_spoilage/IMG_3757.JPG,2.0541914e-07,0.0024788564,0.99752074,7.9174086e-08,near_spoilage
IMG_3758.JPG,near_spoilage,6.0,94.0,3,2025-09-24,5,2,/content/drive/MyDrive/spoilage_dataset/dataset_root/near_spoilage/IMG_3758.JPG,1.5150911e-06,0.0008989632,0.99909914,3.303145e-07,near_spoilage
IMG_3759.JPG,near_spoilage,6.0,94.0,3,2025-09-24,5,2,/content/drive/MyDrive/spoilage_dataset/dataset_root/near_spoilage/IMG_3759.JPG,5.4468165e-07,0.0007382067,0.9992611,7.28653e-08,near_spoilage
IMG_3760.JPG,near_spoilage,6.0,94.0,3,2025-09-24,5,2,/content/drive/MyDrive/spoilage_dataset/dataset_root/near_spoilage/IMG_3760.JPG,2.0672037e-07,0.011057741,0.988942,1.4511612e-08,near_spoilage
IMG_3761.JPG,near_spoilage,6.0,94.0,3,2025-09-24,5,2,/content/drive/MyDrive/spoilage_dataset/dataset_root/near_spoilage/IMG_3761.JPG,1.515003e-06,0.0028989776,0.9970993,2.5420485e-07,near_spoilage
IMG_3762.JPG,near_spoilage,6.0,94.0,3,2025-09-24,5,2,/content/drive/MyDrive/spoilage_dataset/dataset_root/near_spoilage/IMG_3762.JPG,5.2311987e-07,0.0010468222,0.9989524,2.712443e-07,near_spoilage
IMG_3763.JPG,near_spoilage,6.0,94.0,3,2025-09-24,5,2,/content/drive/MyDrive/spoilage_dataset/dataset_root/near_spoilage/IMG_3763.JPG,2.1296473e-06,0.000866813,0.99913067,3.1417665e-07,near_spoilage
IMG_3765.JPG,near_spoilage,6.0,94.0,3,2025-09-24,5,2,/content/drive/MyDrive/spoilage_dataset/dataset_root/near_spoilage/IMG_3765.JPG,8.713188e-06,1.73631e-05,0.9997732,0.00020065214,near_spoilage
IMG_3766.JPG,near_spoilage,6.0,94.0,3,2025-09-24,5,2,/content/drive/MyDrive/spoilage_dataset/dataset_root/near_spoilage/IMG_3766.JPG,2.9578653e-06,2.361496e-05,0.99989617,7.727651e-05,near_spoilage
IMG_3767.JPG,near_spoilage,6.0,94.0,3,2025-09-24,5,2,/content/drive/MyDrive/spoilage_dataset/dataset_root/near_spoilage/IMG_3767.JPG,6.4305516e-07,1.41765895e-05,0.99998176,3.4798857e-06,near_spoilage
IMG_3768.JPG,near_spoilage,6.0,94.0,3,2025-09-24,5,2,/content/drive/MyDrive/spoilage_dataset/dataset_root/near_spoilage/IMG_3768.JPG,1.3493666e-06,1.9515517e-05,0.99997485,4.3355594e-06,near_spoilage
IMG_3769.JPG,near_spoilage,6.0,94.0,3,2025-09-24,5,2,/content/drive/MyDrive/spoilage_dataset/dataset_root/near_spoilage/IMG_3769.JPG,2.8576515e-06,2.5582853e-05,0.9999429,2.8611597e-05,near_spoilage
IMG_3770.JPG,near_spoilage,6.0,94.0,3,2025-09-24,5,2,/content/drive/MyDrive/spoilage_dataset/dataset_root/near_spoilage/IMG_3770.JPG,2.064076e-06,2.6118847e-05,0.99993813,3.37291e-05,near_spoilage
IMG_3771.JPG,near_spoilage,6.0,94.0,3,2025-09-24,5,2,/content/drive/MyDrive/spoilage_dataset/dataset_root/near_spoilage/IMG_3771.JPG,3.20806e-06,3.2763055e-05,0.99990654,5.7511537e-05,near_spoilage
IMG_3772.JPG,near_spoilage,6.0,94.0,3,2025-09-24,5,2,/content/drive/MyDrive/spoilage_dataset/dataset_root/near_spoilage/IMG_3772.JPG,5.2828327e-06,2.7792617e-05,0.9999062,6.0838534e-05,near_spoilage
IMG_3773.JPG,near_spoilage,6.0,94.0,3,2025-09-24,5,2,/content/drive/MyDrive/spoilage_dataset/dataset_root/near_spoilage/IMG_3773.JPG,9.480039e-07,2.7768034e-05,0.9999492,2.2104578e-05,near_spoilage
IMG_3774.JPG,near_spoilage,6.0,94.0,3,2025-09-24,5,2,/content/drive/MyDrive/spoilage_dataset/dataset_root/near_spoilage/IMG_3774.JPG,2.8174625e-06,7.449072e-06,0.999972,1.7777114e-05,near_spoilage
IMG_3775.JPG,near_spoilage,6.0,94.0,3,2025-09-24,5,2,/content/drive/MyDrive/spoilage_dataset/dataset_root/near_spoilage/IMG_3775.JPG,2.460796e-07,1.8833045e-07,0.9999939,5.5631426e-06,near_spoilage
IMG_3776.JPG,near_spoilage,6.0,94.0,3,2025-09-24,5,2,/content/drive/MyDrive/spoilage_dataset/dataset_root/near_spoilage/IMG_3776.JPG,1.9020072e-05,1.6068577e-06,0.99994314,3.6192472e-05,near_spoilage
IMG_3777.JPG,near_spoilage,6.0,94.0,3,2025-09-24,5,2,/content/drive/MyDrive/spoilage_dataset/dataset_root/near_spoilage/IMG_3777.JPG,3.554488e-06,3.0096119e-06,0.99998367,9.805893e-06,near_spoilage
IMG_3778.JPG,near_spoilage,6.0,94.0,3,2025-09-24,5,2,/content/drive/MyDrive/spoilage_dataset/dataset_root/near_spoilage/IMG_3778.JPG,2.5316133e-06,8.722171e-07,0.9999658,3.0739677e-05,near_spoilage
IMG_3779.JPG,near_spoilage,6.0,94.0,3,2025-09-24,5,2,/content/drive/MyDrive/spoilage_dataset/dataset_root/near_spoilage/IMG_3779.JPG,1.8325971e-06,2.6846517e-06,0.99999094,4.476812e-06,near_spoilage
IMG_3780.JPG,near_spoilage,6.0,94.0,3,2025-09-24,5,2,/content/drive/MyDrive/spoilage_dataset/dataset_root/near_spoilage/IMG_3780.JPG,3.24439e-06,1.6335661e-06,0.9999943,8.3956076e-07,near_spoilage
IMG_3781.JPG,near_spoilage,6.0,94.0,3,2025-09-24,5,2,/content/drive/MyDrive/spoilage_dataset/dataset_root/near_spoilage/IMG_3781.JPG,8.8887975e-07,3.0687005e-07,0.9999981,7.1759547e-07,near_spoilage
IMG_3782.JPG,near_spoilage,6.0,94.0,3,2025-09-24,5,2,/content/drive/MyDrive/spoilage_dataset/dataset_root/near_spoilage/IMG_3782.JPG,5.3347398e-05,8.0564154e-05,0.9998118,5.4277283e-05,near_spoilage
IMG_3783.JPG,near_spoilage,6.0,94.0,3,2025-09-24,5,2,/content/drive/MyDrive/spoilage_dataset/dataset_root/near_spoilage/IMG_3783.JPG,1.5210217e-06,1.5383625e-06,0.99999654,3.5099424e-07,near_spoilage
IMG_3784.JPG,near_spoilage,6.0,94.0,3,2025-09-24,5,2,/content/drive/MyDrive/spoilage_dataset/dataset_root/near_spoilage/IMG_3784.JPG,5.0699335e-08,4.01257e-07,0.9999969,2.5721909e-06,near_spoilage
IMG_3785.JPG,near_spoilage,6.0,94.0,3,2025-09-24,5,2,/content/drive/MyDrive/spoilage_dataset/dataset_root/near_spoilage/IMG_3785.JPG,0.011275474,0.00023125367,0.9777079,0.010785328,near_spoilage
IMG_3786.JPG,near_spoilage,6.0,94.0,3,2025-09-24,5,2,/content/drive/MyDrive/spoilage_dataset/dataset_root/near_spoilage/IMG_3786.JPG,0.0012554424,0.00011634747,0.9969054,0.0017228725,near_spoilage
IMG_3787.JPG,near_spoilage,6.0,94.0,3,2025-09-24,5,2,/content/drive/MyDrive/spoilage_dataset/dataset_root/near_spoilage/IMG_3787.JPG,0.00012404438,0.028710818,0.9710198,0.00014537624,near_spoilage
IMG_3788.JPG,near_spoilage,6.0,94.0,3,2025-09-24,5,2,/content/drive/MyDrive/spoilage_dataset/dataset_root/near_spoilage/IMG_3788.JPG,5.0387618e-05,0.00039172446,0.9992261,0.00033171856,near_spoilage
IMG_3789.JPG,near_spoilage,6.0,94.0,3,2025-09-24,5,2,/content/drive/MyDrive/spoilage_dataset/dataset_root/near_spoilage/IMG_3789.JPG,0.011639068,0.001073211,0.98678696,0.0005007829,near_spoilage
IMG_3790.JPG,near_spoilage,6.0,94.0,3,2025-09-24,5,2,/content/drive/MyDrive/spoilage_dataset/dataset_root/near_spoilage/IMG_3790.JPG,0.00072207465,0.0011897564,0.997755,0.0003332139,near_spoilage
IMG_3791.JPG,near_spoilage,6.0,94.0,3,2025-09-24,5,2,/content/drive/MyDrive/spoilage_dataset/dataset_root/near_spoilage/IMG_3791.JPG,0.0028378037,0.00010596773,0.99644744,0.00060881436,near_spoilage
IMG_3792.JPG,near_spoilage,6.0,94.0,3,2025-09-24,5,2,/content/drive/MyDrive/spoilage_dataset/dataset_root/near_spoilage/IMG_3792.JPG,0.0020004418,0.00010846625,0.9973815,0.0005095873,near_spoilage
IMG_3793.JPG,near_spoilage,6.0,94.0,3,2025-09-24,5,2,/content/drive/MyDrive/spoilage_dataset/dataset_root/near_spoilage/IMG_3793.JPG,0.04122493,0.00045116383,0.95598555,0.0023383505,near_spoilage
IMG_3794.JPG,near_spoilage,6.0,94.0,3,2025-09-24,5,2,/content/drive/MyDrive/spoilage_dataset/dataset_root/near_spoilage/IMG_3794.JPG,0.0010123886,0.0006418732,0.99676585,0.0015798486,near_spoilage
IMG_3795.JPG,near_spoilage,6.0,94.0,3,2025-09-24,5,2,/content/drive/MyDrive/spoilage_dataset/dataset_root/near_spoilage/IMG_3795.JPG,0.005983106,0.0004275164,0.9929974,0.00059200695,near_spoilage
IMG_3796.JPG,near_spoilage,6.0,94.0,3,2025-09-24,5,2,/content/drive/MyDrive/spoilage_dataset/dataset_root/near_spoilage/IMG_3796.JPG,1.5493622e-05,0.01019495,0.98692816,0.0028613978,near_spoilage
IMG_3797.JPG,near_spoilage,6.0,94.0,3,2025-09-24,5,2,/content/drive/MyDrive/spoilage_dataset/dataset_root/near_spoilage/IMG_3797.JPG,6.6770185e-06,0.012046531,0.9875852,0.0003615607,near_spoilage
IMG_3798.JPG,near_spoilage,6.0,94.0,3,2025-09-24,5,2,/content/drive/MyDrive/spoilage_dataset/dataset_root/near_spoilage/IMG_3798.JPG,1.2915901e-05,0.013893598,0.9858532,0.0002403212,near_spoilage
IMG_3799.JPG,near_spoilage,6.0,94.0,3,2025-09-24,5,2,/content/drive/MyDrive/spoilage_dataset/dataset_root/near_spoilage/IMG_3799.JPG,4.894108e-06,0.019446952,0.98005,0.00049820024,near_spoilage
IMG_3800.JPG,near_spoilage,6.0,94.0,3,2025-09-24,5,2,/content/drive/MyDrive/spoilage_dataset/dataset_root/near_spoilage/IMG_3800.JPG,1.9135086e-06,0.0073082587,0.99266994,1.9827285e-05,near_spoilage
IMG_3801.JPG,near_spoilage,6.0,94.0,3,2025-09-24,5,2,/content/drive/MyDrive/spoilage_dataset/dataset_root/near_spoilage/IMG_3801.JPG,2.05557e-07,0.0004886148,0.9995047,6.37894e-06,near_spoilage
IMG_3802.JPG,near_spoilage,6.0,94.0,3,2025-09-24,5,2,/content/drive/MyDrive/spoilage_dataset/dataset_root/near_spoilage/IMG_3802.JPG,1.4967279e-06,0.0006075074,0.99937963,1.1307818e-05,near_spoilage
IMG_3803.JPG,near_spoilage,6.0,94.0,3,2025-09-24,5,2,/content/drive/MyDrive/spoilage_dataset/dataset_root/near_spoilage/IMG_3803.JPG,1.7840988e-06,0.00044120205,0.999506,5.0955645e-05,near_spoilage
IMG_3804.JPG,near_spoilage,6.0,94.0,3,2025-09-24,5,2,/content/drive/MyDrive/spoilage_dataset/dataset_root/near_spoilage/IMG_3804.JPG,8.0714483e-07,0.00086134585,0.99911875,1.9036243e-05,near_spoilage
IMG_3805.JPG,near_spoilage,6.0,94.0,3,2025-09-24,5,2,/content/drive/MyDrive/spoilage_dataset/dataset_root/near_spoilage/IMG_3805.JPG,1.6267971e-06,0.000865647,0.9990735,5.922493e-05,near_spoilage
IMG_3806.JPG,near_spoilage,6.0,94.0,3,2025-09-24,5,2,/content/drive/MyDrive/spoilage_dataset/dataset_root/near_spoilage/IMG_3806.JPG,9.022972e-06,0.07748077,0.9224997,1.0524866e-05,near_spoilage
IMG_3807.JPG,near_spoilage,6.0,94.0,3,2025-09-24,5,2,/content/drive/MyDrive/spoilage_dataset/dataset_root/near_spoilage/IMG_3807.JPG,1.4422823e-05,0.038449533,0.9615286,7.4143554e-06,near_spoilage
IMG_3808.JPG,near_spoilage,6.0,94.0,3,2025-09-24,5,2,/content/drive/MyDrive/spoilage_dataset/dataset_root/near_spoilage/IMG_3808.JPG,2.193538e-06,0.102209136,0.8977837,5.0180042e-06,near_spoilage
IMG_3809.JPG,near_spoilage,6.0,94.0,3,2025-09-24,5,2,/content/drive/MyDrive/spoilage_dataset/dataset_root/near_spoilage/IMG_3809.JPG,5.65773e-06,0.01621345,0.98376936,1.15762505e-05,near_spoilage
IMG_3810.JPG,near_spoilage,6.0,94.0,3,2025-09-24,5,2,/content/drive/MyDrive/spoilage_dataset/dataset_root/near_spoilage/IMG_3810.JPG,8.997781e-06,0.019466959,0.98051846,5.5836795e-06,near_spoilage
IMG_3811.JPG,near_spoilage,6.0,94.0,3,2025-09-24,5,2,/content/drive/MyDrive/spoilage_dataset/dataset_root/near_spoilage/IMG_3811.JPG,0.00015619499,0.001151208,0.99850947,0.00018301894,near_spoilage
IMG_3812.JPG,near_spoilage,6.0,94.0,3,2025-09-24,5,2,/content/drive/MyDrive/spoilage_dataset/dataset_root/near_spoilage/IMG_3812.JPG,0.00021707475,0.002899517,0.99673957,0.00014383825,near_spoilage
IMG_3813.JPG,near_spoilage,6.0,94.0,3,2025-09-24,5,2,/content/drive/MyDrive/spoilage_dataset/dataset_root/near_spoilage/IMG_3813.JPG,0.00018477233,0.005059275,0.9939851,0.0007708792,near_spoilage
IMG_3814.JPG,near_spoilage,6.0,94.0,3,2025-09-24,5,2,/content/drive/MyDrive/spoilage_dataset/dataset_root/near_spoilage/IMG_3814.JPG,0.000863585,0.0018004416,0.36528045,0.6320555,spoiled
IMG_3815.JPG,near_spoilage,6.0,94.0,3,2025-09-24,5,2,/content/drive/MyDrive/spoilage_dataset/dataset_root/near_spoilage/IMG_3815.JPG,0.0005114005,0.0007388469,0.945486,0.053263735,near_spoilage
IMG_3816.JPG,near_spoilage,6.0,94.0,4,2025-09-24,5,2,/content/drive/MyDrive/spoilage_dataset/dataset_root/near_spoilage/IMG_3816.JPG,4.9652288e-05,0.00035138286,0.9956447,0.0039542452,near_spoilage
IMG_3817.JPG,near_spoilage,6.0,94.0,4,2025-09-24,5,2,/content/drive/MyDrive/spoilage_dataset/dataset_root/near_spoilage/IMG_3817.JPG,3.8267088e-05,4.5837634e-05,0.9997054,0.00021050473,near_spoilage
IMG_3818.JPG,near_spoilage,6.0,94.0,4,2025-09-24,5,2,/content/drive/MyDrive/spoilage_dataset/dataset_root/near_spoilage/IMG_3818.JPG,1.9796878e-06,1.5832919e-05,0.9998739,0.000108317916,near_spoilage
IMG_3819.JPG,near_spoilage,6.0,94.0,4,2025-09-24,5,2,/content/drive/MyDrive/spoilage_dataset/dataset_root/near_spoilage/IMG_3819.JPG,1.563324e-05,0.00029348314,0.9987338,0.0009571677,near_spoilage
IMG_3820.JPG,near_spoilage,6.0,94.0,4,2025-09-24,5,2,/content/drive/MyDrive/spoilage_dataset/dataset_root/near_spoilage/IMG_3820.JPG,6.542528e-05,0.00079689524,0.99755377,0.0015840131,near_spoilage
IMG_3821.JPG,near_spoilage,6.0,94.0,4,2025-09-24,5,2,/content/drive/MyDrive/spoilage_dataset/dataset_root/near_spoilage/IMG_3821.JPG,4.571716e-05,7.38181e-06,0.9997601,0.00018672846,near_spoilage
IMG_3822.JPG,near_spoilage,6.0,94.0,4,2025-09-24,5,2,/content/drive/MyDrive/spoilage_dataset/dataset_root/near_spoilage/IMG_3822.JPG,7.1383727e-07,1.1291783e-08,0.9999924,6.972757e-06,near_spoilage
IMG_3823.JPG,near_spoilage,6.0,94.0,4,2025-09-24,5,2,/content/drive/MyDrive/spoilage_dataset/dataset_root/near_spoilage/IMG_3823.JPG,1.7340496e-07,9.721382e-09,0.99999845,1.3557747e-06,near_spoilage
IMG_3824.JPG,near_spoilage,6.0,94.0,4,2025-09-24,5,2,/content/drive/MyDrive/spoilage_dataset/dataset_root/near_spoilage/IMG_3824.JPG,6.9226417e-07,1.2014091e-08,0.9999989,4.171335e-07,near_spoilage
IMG_3825.JPG,near_spoilage,6.0,94.0,4,2025-09-24,5,2,/content/drive/MyDrive/spoilage_dataset/dataset_root/near_spoilage/IMG_3825.JPG,8.240533e-07,3.2713917e-08,0.999995,4.215089e-06,near_spoilage
IMG_3826.JPG,near_spoilage,6.0,94.0,4,2025-09-24,5,2,/content/drive/MyDrive/spoilage_dataset/dataset_root/near_spoilage/IMG_3826.JPG,4.277215e-06,1.8760377e-07,0.9999894,6.226398e-06,near_spoilage
IMG_3827.JPG,near_spoilage,6.0,94.0,4,2025-09-24,5,2,/content/drive/MyDrive/spoilage_dataset/dataset_root/near_spoilage/IMG_3827.JPG,2.274126e-07,3.499252e-08,0.9999994,3.9304842e-07,near_spoilage
IMG_3828.JPG,near_spoilage,6.0,94.0,4,2025-09-24,5,2,/content/drive/MyDrive/spoilage_dataset/dataset_root/near_spoilage/IMG_3828.JPG,1.584473e-07,1.4072255e-08,0.9999989,9.551687e-07,near_spoilage
IMG_3829.JPG,near_spoilage,6.0,94.0,4,2025-09-24,5,2,/content/drive/MyDrive/spoilage_dataset/dataset_root/near_spoilage/IMG_3829.JPG,9.870366e-08,3.1233778e-09,0.99999976,1.209316e-07,near_spoilage
IMG_3830.JPG,near_spoilage,6.0,94.0,4,2025-09-24,5,2,/content/drive/MyDrive/spoilage_dataset/dataset_root/near_spoilage/IMG_3830.JPG,1.1809276e-06,0.0010452232,0.9989454,8.235531e-06,near_spoilage
IMG_3831.JPG,near_spoilage,6.0,94.0,4,2025-09-24,5,2,/content/drive/MyDrive/spoilage_dataset/dataset_root/near_spoilage/IMG_3831.JPG,1.4839371e-07,0.0006058108,0.999393,1.1087861e-06,near_spoilage
IMG_3833.JPG,near_spoilage,6.0,94.0,4,2025-09-24,5,2,/content/drive/MyDrive/spoilage_dataset/dataset_root/near_spoilage/IMG_3833.JPG,0.0006354613,0.17697875,0.82205486,0.0003309458,near_spoilage
IMG_3834.JPG,near_spoilage,6.0,94.0,4,2025-09-24,5,2,/content/drive/MyDrive/spoilage_dataset/dataset_root/near_spoilage/IMG_3834.JPG,1.785897e-10,1.6082099e-06,0.99999845,1.198239e-08,near_spoilage
IMG_3835.JPG,near_spoilage,6.0,94.0,4,2025-09-24,5,2,/content/drive/MyDrive/spoilage_dataset/dataset_root/near_spoilage/IMG_3835.JPG,0.0008432458,0.0044970666,0.9943586,0.00030110157,near_spoilage
IMG_3836.JPG,near_spoilage,6.0,94.0,4,2025-09-24,5,2,/content/drive/MyDrive/spoilage_dataset/dataset_root/near_spoilage/IMG_3836.JPG,0.0003879194,0.011988463,0.9876123,1.1315985e-05,near_spoilage
IMG_3837.JPG,near_spoilage,6.0,94.0,4,2025-09-24,5,2,/content/drive/MyDrive/spoilage_dataset/dataset_root/near_spoilage/IMG_3837.JPG,8.0948696e-05,0.040585324,0.95933163,2.0888963e-06,near_spoilage
IMG_3838.JPG,near_spoilage,6.0,94.0,4,2025-09-24,5,2,/content/drive/MyDrive/spoilage_dataset/dataset_root/near_spoilage/IMG_3838.JPG,0.00018217876,0.75051415,0.24929506,8.579821e-06,slightly_aged
IMG_3839.JPG,near_spoilage,6.0,94.0,4,2025-09-24,5,2,/content/drive/MyDrive/spoilage_dataset/dataset_root/near_spoilage/IMG_3839.JPG,3.113271e-05,0.07093497,0.9290249,8.948665e-06,near_spoilage
IMG_3840.JPG,near_spoilage,6.0,94.0,4,2025-09-24,5,2,/content/drive/MyDrive/spoilage_dataset/dataset_root/near_spoilage/IMG_3840.JPG,0.0367852,0.015419322,0.9476473,0.00014817441,near_spoilage
IMG_3841.JPG,near_spoilage,6.0,94.0,4,2025-09-24,5,2,/content/drive/MyDrive/spoilage_dataset/dataset_root/near_spoilage/IMG_3841.JPG,0.023709523,0.01908163,0.9571841,2.480951e-05,near_spoilage
IMG_3842.JPG,near_spoilage,6.0,94.0,4,2025-09-24,5,2,/content/drive/MyDrive/spoilage_dataset/dataset_root/near_spoilage/IMG_3842.JPG,0.0024806792,0.04590805,0.9516084,2.837828e-06,near_spoilage
IMG_3843.JPG,near_spoilage,6.0,94.0,4,2025-09-24,5,2,/content/drive/MyDrive/spoilage_dataset/dataset_root/near_spoilage/IMG_3843.JPG,0.00040017877,0.013275034,0.98632115,3.629121e-06,near_spoilage
IMG_3844.JPG,near_spoilage,6.0,94.0,4,2025-09-24,5,2,/content/drive/MyDrive/spoilage_dataset/dataset_root/near_spoilage/IMG_3844.JPG,0.0006961609,0.013757288,0.98554116,5.437899e-06,near_spoilage
IMG_3846.JPG,near_spoilage,6.0,94.0,4,2025-09-24,5,2,/content/drive/MyDrive/spoilage_dataset/dataset_root/near_spoilage/IMG_3846.JPG,1.0424274e-06,3.4683733e-05,0.99996245,1.7818894e-06,near_spoilage
IMG_3847.JPG,near_spoilage,6.0,94.0,4,2025-09-24,5,2,/content/drive/MyDrive/spoilage_dataset/dataset_root/near_spoilage/IMG_3847.JPG,5.9664753e-06,0.000114077935,0.9998759,4.0070395e-06,near_spoilage
IMG_3848.JPG,near_spoilage,6.0,94.0,4,2025-09-24,5,2,/content/drive/MyDrive/spoilage_dataset/dataset_root/near_spoilage/IMG_3848.JPG,7.497025e-06,9.386787e-05,0.999879,1.9685254e-05,near_spoilage
IMG_3849.JPG,near_spoilage,6.0,94.0,4,2025-09-24,5,2,/content/drive/MyDrive/spoilage_dataset/dataset_root/near_spoilage/IMG_3849.JPG,7.91627e-06,4.37209e-05,0.99994195,6.4411624e-06,near_spoilage
IMG_3850.JPG,near_spoilage,6.0,94.0,4,2025-09-24,5,2,/content/drive/MyDrive/spoilage_dataset/dataset_root/near_spoilage/IMG_3850.JPG,4.22465e-06,3.799594e-05,0.9999548,3.038827e-06,near_spoilage
IMG_3851.JPG,near_spoilage,6.0,94.0,4,2025-09-24,5,2,/content/drive/MyDrive/spoilage_dataset/dataset_root/near_spoilage/IMG_3851.JPG,2.0663742e-06,0.00015211794,0.9998331,1.258709e-05,near_spoilage
IMG_3852.JPG,near_spoilage,6.0,94.0,4,2025-09-24,5,2,/content/drive/MyDrive/spoilage_dataset/dataset_root/near_spoilage/IMG_3852.JPG,3.0613921e-06,3.6492263e-05,0.9999573,3.054516e-06,near_spoilage
IMG_3853.JPG,near_spoilage,6.0,94.0,4,2025-09-24,5,2,/content/drive/MyDrive/spoilage_dataset/dataset_root/near_spoilage/IMG_3853.JPG,3.3267802e-06,0.00010363088,0.9998853,7.728691e-06,near_spoilage
IMG_3854.JPG,near_spoilage,6.0,94.0,4,2025-09-24,5,2,/content/drive/MyDrive/spoilage_dataset/dataset_root/near_spoilage/IMG_3854.JPG,7.0187198e-06,0.00025700344,0.99971706,1.8950328e-05,near_spoilage
IMG_3855.JPG,near_spoilage,6.0,94.0,4,2025-09-24,5,2,/content/drive/MyDrive/spoilage_dataset/dataset_root/near_spoilage/IMG_3855.JPG,6.9546327e-06,0.00017460891,0.9998035,1.50467395e-05,near_spoilage
IMG_3856.JPG,near_spoilage,6.0,94.0,4,2025-09-24,5,2,/content/drive/MyDrive/spoilage_dataset/dataset_root/near_spoilage/IMG_3856.JPG,1.2078954e-05,0.00047819206,0.9994319,7.775058e-05,near_spoilage
IMG_3857.JPG,near_spoilage,6.0,94.0,4,2025-09-24,5,2,/content/drive/MyDrive/spoilage_dataset/dataset_root/near_spoilage/IMG_3857.JPG,6.6405128e-06,0.0009323024,0.9990287,3.240582e-05,near_spoilage
IMG_3858.JPG,near_spoilage,6.0,94.0,4,2025-09-24,5,2,/content/drive/MyDrive/spoilage_dataset/dataset_root/near_spoilage/IMG_3858.JPG,2.8645968e-06,0.00011750655,0.99987364,5.9796544e-06,near_spoilage
IMG_3859.JPG,near_spoilage,6.0,94.0,4,2025-09-24,5,2,/content/drive/MyDrive/spoilage_dataset/dataset_root/near_spoilage/IMG_3859.JPG,1.163137e-05,0.00039743073,0.9995807,1.0216053e-05,near_spoilage
IMG_3860.JPG,near_spoilage,6.0,94.0,4,2025-09-24,5,2,/content/drive/MyDrive/spoilage_dataset/dataset_root/near_spoilage/IMG_3860.JPG,1.1398309e-05,0.0006155786,0.9993567,1.6376507e-05,near_spoilage
IMG_3861.JPG,near_spoilage,6.0,94.0,4,2025-09-24,5,2,/content/drive/MyDrive/spoilage_dataset/dataset_root/near_spoilage/IMG_3861.JPG,3.2372564e-06,2.9593743e-06,0.9999932,5.4625315e-07,near_spoilage
IMG_3862.JPG,near_spoilage,6.0,94.0,4,2025-09-24,5,2,/content/drive/MyDrive/spoilage_dataset/dataset_root/near_spoilage/IMG_3862.JPG,2.2609453e-05,1.1557948e-05,0.99995244,1.3315073e-05,near_spoilage
IMG_3863.JPG,near_spoilage,6.0,94.0,4,2025-09-24,5,2,/content/drive/MyDrive/spoilage_dataset/dataset_root/near_spoilage/IMG_3863.JPG,1.4450388e-06,3.6640165e-06,0.9999943,5.892369e-07,near_spoilage
IMG_3864.JPG,near_spoilage,6.0,94.0,4,2025-09-24,5,2,/content/drive/MyDrive/spoilage_dataset/dataset_root/near_spoilage/IMG_3864.JPG,1.3708757e-07,1.2539451e-07,0.99998736,1.2408144e-05,near_spoilage
IMG_3865.JPG,near_spoilage,6.0,94.0,4,2025-09-24,5,2,/content/drive/MyDrive/spoilage_dataset/dataset_root/near_spoilage/IMG_3865.JPG,1.8979134e-05,0.0078086304,0.992164,8.447866e-06,near_spoilage
IMG_3866.JPG,near_spoilage,6.0,94.0,4,2025-09-24,5,2,/content/drive/MyDrive/spoilage_dataset/dataset_root/near_spoilage/IMG_3866.JPG,2.8941635e-05,0.013302053,0.986667,2.0328764e-06,near_spoilage
IMG_3867.JPG,near_spoilage,6.0,94.0,4,2025-09-24,5,2,/content/drive/MyDrive/spoilage_dataset/dataset_root/near_spoilage/IMG_3867.JPG,2.339994e-06,0.0025701474,0.9974268,7.037497e-07,near_spoilage
IMG_3868.JPG,near_spoilage,6.0,94.0,4,2025-09-24,5,2,/content/drive/MyDrive/spoilage_dataset/dataset_root/near_spoilage/IMG_3868.JPG,3.1241743e-05,0.0069600185,0.99300647,2.2174415e-06,near_spoilage
IMG_3869.JPG,near_spoilage,6.0,94.0,4,2025-09-24,5,2,/content/drive/MyDrive/spoilage_dataset/dataset_root/near_spoilage/IMG_3869.JPG,2.0254798e-05,0.015233868,0.9847401,5.6961376e-06,near_spoilage
IMG_3870.JPG,near_spoilage,6.0,94.0,4,2025-09-24,5,2,/content/drive/MyDrive/spoilage_dataset/dataset_root/near_spoilage/IMG_3870.JPG,2.8727265e-05,0.008803762,0.9911669,6.1359447e-07,near_spoilage
IMG_3871.JPG,near_spoilage,6.0,94.0,4,2025-09-24,5,2,/content/drive/MyDrive/spoilage_dataset/dataset_root/near_spoilage/IMG_3871.JPG,1.7723786e-06,0.0026478006,0.9973502,2.4199045e-07,near_spoilage
IMG_3872.JPG,near_spoilage,6.0,94.0,4,2025-09-24,5,2,/content/drive/MyDrive/spoilage_dataset/dataset_root/near_spoilage/IMG_3872.JPG,8.794602e-06,0.004519828,0.99547005,1.2701969e-06,near_spoilage
IMG_3873.JPG,near_spoilage,7.0,93.0,4,2025-09-24,5,2,/content/drive/MyDrive/spoilage_dataset/dataset_root/near_spoilage/IMG_3873.JPG,1.0023938e-05,0.0015785306,0.9984102,1.2219157e-06,near_spoilage
IMG_3874.JPG,near_spoilage,7.0,93.0,4,2025-09-24,5,2,/content/drive/MyDrive/spoilage_dataset/dataset_root/near_spoilage/IMG_3874.JPG,4.504847e-06,0.0006775258,0.9993179,9.590041e-08,near_spoilage
IMG_3875.JPG,near_spoilage,7.0,93.0,4,2025-09-24,5,2,/content/drive/MyDrive/spoilage_dataset/dataset_root/near_spoilage/IMG_3875.JPG,0.0016695688,7.619327e-05,0.9982528,1.4684814e-06,near_spoilage
IMG_3876.JPG,near_spoilage,7.0,93.0,4,2025-09-24,5,2,/content/drive/MyDrive/spoilage_dataset/dataset_root/near_spoilage/IMG_3876.JPG,0.000617809,3.0650788e-06,0.99937767,1.373586e-06,near_spoilage
IMG_3877.JPG,near_spoilage,7.0,93.0,4,2025-09-24,5,2,/content/drive/MyDrive/spoilage_dataset/dataset_root/near_spoilage/IMG_3877.JPG,0.0015938216,0.0006538788,0.997743,9.3161825e-06,near_spoilage
IMG_3878.JPG,near_spoilage,7.0,93.0,4,2025-09-24,5,2,/content/drive/MyDrive/spoilage_dataset/dataset_root/near_spoilage/IMG_3878.JPG,0.0003013188,2.5349265e-05,0.999673,3.8288587e-07,near_spoilage
IMG_3879.JPG,near_spoilage,7.0,93.0,4,2025-09-24,5,2,/content/drive/MyDrive/spoilage_dataset/dataset_root/near_spoilage/IMG_3879.JPG,0.0013781006,2.158594e-05,0.998599,1.2714837e-06,near_spoilage
IMG_3880.JPG,near_spoilage,7.0,93.0,4,2025-09-24,5,2,/content/drive/MyDrive/spoilage_dataset/dataset_root/near_spoilage/IMG_3880.JPG,0.0010245807,3.118e-05,0.9989427,1.5986379e-06,near_spoilage
IMG_3881.JPG,near_spoilage,7.0,93.0,4,2025-09-24,5,2,/content/drive/MyDrive/spoilage_dataset/dataset_root/near_spoilage/IMG_3881.JPG,0.001576816,4.639368e-06,0.99841726,1.3606341e-06,near_spoilage
IMG_3882.JPG,near_spoilage,7.0,93.0,4,2025-09-24,5,2,/content/drive/MyDrive/spoilage_dataset/dataset_root/near_spoilage/IMG_3882.JPG,0.0004286383,3.0473677e-05,0.99954045,4.2931717e-07,near_spoilage
IMG_3883.JPG,near_spoilage,7.0,93.0,4,2025-09-24,5,2,/content/drive/MyDrive/spoilage_dataset/dataset_root/near_spoilage/IMG_3883.JPG,7.002445e-05,2.8184486e-06,0.99992704,9.919093e-08,near_spoilage
IMG_3884.JPG,near_spoilage,7.0,93.0,4,2025-09-24,5,2,/content/drive/MyDrive/spoilage_dataset/dataset_root/near_spoilage/IMG_3884.JPG,0.000449785,2.5546571e-05,0.99952424,4.6132556e-07,near_spoilage
IMG_3885.JPG,near_spoilage,7.0,93.0,4,2025-09-24,5,2,/content/drive/MyDrive/spoilage_dataset/dataset_root/near_spoilage/IMG_3885.JPG,0.00016624546,3.7919524e-06,0.99982953,3.6884836e-07,near_spoilage
IMG_3886.JPG,near_spoilage,7.0,93.0,4,2025-09-24,5,2,/content/drive/MyDrive/spoilage_dataset/dataset_root/near_spoilage/IMG_3886.JPG,0.00043893824,1.6371152e-05,0.99954444,2.145255e-07,near_spoilage
IMG_3887.JPG,near_spoilage,7.0,93.0,4,2025-09-24,5,2,/content/drive/MyDrive/spoilage_dataset/dataset_root/near_spoilage/IMG_3887.JPG,0.014033907,0.002363912,0.98359907,3.0649755e-06,near_spoilage
IMG_3888.JPG,near_spoilage,7.0,93.0,4,2025-09-24,5,2,/content/drive/MyDrive/spoilage_dataset/dataset_root/near_spoilage/IMG_3888.JPG,0.05735792,0.0018649895,0.94076174,1.538874e-05,near_spoilage
IMG_3889.JPG,near_spoilage,7.0,93.0,4,2025-09-24,5,2,/content/drive/MyDrive/spoilage_dataset/dataset_root/near_spoilage/IMG_3889.JPG,0.11944423,0.009273838,0.8693723,0.0019095698,near_spoilage
IMG_3890.JPG,near_spoilage,7.0,93.0,4,2025-09-24,5,2,/content/drive/MyDrive/spoilage_dataset/dataset_root/near_spoilage/IMG_3890.JPG,0.18951498,0.022911076,0.7870337,0.0005402534,near_spoilage
IMG_3891.JPG,near_spoilage,7.0,93.0,4,2025-09-24,5,2,/content/drive/MyDrive/spoilage_dataset/dataset_root/near_spoilage/IMG_3891.JPG,0.14199443,0.0087842345,0.8487285,0.0004929229,near_spoilage
IMG_3892.JPG,near_spoilage,7.0,93.0,4,2025-09-24,5,2,/content/drive/MyDrive/spoilage_dataset/dataset_root/near_spoilage/IMG_3892.JPG,0.24072433,0.031512234,0.72636586,0.001397606,near_spoilage
IMG_3893.JPG,near_spoilage,7.0,93.0,4,2025-09-24,5,2,/content/drive/MyDrive/spoilage_dataset/dataset_root/near_spoilage/IMG_3893.JPG,0.107097566,0.0138662765,0.87830466,0.00073143345,near_spoilage
IMG_3894.JPG,near_spoilage,7.0,93.0,4,2025-09-24,5,2,/content/drive/MyDrive/spoilage_dataset/dataset_root/near_spoilage/IMG_3894.JPG,0.46112776,0.024792481,0.51365167,0.00042805303,near_spoilage
IMG_3895.JPG,near_spoilage,7.0,93.0,4,2025-09-24,5,2,/content/drive/MyDrive/spoilage_dataset/dataset_root/near_spoilage/IMG_3895.JPG,0.24301335,0.020902954,0.73532176,0.0007619414,near_spoilage
IMG_3896.JPG,near_spoilage,7.0,93.0,4,2025-09-24,5,2,/content/drive/MyDrive/spoilage_dataset/dataset_root/near_spoilage/IMG_3896.JPG,0.35623553,0.016379263,0.6268361,0.0005490579,near_spoilage
IMG_3897.JPG,near_spoilage,7.0,93.0,4,2025-09-24,5,2,/content/drive/MyDrive/spoilage_dataset/dataset_root/near_spoilage/IMG_3897.JPG,0.00060981564,0.00015676035,0.99923015,3.386311e-06,near_spoilage
IMG_3898.JPG,near_spoilage,7.0,93.0,4,2025-09-24,5,2,/content/drive/MyDrive/spoilage_dataset/dataset_root/near_spoilage/IMG_3898.JPG,0.00055384653,3.4752764e-05,0.9994104,1.0730565e-06,near_spoilage
IMG_3899.JPG,near_spoilage,7.0,93.0,4,2025-09-24,5,2,/content/drive/MyDrive/spoilage_dataset/dataset_root/near_spoilage/IMG_3899.JPG,0.0003875071,3.3867648e-06,0.99960333,5.8242726e-06,near_spoilage
IMG_3900.JPG,near_spoilage,7.0,93.0,4,2025-09-24,5,2,/content/drive/MyDrive/spoilage_dataset/dataset_root/near_spoilage/IMG_3900.JPG,0.00018374395,6.406374e-06,0.9998041,5.7998986e-06,near_spoilage
IMG_3901.JPG,near_spoilage,7.0,93.0,4,2025-09-24,5,2,/content/drive/MyDrive/spoilage_dataset/dataset_root/near_spoilage/IMG_3901.JPG,0.00012971998,9.1393385e-06,0.9998559,5.2823507e-06,near_spoilage
IMG_3902.JPG,near_spoilage,7.0,93.0,4,2025-09-24,5,2,/content/drive/MyDrive/spoilage_dataset/dataset_root/near_spoilage/IMG_3902.JPG,0.00014035574,8.897562e-06,0.999833,1.775384e-05,near_spoilage
IMG_3903.JPG,near_spoilage,7.0,93.0,4,2025-09-24,5,2,/content/drive/MyDrive/spoilage_dataset/dataset_root/near_spoilage/IMG_3903.JPG,0.000200484,1.2719146e-06,0.99979514,3.1152654e-06,near_spoilage
IMG_3904.JPG,near_spoilage,7.0,93.0,4,2025-09-24,5,2,/content/drive/MyDrive/spoilage_dataset/dataset_root/near_spoilage/IMG_3904.JPG,7.578611e-05,7.3315596e-06,0.9999161,8.7303005e-07,near_spoilage
IMG_3909.JPG,near_spoilage,7.0,93.0,4,2025-09-24,5,2,/content/drive/MyDrive/spoilage_dataset/dataset_root/near_spoilage/IMG_3909.JPG,5.501689e-05,1.1341398e-05,0.9999329,6.885669e-07,near_spoilage
IMG_3910.JPG,near_spoilage,7.0,93.0,4,2025-09-24,5,2,/content/drive/MyDrive/spoilage_dataset/dataset_root/near_spoilage/IMG_3910.JPG,0.0002964126,1.3104693e-05,0.99968743,3.0414872e-06,near_spoilage
IMG_3911.JPG,near_spoilage,7.0,93.0,4,2025-09-24,5,2,/content/drive/MyDrive/spoilage_dataset/dataset_root/near_spoilage/IMG_3911.JPG,9.689377e-05,2.4634186e-05,0.99987733,1.0989055e-06,near_spoilage
IMG_3912.JPG,near_spoilage,7.0,93.0,5,2025-09-24,5,2,/content/drive/MyDrive/spoilage_dataset/dataset_root/near_spoilage/IMG_3912.JPG,6.0004506e-05,2.3697197e-05,0.9999126,3.7179643e-06,near_spoilage
IMG_3913.JPG,near_spoilage,7.0,93.0,5,2025-09-24,5,2,/content/drive/MyDrive/spoilage_dataset/dataset_root/near_spoilage/IMG_3913.JPG,1.8411196e-05,7.644817e-06,0.9999733,5.4558006e-07,near_spoilage
IMG_3914.JPG,near_spoilage,7.0,93.0,5,2025-09-24,5,2,/content/drive/MyDrive/spoilage_dataset/dataset_root/near_spoilage/IMG_3914.JPG,0.00015638786,1.1331076e-05,0.9998301,2.088721e-06,near_spoilage
IMG_3915.JPG,near_spoilage,7.0,93.0,5,2025-09-24,5,2,/content/drive/MyDrive/spoilage_dataset/dataset_root/near_spoilage/IMG_3915.JPG,0.00041296816,5.6927815e-06,0.99957997,1.4182405e-06,near_spoilage
IMG_3916.JPG,near_spoilage,7.0,93.0,5,2025-09-24,5,2,/content/drive/MyDrive/spoilage_dataset/dataset_root/near_spoilage/IMG_3916.JPG,3.739512e-05,1.0219337e-05,0.9999516,8.324755e-07,near_spoilage
IMG_3917.JPG,near_spoilage,7.0,93.0,5,2025-09-24,5,2,/content/drive/MyDrive/spoilage_dataset/dataset_root/near_spoilage/IMG_3917.JPG,0.00084669876,3.9603103e-05,0.99911183,1.9036919e-06,near_spoilage
IMG_3918.JPG,near_spoilage,7.0,93.0,5,2025-09-24,5,2,/content/drive/MyDrive/spoilage_dataset/dataset_root/near_spoilage/IMG_3918.JPG,0.00074115506,4.183307e-05,0.99921536,1.6169242e-06,near_spoilage
IMG_3919.JPG,near_spoilage,7.0,93.0,5,2025-09-24,5,2,/content/drive/MyDrive/spoilage_dataset/dataset_root/near_spoilage/IMG_3919.JPG,9.76124e-05,2.3462413e-05,0.9998785,3.0828878e-07,near_spoilage
IMG_3920.JPG,near_spoilage,7.0,93.0,5,2025-09-24,5,2,/content/drive/MyDrive/spoilage_dataset/dataset_root/near_spoilage/IMG_3920.JPG,3.393941e-05,1.1532137e-05,0.9999541,4.7532538e-07,near_spoilage
IMG_3921.JPG,near_spoilage,7.0,93.0,5,2025-09-24,5,2,/content/drive/MyDrive/spoilage_dataset/dataset_root/near_spoilage/IMG_3921.JPG,8.2218896e-05,2.2667322e-05,0.99989474,3.375106e-07,near_spoilage
IMG_3922.JPG,near_spoilage,7.0,93.0,5,2025-09-24,5,2,/content/drive/MyDrive/spoilage_dataset/dataset_root/near_spoilage/IMG_3922.JPG,0.0002223592,0.00010935675,0.9993901,0.00027813754,near_spoilage
IMG_3923.JPG,near_spoilage,7.0,93.0,5,2025-09-24,5,2,/content/drive/MyDrive/spoilage_dataset/dataset_root/near_spoilage/IMG_3923.JPG,0.0015314327,0.000106901956,0.9973923,0.00096934737,near_spoilage
IMG_3924.JPG,near_spoilage,7.0,93.0,5,2025-09-24,5,2,/content/drive/MyDrive/spoilage_dataset/dataset_root/near_spoilage/IMG_3924.JPG,0.00039597784,6.616056e-05,0.9995198,1.8035358e-05,near_spoilage
IMG_3925.JPG,near_spoilage,7.0,93.0,5,2025-09-24,5,2,/content/drive/MyDrive/spoilage_dataset/dataset_root/near_spoilage/IMG_3925.JPG,0.00049944525,6.479215e-05,0.9993699,6.582352e-05,near_spoilage
IMG_3926.JPG,near_spoilage,7.0,93.0,5,2025-09-24,5,2,/content/drive/MyDrive/spoilage_dataset/dataset_root/near_spoilage/IMG_3926.JPG,5.0326078e-05,4.6820656e-05,0.99983096,7.185589e-05,near_spoilage
IMG_3927.JPG,near_spoilage,7.0,93.0,5,2025-09-24,5,2,/content/drive/MyDrive/spoilage_dataset/dataset_root/near_spoilage/IMG_3927.JPG,0.00048869924,0.00014626105,0.99932575,3.9355797e-05,near_spoilage
IMG_3928.JPG,near_spoilage,7.0,93.0,5,2025-09-24,5,2,/content/drive/MyDrive/spoilage_dataset/dataset_root/near_spoilage/IMG_3928.JPG,0.00010964391,2.733595e-05,0.99981517,4.7862704e-05,near_spoilage
IMG_3929.JPG,near_spoilage,7.0,93.0,5,2025-09-24,5,2,/content/drive/MyDrive/spoilage_dataset/dataset_root/near_spoilage/IMG_3929.JPG,0.00079591636,3.260765e-05,0.9991053,6.624295e-05,near_spoilage
IMG_3930.JPG,near_spoilage,7.0,93.0,5,2025-09-24,5,2,/content/drive/MyDrive/spoilage_dataset/dataset_root/near_spoilage/IMG_3930.JPG,5.1692237e-05,1.1750387e-05,0.9998838,5.2753217e-05,near_spoilage
IMG_3931.JPG,near_spoilage,7.0,93.0,5,2025-09-24,5,2,/content/drive/MyDrive/spoilage_dataset/dataset_root/near_spoilage/IMG_3931.JPG,0.00023217838,8.5985106e-05,0.9995931,8.8738765e-05,near_spoilage
IMG_3932.JPG,near_spoilage,7.0,93.0,5,2025-09-24,5,2,/content/drive/MyDrive/spoilage_dataset/dataset_root/near_spoilage/IMG_3932.JPG,0.001782106,0.00012041427,0.9980572,4.015928e-05,near_spoilage
IMG_3933.JPG,near_spoilage,7.0,93.0,5,2025-09-24,5,2,/content/drive/MyDrive/spoilage_dataset/dataset_root/near_spoilage/IMG_3933.JPG,0.00035321657,0.00013491453,0.999479,3.2827844e-05,near_spoilage
IMG_3947.JPG,near_spoilage,7.0,93.0,5,2025-09-24,5,2,/content/drive/MyDrive/spoilage_dataset/dataset_root/near_spoilage/IMG_3947.JPG,0.00045653462,0.00025104557,0.99929154,8.512291e-07,near_spoilage
IMG_3948.JPG,near_spoilage,7.0,93.0,5,2025-09-24,5,2,/content/drive/MyDrive/spoilage_dataset/dataset_root/near_spoilage/IMG_3948.JPG,1.873361e-07,1.5118244e-06,0.99998343,1.4865055e-05,near_spoilage
IMG_3949.JPG,near_spoilage,7.0,93.0,5,2025-09-24,5,2,/content/drive/MyDrive/spoilage_dataset/dataset_root/near_spoilage/IMG_3949.JPG,1.272325e-07,3.501294e-08,0.99999523,4.6837035e-06,near_spoilage
IMG_3950.JPG,near_spoilage,7.0,93.0,5,2025-09-24,5,2,/content/drive/MyDrive/spoilage_dataset/dataset_root/near_spoilage/IMG_3950.JPG,2.272555e-05,0.00011463096,0.9998615,1.2355991e-06,near_spoilage
IMG_3951.JPG,near_spoilage,7.0,93.0,5,2025-09-24,5,2,/content/drive/MyDrive/spoilage_dataset/dataset_root/near_spoilage/IMG_3951.JPG,6.431333e-05,6.957398e-05,0.9998629,3.195514e-06,near_spoilage
IMG_3952.JPG,near_spoilage,7.0,93.0,5,2025-09-24,5,2,/content/drive/MyDrive/spoilage_dataset/dataset_root/near_spoilage/IMG_3952.JPG,2.3088434e-05,0.00015485677,0.99982196,6.280161e-08,near_spoilage
IMG_3953.JPG,near_spoilage,7.0,93.0,5,2025-09-24,5,2,/content/drive/MyDrive/spoilage_dataset/dataset_root/near_spoilage/IMG_3953.JPG,3.801914e-05,0.00027666122,0.99968517,1.3574795e-07,near_spoilage
IMG_3954.JPG,near_spoilage,7.0,93.0,5,2025-09-24,5,2,/content/drive/MyDrive/spoilage_dataset/dataset_root/near_spoilage/IMG_3954.JPG,5.4851836e-07,1.3463049e-05,0.9999858,1.0818946e-07,near_spoilage
IMG_3955.JPG,near_spoilage,7.0,93.0,5,2025-09-24,5,2,/content/drive/MyDrive/spoilage_dataset/dataset_root/near_spoilage/IMG_3955.JPG,3.8230408e-07,2.7535674e-05,0.99997187,2.0122391e-07,near_spoilage
IMG_3956.JPG,near_spoilage,7.0,93.0,5,2025-09-24,5,2,/content/drive/MyDrive/spoilage_dataset/dataset_root/near_spoilage/IMG_3956.JPG,9.3295604e-08,3.0890826e-07,0.9999995,8.2131685e-08,near_spoilage
IMG_3957.JPG,near_spoilage,7.0,93.0,5,2025-09-24,5,2,/content/drive/MyDrive/spoilage_dataset/dataset_root/near_spoilage/IMG_3957.JPG,1.1671134e-06,1.3254396e-06,0.9999975,5.761154e-08,near_spoilage
IMG_3958.JPG,near_spoilage,7.0,93.0,5,2025-09-24,5,2,/content/drive/MyDrive/spoilage_dataset/dataset_root/near_spoilage/IMG_3958.JPG,3.7633852e-06,1.4339047e-05,0.99998164,2.0051728e-07,near_spoilage
IMG_3959.JPG,near_spoilage,7.0,93.0,5,2025-09-24,5,2,/content/drive/MyDrive/spoilage_dataset/dataset_root/near_spoilage/IMG_3959.JPG,4.3641415e-07,4.861414e-06,0.9999944,3.78615e-07,near_spoilage
IMG_3960.JPG,near_spoilage,7.0,93.0,5,2025-09-24,5,2,/content/drive/MyDrive/spoilage_dataset/dataset_root/near_spoilage/IMG_3960.JPG,7.8400996e-07,2.4596334e-06,0.99999666,6.2920265e-08,near_spoilage
IMG_3962.JPG,near_spoilage,7.0,93.0,5,2025-09-24,5,2,/content/drive/MyDrive/spoilage_dataset/dataset_root/near_spoilage/IMG_3962.JPG,2.107635e-05,0.00025675297,0.9996995,2.2805514e-05,near_spoilage
IMG_3963.JPG,near_spoilage,7.0,93.0,5,2025-09-24,5,2,/content/drive/MyDrive/spoilage_dataset/dataset_root/near_spoilage/IMG_3963.JPG,3.5997586e-05,0.00017726493,0.9997739,1.2875573e-05,near_spoilage
IMG_3964.JPG,near_spoilage,7.0,93.0,5,2025-09-24,5,2,/content/drive/MyDrive/spoilage_dataset/dataset_root/near_spoilage/IMG_3964.JPG,7.255569e-06,0.0024541928,0.99753773,8.113752e-07,near_spoilage
IMG_3965.JPG,near_spoilage,7.0,93.0,5,2025-09-24,5,2,/content/drive/MyDrive/spoilage_dataset/dataset_root/near_spoilage/IMG_3965.JPG,3.0964707e-06,0.025592731,0.97437584,2.8369854e-05,near_spoilage
IMG_3966.JPG,near_spoilage,7.0,93.0,5,2025-09-24,5,2,/content/drive/MyDrive/spoilage_dataset/dataset_root/near_spoilage/IMG_3966.JPG,3.8938406e-06,0.049243137,0.9507097,4.323965e-05,near_spoilage
IMG_3967.JPG,near_spoilage,7.0,93.0,5,2025-09-24,5,2,/content/drive/MyDrive/spoilage_dataset/dataset_root/near_spoilage/IMG_3967.JPG,1.5256514e-07,0.0009237259,0.999076,1.7032309e-07,near_spoilage
IMG_3968.JPG,near_spoilage,7.0,93.0,5,2025-09-24,5,2,/content/drive/MyDrive/spoilage_dataset/dataset_root/near_spoilage/IMG_3968.JPG,1.7263828e-07,4.2145613e-05,0.99995613,1.56174e-06,near_spoilage
IMG_3969.JPG,near_spoilage,7.0,93.0,5,2025-09-24,5,2,/content/drive/MyDrive/spoilage_dataset/dataset_root/near_spoilage/IMG_3969.JPG,7.6737684e-05,0.06449487,0.9351761,0.00025233527,near_spoilage
IMG_3971.JPG,near_spoilage,7.0,93.0,5,2025-09-24,5,2,/content/drive/MyDrive/spoilage_dataset/dataset_root/near_spoilage/IMG_3971.JPG,0.002230192,0.00044380588,0.99644345,0.00088260206,near_spoilage
IMG_3972.JPG,near_spoilage,7.0,93.0,5,2025-09-24,5,2,/content/drive/MyDrive/spoilage_dataset/dataset_root/near_spoilage/IMG_3972.JPG,0.0023689314,0.00033690984,0.9960504,0.001243729,near_spoilage
IMG_3973.JPG,near_spoilage,7.0,93.0,5,2025-09-24,5,2,/content/drive/MyDrive/spoilage_dataset/dataset_root/near_spoilage/IMG_3973.JPG,0.00036169754,0.00013237672,0.99885476,0.0006511766,near_spoilage
IMG_3974.JPG,near_spoilage,7.0,93.0,5,2025-09-24,5,2,/content/drive/MyDrive/spoilage_dataset/dataset_root/near_spoilage/IMG_3974.JPG,0.00055724895,0.00027805072,0.99733704,0.0018276109,near_spoilage
IMG_3975.JPG,near_spoilage,7.0,93.0,5,2025-09-24,5,2,/content/drive/MyDrive/spoilage_dataset/dataset_root/near_spoilage/IMG_3975.JPG,0.00049027376,0.00032845812,0.99873024,0.0004509383,near_spoilage
IMG_3976.JPG,near_spoilage,7.0,93.0,5,2025-09-24,5,2,/content/drive/MyDrive/spoilage_dataset/dataset_root/near_spoilage/IMG_3976.JPG,0.00039127894,0.00024719842,0.99899966,0.00036197173,near_spoilage
IMG_3977.JPG,near_spoilage,7.0,93.0,5,2025-09-24,5,2,/content/drive/MyDrive/spoilage_dataset/dataset_root/near_spoilage/IMG_3977.JPG,0.0003136626,0.00033502508,0.9990404,0.00031084288,near_spoilage
IMG_3978.JPG,near_spoilage,7.0,93.0,5,2025-09-24,5,2,/content/drive/MyDrive/spoilage_dataset/dataset_root/near_spoilage/IMG_3978.JPG,0.0006571303,0.00033048168,0.9988029,0.00020940228,near_spoilage
IMG_3979.JPG,near_spoilage,7.0,93.0,5,2025-09-24,5,2,/content/drive/MyDrive/spoilage_dataset/dataset_root/near_spoilage/IMG_3979.JPG,0.0006666472,0.0002896583,0.9987219,0.00032186418,near_spoilage
IMG_3980.JPG,near_spoilage,7.0,93.0,5,2025-09-24,5,2,/content/drive/MyDrive/spoilage_dataset/dataset_root/near_spoilage/IMG_3980.JPG,0.00017399277,0.00015482308,0.999411,0.00026021845,near_spoilage
IMG_3981.JPG,near_spoilage,7.0,93.0,5,2025-09-24,5,2,/content/drive/MyDrive/spoilage_dataset/dataset_root/near_spoilage/IMG_3981.JPG,0.0006054285,0.0002562998,0.9989328,0.0002055667,near_spoilage
IMG_3982.JPG,near_spoilage,7.0,93.0,5,2025-09-24,5,2,/content/drive/MyDrive/spoilage_dataset/dataset_root/near_spoilage/IMG_3982.JPG,0.00047558782,0.0004729895,0.9983134,0.00073794776,near_spoilage
IMG_3983.JPG,near_spoilage,7.0,93.0,5,2025-09-24,5,2,/content/drive/MyDrive/spoilage_dataset/dataset_root/near_spoilage/IMG_3983.JPG,0.0019647935,0.000880276,0.9964695,0.00068540993,near_spoilage
IMG_3984.JPG,near_spoilage,7.0,93.0,5,2025-09-24,5,2,/content/drive/MyDrive/spoilage_dataset/dataset_root/near_spoilage/IMG_3984.JPG,0.0006316772,0.00015672311,0.9990308,0.00018074416,near_spoilage
IMG_3985.JPG,near_spoilage,7.0,93.0,5,2025-09-24,5,2,/content/drive/MyDrive/spoilage_dataset/dataset_root/near_spoilage/IMG_3985.JPG,0.0010221204,0.00039586102,0.9968935,0.0016884562,near_spoilage
IMG_3986.JPG,near_spoilage,7.0,93.0,5,2025-09-24,5,2,/content/drive/MyDrive/spoilage_dataset/dataset_root/near_spoilage/IMG_3986.JPG,0.0007452459,0.0007682191,0.99791294,0.0005736177,near_spoilage
IMG_3987.JPG,near_spoilage,7.0,93.0,5,2025-09-24,5,2,/content/drive/MyDrive/spoilage_dataset/dataset_root/near_spoilage/IMG_3987.JPG,1.1917674e-06,0.00022143197,0.9997756,1.8018076e-06,near_spoilage
IMG_3988.JPG,near_spoilage,7.0,93.0,5,2025-09-24,5,2,/content/drive/MyDrive/spoilage_dataset/dataset_root/near_spoilage/IMG_3988.JPG,3.1867803e-08,0.00028547927,0.9997135,9.4061824e-07,near_spoilage
IMG_3989.JPG,near_spoilage,7.0,93.0,5,2025-09-24,5,2,/content/drive/MyDrive/spoilage_dataset/dataset_root/near_spoilage/IMG_3989.JPG,1.939267e-07,0.00022421047,0.9997751,4.2668412e-07,near_spoilage
IMG_3990.JPG,near_spoilage,7.0,93.0,5,2025-09-24,5,2,/content/drive/MyDrive/spoilage_dataset/dataset_root/near_spoilage/IMG_3990.JPG,1.8013107e-08,0.00043192707,0.9995677,3.598786e-07,near_spoilage
IMG_3991.JPG,near_spoilage,7.0,93.0,5,2025-09-24,5,2,/content/drive/MyDrive/spoilage_dataset/dataset_root/near_spoilage/IMG_3991.JPG,1.7934637e-08,0.00019699302,0.9998023,7.025402e-07,near_spoilage
IMG_3992.JPG,near_spoilage,7.0,93.0,5,2025-09-24,5,2,/content/drive/MyDrive/spoilage_dataset/dataset_root/near_spoilage/IMG_3992.JPG,1.769602e-07,0.000529065,0.99946934,1.4883542e-06,near_spoilage
IMG_3993.JPG,near_spoilage,7.0,93.0,5,2025-09-24,5,2,/content/drive/MyDrive/spoilage_dataset/dataset_root/near_spoilage/IMG_3993.JPG,4.5973124e-07,0.00036378924,0.9996309,4.708842e-06,near_spoilage
IMG_3994.JPG,near_spoilage,7.0,93.0,5,2025-09-24,5,2,/content/drive/MyDrive/spoilage_dataset/dataset_root/near_spoilage/IMG_3994.JPG,4.3179803e-08,0.00010753308,0.99989176,5.516993e-07,near_spoilage
IMG_3995.JPG,near_spoilage,7.0,93.0,5,2025-09-24,5,2,/content/drive/MyDrive/spoilage_dataset/dataset_root/near_spoilage/IMG_3995.JPG,9.06663e-07,0.0001947831,0.99980074,3.550579e-06,near_spoilage
IMG_3996.JPG,near_spoilage,7.0,93.0,5,2025-09-24,5,2,/content/drive/MyDrive/spoilage_dataset/dataset_root/near_spoilage/IMG_3996.JPG,2.9256077e-07,0.00010427036,0.9998945,9.489923e-07,near_spoilage
IMG_3997.JPG,near_spoilage,7.0,93.0,5,2025-09-24,5,2,/content/drive/MyDrive/spoilage_dataset/dataset_root/near_spoilage/IMG_3997.JPG,3.3315036e-08,0.0002862259,0.99971336,3.328107e-07,near_spoilage
IMG_3998.JPG,near_spoilage,7.0,93.0,5,2025-09-24,5,2,/content/drive/MyDrive/spoilage_dataset/dataset_root/near_spoilage/IMG_3998.JPG,1.1383177e-07,0.00018057445,0.9998191,2.0703506e-07,near_spoilage
IMG_3999.JPG,near_spoilage,7.0,93.0,5,2025-09-24,5,2,/content/drive/MyDrive/spoilage_dataset/dataset_root/near_spoilage/IMG_3999.JPG,9.744693e-09,9.509581e-06,0.9999902,2.5062462e-07,near_spoilage
IMG_4001.JPG,near_spoilage,7.0,93.0,5,2025-09-24,5,2,/content/drive/MyDrive/spoilage_dataset/dataset_root/near_spoilage/IMG_4001.JPG,0.105929635,0.0005265104,0.892929,0.0006147792,near_spoilage
IMG_4002.JPG,near_spoilage,7.0,93.0,5,2025-09-24,5,2,/content/drive/MyDrive/spoilage_dataset/dataset_root/near_spoilage/IMG_4002.JPG,0.27213693,0.0030056757,0.7222423,0.0026151333,near_spoilage
IMG_4003.JPG,near_spoilage,7.0,93.0,5,2025-09-24,5,2,/content/drive/MyDrive/spoilage_dataset/dataset_root/near_spoilage/IMG_4003.JPG,0.044300318,0.0004602756,0.95497334,0.00026601795,near_spoilage
IMG_4004.JPG,near_spoilage,7.0,93.0,5,2025-09-24,5,2,/content/drive/MyDrive/spoilage_dataset/dataset_root/near_spoilage/IMG_4004.JPG,0.14404671,0.00094580685,0.85435575,0.00065171043,near_spoilage
IMG_4005.JPG,near_spoilage,7.0,93.0,5,2025-09-24,5,2,/content/drive/MyDrive/spoilage_dataset/dataset_root/near_spoilage/IMG_4005.JPG,0.0063426173,0.00080952555,0.9926554,0.00019251219,near_spoilage
IMG_4006.JPG,near_spoilage,7.0,93.0,5,2025-09-24,5,2,/content/drive/MyDrive/spoilage_dataset/dataset_root/near_spoilage/IMG_4006.JPG,0.004762066,0.00056928006,0.99436533,0.00030327943,near_spoilage
IMG_4007.JPG,near_spoilage,7.0,93.0,5,2025-09-24,5,2,/content/drive/MyDrive/spoilage_dataset/dataset_root/near_spoilage/IMG_4007.JPG,0.0019336848,4.717328e-05,0.9979996,1.9529887e-05,near_spoilage
IMG_4008.JPG,near_spoilage,7.0,93.0,5,2025-09-24,5,2,/content/drive/MyDrive/spoilage_dataset/dataset_root/near_spoilage/IMG_4008.JPG,0.017751517,0.00075511716,0.98146385,2.9462815e-05,near_spoilage
IMG_4009.JPG,near_spoilage,7.0,93.0,5,2025-09-24,5,2,/content/drive/MyDrive/spoilage_dataset/dataset_root/near_spoilage/IMG_4009.JPG,0.025174627,0.001074354,0.973683,6.797233e-05,near_spoilage
IMG_4010.JPG,near_spoilage,7.0,93.0,5,2025-09-24,5,2,/content/drive/MyDrive/spoilage_dataset/dataset_root/near_spoilage/IMG_4010.JPG,0.0020054737,0.0001554789,0.9978237,1.5338866e-05,near_spoilage
IMG_4011.JPG,near_spoilage,7.0,93.0,5,2025-09-24,5,2,/content/drive/MyDrive/spoilage_dataset/dataset_root/near_spoilage/IMG_4011.JPG,0.0030909867,0.00012598974,0.9967694,1.3648429e-05,near_spoilage
IMG_4012.JPG,near_spoilage,7.0,93.0,5,2025-09-24,5,2,/content/drive/MyDrive/spoilage_dataset/dataset_root/near_spoilage/IMG_4012.JPG,0.008498135,0.00030074304,0.99092954,0.00027160777,near_spoilage
IMG_4013.JPG,near_spoilage,7.0,93.0,5,2025-09-24,5,2,/content/drive/MyDrive/spoilage_dataset/dataset_root/near_spoilage/IMG_4013.JPG,0.010461813,0.042878173,0.9466377,2.2381324e-05,near_spoilage
IMG_4014.JPG,near_spoilage,7.0,93.0,5,2025-09-24,5,2,/content/drive/MyDrive/spoilage_dataset/dataset_root/near_spoilage/IMG_4014.JPG,0.019016515,0.08929253,0.8916073,8.362106e-05,near_spoilage
IMG_4015.JPG,near_spoilage,7.0,93.0,5,2025-09-24,5,2,/content/drive/MyDrive/spoilage_dataset/dataset_root/near_spoilage/IMG_4015.JPG,0.0003346279,0.011214967,0.988427,2.3443054e-05,near_spoilage
IMG_4016.JPG,near_spoilage,7.0,93.0,5,2025-09-24,5,2,/content/drive/MyDrive/spoilage_dataset/dataset_root/near_spoilage/IMG_4016.JPG,0.01212087,0.052485146,0.93537194,2.2095131e-05,near_spoilage
IMG_4017.JPG,near_spoilage,7.0,93.0,6,2025-09-24,5,2,/content/drive/MyDrive/spoilage_dataset/dataset_root/near_spoilage/IMG_4017.JPG,4.9510575e-08,0.0005492227,0.9994505,2.0625629e-07,near_spoilage
IMG_4018.JPG,near_spoilage,7.0,93.0,6,2025-09-24,5,2,/content/drive/MyDrive/spoilage_dataset/dataset_root/near_spoilage/IMG_4018.JPG,1.0063876e-05,0.00056385115,0.9994235,2.5659615e-06,near_spoilage
IMG_4019.JPG,near_spoilage,7.0,93.0,6,2025-09-24,5,2,/content/drive/MyDrive/spoilage_dataset/dataset_root/near_spoilage/IMG_4019.JPG,0.0007041498,0.007801679,0.9914619,3.2230007e-05,near_spoilage
IMG_4020.JPG,near_spoilage,7.0,93.0,6,2025-09-24,5,2,/content/drive/MyDrive/spoilage_dataset/dataset_root/near_spoilage/IMG_4020.JPG,0.0022490872,0.0017219823,0.9959884,4.050145e-05,near_spoilage
IMG_4021.JPG,near_spoilage,7.0,93.0,6,2025-09-24,5,2,/content/drive/MyDrive/spoilage_dataset/dataset_root/near_spoilage/IMG_4021.JPG,1.5500948e-08,2.873781e-06,0.9999962,1.0032886e-06,near_spoilage
IMG_4022.JPG,near_spoilage,7.0,93.0,6,2025-09-24,5,2,/content/drive/MyDrive/spoilage_dataset/dataset_root/near_spoilage/IMG_4022.JPG,5.8079365e-08,1.2027854e-05,0.9999864,1.4936755e-06,near_spoilage
IMG_4023.JPG,near_spoilage,7.0,93.0,6,2025-09-24,5,2,/content/drive/MyDrive/spoilage_dataset/dataset_root/near_spoilage/IMG_4023.JPG,1.9786295e-07,1.9721452e-05,0.9999682,1.1932099e-05,near_spoilage
IMG_4024.JPG,near_spoilage,7.0,93.0,6,2025-09-24,5,2,/content/drive/MyDrive/spoilage_dataset/dataset_root/near_spoilage/IMG_4024.JPG,2.2293958e-09,1.9747888e-05,0.99997735,2.9178598e-06,near_spoilage
IMG_4025.JPG,near_spoilage,7.0,93.0,6,2025-09-24,5,2,/content/drive/MyDrive/spoilage_dataset/dataset_root/near_spoilage/IMG_4025.JPG,1.1478972e-08,4.936214e-06,0.9999945,4.961111e-07,near_spoilage
IMG_4026.JPG,near_spoilage,7.0,93.0,6,2025-09-24,5,2,/content/drive/MyDrive/spoilage_dataset/dataset_root/near_spoilage/IMG_4026.JPG,2.7495915e-08,2.4749628e-05,0.99997413,1.0854769e-06,near_spoilage
IMG_4028.JPG,near_spoilage,7.0,93.0,6,2025-09-24,5,2,/content/drive/MyDrive/spoilage_dataset/dataset_root/near_spoilage/IMG_4028.JPG,0.09495009,9.794781e-05,0.8950143,0.009937644,near_spoilage
IMG_4029.JPG,near_spoilage,7.0,93.0,6,2025-09-24,5,2,/content/drive/MyDrive/spoilage_dataset/dataset_root/near_spoilage/IMG_4029.JPG,0.00022390329,5.1680134e-05,0.9997068,1.7624277e-05,near_spoilage
IMG_4030.JPG,near_spoilage,7.0,93.0,6,2025-09-24,5,2,/content/drive/MyDrive/spoilage_dataset/dataset_root/near_spoilage/IMG_4030.JPG,6.633865e-05,1.607571e-05,0.99991345,4.1216954e-06,near_spoilage
IMG_4031.JPG,near_spoilage,7.0,93.0,6,2025-09-24,5,2,/content/drive/MyDrive/spoilage_dataset/dataset_root/near_spoilage/IMG_4031.JPG,3.56417e-05,0.00075649715,0.9985359,0.0006719934,near_spoilage
IMG_4032.JPG,near_spoilage,7.0,93.0,6,2025-09-24,5,2,/content/drive/MyDrive/spoilage_dataset/dataset_root/near_spoilage/IMG_4032.JPG,4.17394e-06,0.0001225147,0.9997167,0.0001566183,near_spoilage
IMG_4034.JPG,near_spoilage,7.0,93.0,6,2025-09-24,5,2,/content/drive/MyDrive/spoilage_dataset/dataset_root/near_spoilage/IMG_4034.JPG,3.6961366e-05,0.0059140953,0.9940408,8.203676e-06,near_spoilage
IMG_4035.JPG,near_spoilage,7.0,93.0,6,2025-09-24,5,2,/content/drive/MyDrive/spoilage_dataset/dataset_root/near_spoilage/IMG_4035.JPG,3.9831935e-05,0.00080072094,0.9991179,4.1611274e-05,near_spoilage
IMG_4036.JPG,near_spoilage,7.0,93.0,6,2025-09-24,5,2,/content/drive/MyDrive/spoilage_dataset/dataset_root/near_spoilage/IMG_4036.JPG,2.7616816e-06,0.011896739,0.9880994,1.1792584e-06,near_spoilage
IMG_4037.JPG,near_spoilage,7.0,93.0,6,2025-09-24,5,2,/content/drive/MyDrive/spoilage_dataset/dataset_root/near_spoilage/IMG_4037.JPG,4.231651e-06,0.075311765,0.9246819,2.0829382e-06,near_spoilage
IMG_4038.JPG,near_spoilage,7.0,93.0,6,2025-09-24,5,2,/content/drive/MyDrive/spoilage_dataset/dataset_root/near_spoilage/IMG_4038.JPG,0.0023961836,0.53997445,0.45760804,2.1366453e-05,slightly_aged
IMG_4040.JPG,near_spoilage,7.0,93.0,6,2025-09-24,5,2,/content/drive/MyDrive/spoilage_dataset/dataset_root/near_spoilage/IMG_4040.JPG,0.18856175,0.0012467033,0.81015414,3.7427984e-05,near_spoilage
IMG_4041.JPG,near_spoilage,7.0,93.0,6,2025-09-24,5,2,/content/drive/MyDrive/spoilage_dataset/dataset_root/near_spoilage/IMG_4041.JPG,3.517624e-05,0.03024973,0.9696998,1.5376068e-05,near_spoilage
IMG_4042.JPG,near_spoilage,7.0,93.0,6,2025-09-24,5,2,/content/drive/MyDrive/spoilage_dataset/dataset_root/near_spoilage/IMG_4042.JPG,0.037412364,0.01368104,0.94875854,0.00014810206,near_spoilage
IMG_4044.JPG,near_spoilage,7.0,93.0,6,2025-09-24,5,2,/content/drive/MyDrive/spoilage_dataset/dataset_root/near_spoilage/IMG_4044.JPG,2.89005e-06,9.3634095e-05,0.99989927,4.1544904e-06,near_spoilage
IMG_4045.JPG,near_spoilage,7.0,93.0,6,2025-09-24,5,2,/content/drive/MyDrive/spoilage_dataset/dataset_root/near_spoilage/IMG_4045.JPG,1.1228076e-05,0.00033724424,0.9996507,8.5148224e-07,near_spoilage
IMG_4047.JPG,near_spoilage,7.0,93.0,6,2025-09-24,5,2,/content/drive/MyDrive/spoilage_dataset/dataset_root/near_spoilage/IMG_4047.JPG,2.0374084e-06,0.00026058478,0.9997371,2.2785132e-07,near_spoilage
IMG_4048.JPG,near_spoilage,7.0,93.0,6,2025-09-24,5,2,/content/drive/MyDrive/spoilage_dataset/dataset_root/near_spoilage/IMG_4048.JPG,4.848902e-07,0.00014283515,0.9998565,2.5917745e-07,near_spoilage
IMG_4049.JPG,near_spoilage,7.0,93.0,6,2025-09-24,5,2,/content/drive/MyDrive/spoilage_dataset/dataset_root/near_spoilage/IMG_4049.JPG,1.3336853e-06,0.00013353933,0.99986494,1.1559692e-07,near_spoilage
IMG_4050.JPG,near_spoilage,7.0,93.0,6,2025-09-24,5,2,/content/drive/MyDrive/spoilage_dataset/dataset_root/near_spoilage/IMG_4050.JPG,2.6560126e-06,0.00034456037,0.9996525,2.122723e-07,near_spoilage
IMG_4051.JPG,near_spoilage,7.0,93.0,6,2025-09-24,5,2,/content/drive/MyDrive/spoilage_dataset/dataset_root/near_spoilage/IMG_4051.JPG,1.1476416e-05,0.00046527566,0.99952245,7.9705046e-07,near_spoilage
IMG_4052.JPG,near_spoilage,7.0,93.0,6,2025-09-24,5,2,/content/drive/MyDrive/spoilage_dataset/dataset_root/near_spoilage/IMG_4052.JPG,4.941466e-06,0.00026718038,0.99972755,4.037827e-07,near_spoilage
IMG_4053.JPG,near_spoilage,7.0,93.0,6,2025-09-24,5,2,/content/drive/MyDrive/spoilage_dataset/dataset_root/near_spoilage/IMG_4053.JPG,1.1932552e-06,0.00043778954,0.9995604,5.997341e-07,near_spoilage
IMG_4054.JPG,near_spoilage,7.0,93.0,6,2025-09-24,5,2,/content/drive/MyDrive/spoilage_dataset/dataset_root/near_spoilage/IMG_4054.JPG,4.3545638e-06,8.433459e-07,0.9999932,1.490885e-06,near_spoilage
IMG_4055.JPG,near_spoilage,7.0,93.0,6,2025-09-24,5,2,/content/drive/MyDrive/spoilage_dataset/dataset_root/near_spoilage/IMG_4055.JPG,1.6261267e-06,3.5931527e-07,0.999997,9.696269e-07,near_spoilage
IMG_4056.JPG,near_spoilage,7.0,93.0,6,2025-09-24,5,2,/content/drive/MyDrive/spoilage_dataset/dataset_root/near_spoilage/IMG_4056.JPG,4.717763e-06,5.169236e-07,0.99998343,1.1327951e-05,near_spoilage
IMG_4057.JPG,near_spoilage,7.0,93.0,6,2025-09-24,5,2,/content/drive/MyDrive/spoilage_dataset/dataset_root/near_spoilage/IMG_4057.JPG,3.4858869e-07,2.632781e-07,0.9999982,1.2139054e-06,near_spoilage
IMG_4058.JPG,near_spoilage,7.0,93.0,6,2025-09-24,5,2,/content/drive/MyDrive/spoilage_dataset/dataset_root/near_spoilage/IMG_4058.JPG,9.044392e-06,1.1875354e-06,0.9999814,8.354292e-06,near_spoilage
IMG_4059.JPG,near_spoilage,7.0,93.0,6,2025-09-24,5,2,/content/drive/MyDrive/spoilage_dataset/dataset_root/near_spoilage/IMG_4059.JPG,5.223464e-06,5.039635e-07,0.9999933,9.75793e-07,near_spoilage
IMG_4060.JPG,near_spoilage,7.0,93.0,6,2025-09-24,5,2,/content/drive/MyDrive/spoilage_dataset/dataset_root/near_spoilage/IMG_4060.JPG,3.4529432e-06,2.041204e-06,0.9999932,1.3616126e-06,near_spoilage
IMG_4061.JPG,near_spoilage,7.0,93.0,6,2025-09-24,5,2,/content/drive/MyDrive/spoilage_dataset/dataset_root/near_spoilage/IMG_4061.JPG,1.9649947e-06,2.0350644e-06,0.99999166,4.341831e-06,near_spoilage
IMG_4062.JPG,near_spoilage,7.0,93.0,6,2025-09-24,5,2,/content/drive/MyDrive/spoilage_dataset/dataset_root/near_spoilage/IMG_4062.JPG,1.2396271e-06,8.5996675e-07,0.9999975,4.0609285e-07,near_spoilage
IMG_4063.JPG,near_spoilage,7.0,93.0,6,2025-09-24,5,2,/content/drive/MyDrive/spoilage_dataset/dataset_root/near_spoilage/IMG_4063.JPG,6.7662415e-07,3.7571596e-07,0.99999833,6.487804e-07,near_spoilage
IMG_4064.JPG,near_spoilage,7.0,93.0,6,2025-09-24,5,2,/content/drive/MyDrive/spoilage_dataset/dataset_root/near_spoilage/IMG_4064.JPG,3.398658e-07,1.1833731e-07,0.9999994,1.4515953e-07,near_spoilage
IMG_4065.JPG,near_spoilage,7.0,93.0,6,2025-09-24,5,2,/content/drive/MyDrive/spoilage_dataset/dataset_root/near_spoilage/IMG_4065.JPG,3.324673e-06,9.367404e-08,0.9999964,1.5494707e-07,near_spoilage
IMG_4066.JPG,near_spoilage,7.0,93.0,6,2025-09-24,5,2,/content/drive/MyDrive/spoilage_dataset/dataset_root/near_spoilage/IMG_4066.JPG,5.4024767e-06,1.2647766e-07,0.9999938,6.9429564e-07,near_spoilage
IMG_4067.JPG,near_spoilage,7.0,93.0,6,2025-09-24,5,2,/content/drive/MyDrive/spoilage_dataset/dataset_root/near_spoilage/IMG_4067.JPG,4.7768553e-06,3.0613183e-08,0.99999523,5.5722605e-08,near_spoilage
IMG_4068.JPG,near_spoilage,7.0,93.0,6,2025-09-24,5,2,/content/drive/MyDrive/spoilage_dataset/dataset_root/near_spoilage/IMG_4068.JPG,4.186534e-05,0.00012916332,0.9998288,1.7012923e-07,near_spoilage
IMG_4069.JPG,near_spoilage,7.0,93.0,6,2025-09-24,5,2,/content/drive/MyDrive/spoilage_dataset/dataset_root/near_spoilage/IMG_4069.JPG,8.1224346e-07,7.839269e-07,0.99999845,4.2207148e-08,near_spoilage
IMG_4070.JPG,near_spoilage,7.0,93.0,6,2025-09-24,5,2,/content/drive/MyDrive/spoilage_dataset/dataset_root/near_spoilage/IMG_4070.JPG,3.763383e-06,2.0231516e-06,0.99999344,6.974643e-07,near_spoilage
IMG_4071.JPG,near_spoilage,7.0,93.0,6,2025-09-24,5,2,/content/drive/MyDrive/spoilage_dataset/dataset_root/near_spoilage/IMG_4071.JPG,1.5829398e-06,1.0053337e-06,0.99999726,1.2118518e-07,near_spoilage
IMG_4072.JPG,near_spoilage,7.0,93.0,6,2025-09-24,5,2,/content/drive/MyDrive/spoilage_dataset/dataset_root/near_spoilage/IMG_4072.JPG,0.00013616288,0.0029271122,0.9969304,6.2460686e-06,near_spoilage
IMG_4073.JPG,near_spoilage,7.0,93.0,6,2025-09-24,5,2,/content/drive/MyDrive/spoilage_dataset/dataset_root/near_spoilage/IMG_4073.JPG,7.833663e-05,0.00080258213,0.9991165,2.675192e-06,near_spoilage
IMG_4074.JPG,near_spoilage,7.0,93.0,6,2025-09-24,5,2,/content/drive/MyDrive/spoilage_dataset/dataset_root/near_spoilage/IMG_4074.JPG,7.536409e-05,0.0011267551,0.9987968,1.012516e-06,near_spoilage
IMG_4075.JPG,near_spoilage,7.0,93.0,6,2025-09-24,5,2,/content/drive/MyDrive/spoilage_dataset/dataset_root/near_spoilage/IMG_4075.JPG,0.00010056455,0.00042156622,0.99946636,1.1607812e-05,near_spoilage
IMG_4076.JPG,near_spoilage,7.0,93.0,6,2025-09-24,5,2,/content/drive/MyDrive/spoilage_dataset/dataset_root/near_spoilage/IMG_4076.JPG,6.368568e-05,0.0011883158,0.99874735,6.137151e-07,near_spoilage
IMG_4077.JPG,near_spoilage,7.0,93.0,6,2025-09-24,5,2,/content/drive/MyDrive/spoilage_dataset/dataset_root/near_spoilage/IMG_4077.JPG,4.4287182e-05,0.0016100153,0.99834514,5.3709925e-07,near_spoilage
IMG_4078.JPG,near_spoilage,7.0,93.0,6,2025-09-24,5,2,/content/drive/MyDrive/spoilage_dataset/dataset_root/near_spoilage/IMG_4078.JPG,8.7904355e-06,0.87466896,0.12532185,4.4410007e-07,slightly_aged
IMG_4079.JPG,near_spoilage,7.0,93.0,6,2025-09-24,5,2,/content/drive/MyDrive/spoilage_dataset/dataset_root/near_spoilage/IMG_4079.JPG,0.0007675978,0.0014085437,0.9977603,6.351386e-05,near_spoilage
IMG_4080.JPG,near_spoilage,7.0,93.0,6,2025-09-24,5,2,/content/drive/MyDrive/spoilage_dataset/dataset_root/near_spoilage/IMG_4080.JPG,8.16854e-06,1.7319859e-06,0.99997437,1.5703736e-05,near_spoilage
IMG_4081.JPG,near_spoilage,7.0,93.0,6,2025-09-24,5,2,/content/drive/MyDrive/spoilage_dataset/dataset_root/near_spoilage/IMG_4081.JPG,0.00011622334,0.10031431,0.8995617,7.723895e-06,near_spoilage
IMG_4107.JPG,near_spoilage,7.0,93.0,6,2025-09-24,5,2,/content/drive/MyDrive/spoilage_dataset/dataset_root/near_spoilage/IMG_4107.JPG,1.3929584e-07,3.8985595e-06,0.9999944,1.5839652e-06,near_spoilage
IMG_4108.JPG,near_spoilage,7.0,93.0,6,2025-09-24,5,2,/content/drive/MyDrive/spoilage_dataset/dataset_root/near_spoilage/IMG_4108.JPG,7.4437715e-08,7.0248365e-07,0.99999833,8.448371e-07,near_spoilage
IMG_4109.JPG,near_spoilage,7.0,93.0,6,2025-09-24,5,2,/content/drive/MyDrive/spoilage_dataset/dataset_root/near_spoilage/IMG_4109.JPG,3.397853e-08,3.5045477e-07,0.9999995,1.4024762e-07,near_spoilage
IMG_4110.JPG,near_spoilage,7.0,93.0,6,2025-09-24,5,2,/content/drive/MyDrive/spoilage_dataset/dataset_root/near_spoilage/IMG_4110.JPG,6.245649e-08,4.4540158e-07,0.99999905,4.4176983e-07,near_spoilage
IMG_4111.JPG,near_spoilage,7.0,93.0,6,2025-09-24,5,2,/content/drive/MyDrive/spoilage_dataset/dataset_root/near_spoilage/IMG_4111.JPG,1.6201646e-05,5.1664123e-05,0.9999281,4.0831446e-06,near_spoilage
IMG_4112.JPG,near_spoilage,7.0,93.0,6,2025-09-24,5,2,/content/drive/MyDrive/spoilage_dataset/dataset_root/near_spoilage/IMG_4112.JPG,1.7487964e-06,1.133037e-05,0.9999862,7.572567e-07,near_spoilage
IMG_4113.JPG,near_spoilage,7.0,93.0,6,2025-09-24,5,2,/content/drive/MyDrive/spoilage_dataset/dataset_root/near_spoilage/IMG_4113.JPG,1.0125533e-05,3.220193e-05,0.99995685,8.2080936e-07,near_spoilage
IMG_4114.JPG,near_spoilage,7.0,93.0,6,2025-09-24,5,2,/content/drive/MyDrive/spoilage_dataset/dataset_root/near_spoilage/IMG_4114.JPG,3.1461354e-06,2.4714902e-05,0.999972,1.1823052e-07,near_spoilage
IMG_4115.JPG,near_spoilage,7.0,93.0,6,2025-09-24,5,2,/content/drive/MyDrive/spoilage_dataset/dataset_root/near_spoilage/IMG_4115.JPG,2.4955084e-06,6.0217476e-06,0.9999914,9.138049e-08,near_spoilage
IMG_4116.JPG,near_spoilage,7.0,93.0,6,2025-09-24,5,2,/content/drive/MyDrive/spoilage_dataset/dataset_root/near_spoilage/IMG_4116.JPG,2.0271275e-06,1.3384709e-05,0.9999845,1.4314315e-07,near_spoilage
IMG_4117.JPG,near_spoilage,7.0,93.0,6,2025-09-24,5,2,/content/drive/MyDrive/spoilage_dataset/dataset_root/near_spoilage/IMG_4117.JPG,1.4129694e-05,4.7783913e-05,0.99993753,6.37344e-07,near_spoilage
IMG_4118.JPG,near_spoilage,7.0,93.0,6,2025-09-24,5,2,/content/drive/MyDrive/spoilage_dataset/dataset_root/near_spoilage/IMG_4118.JPG,2.0559112e-06,5.6513465e-05,0.9999409,5.941778e-07,near_spoilage
IMG_4119.JPG,near_spoilage,7.0,93.0,6,2025-09-24,5,2,/content/drive/MyDrive/spoilage_dataset/dataset_root/near_spoilage/IMG_4119.JPG,2.546461e-06,5.816272e-05,0.99993896,4.1396635e-07,near_spoilage
IMG_4120.JPG,near_spoilage,7.0,93.0,6,2025-09-24,5,2,/content/drive/MyDrive/spoilage_dataset/dataset_root/near_spoilage/IMG_4120.JPG,2.876456e-06,4.508941e-05,0.99995184,2.6072738e-07,near_spoilage
IMG_4121.JPG,near_spoilage,7.0,93.0,6,2025-09-24,5,2,/content/drive/MyDrive/spoilage_dataset/dataset_root/near_spoilage/IMG_4121.JPG,8.087885e-06,2.9861048e-05,0.999962,1.0272667e-07,near_spoilage
IMG_4122.JPG,near_spoilage,7.0,93.0,6,2025-09-24,5,2,/content/drive/MyDrive/spoilage_dataset/dataset_root/near_spoilage/IMG_4122.JPG,2.525691e-06,3.0497058e-05,0.99996686,8.631278e-08,near_spoilage
IMG_4123.JPG,near_spoilage,7.0,93.0,6,2025-09-24,5,2,/content/drive/MyDrive/spoilage_dataset/dataset_root/near_spoilage/IMG_4123.JPG,1.2259348e-07,3.0629847e-06,0.99999666,8.529153e-08,near_spoilage
IMG_4124.JPG,near_spoilage,7.0,93.0,6,2025-09-24,5,2,/content/drive/MyDrive/spoilage_dataset/dataset_root/near_spoilage/IMG_4124.JPG,8.7936726e-08,1.2107427e-06,0.99999857,8.9534915e-08,near_spoilage
IMG_4125.JPG,near_spoilage,7.0,93.0,6,2025-09-24,5,2,/content/drive/MyDrive/spoilage_dataset/dataset_root/near_spoilage/IMG_4125.JPG,2.7984515e-06,3.2716263e-05,0.9999641,3.336131e-07,near_spoilage
IMG_4126.JPG,near_spoilage,7.0,93.0,6,2025-09-24,5,2,/content/drive/MyDrive/spoilage_dataset/dataset_root/near_spoilage/IMG_4126.JPG,1.7186456e-06,4.249326e-06,0.9999938,2.6052206e-07,near_spoilage
IMG_4127.JPG,near_spoilage,7.0,93.0,6,2025-09-24,5,2,/content/drive/MyDrive/spoilage_dataset/dataset_root/near_spoilage/IMG_4127.JPG,1.550493e-06,1.642993e-05,0.99998116,8.072347e-07,near_spoilage
IMG_4128.JPG,near_spoilage,7.0,93.0,6,2025-09-24,5,2,/content/drive/MyDrive/spoilage_dataset/dataset_root/near_spoilage/IMG_4128.JPG,9.109403e-07,4.8365655e-07,0.99999833,2.2356704e-07,near_spoilage
IMG_4129.JPG,near_spoilage,7.0,93.0,6,2025-09-24,5,2,/content/drive/MyDrive/spoilage_dataset/dataset_root/near_spoilage/IMG_4129.JPG,1.7361397e-07,4.810543e-07,0.9999994,1.8345885e-08,near_spoilage
IMG_4130.JPG,near_spoilage,7.0,93.0,6,2025-09-24,5,2,/content/drive/MyDrive/spoilage_dataset/dataset_root/near_spoilage/IMG_4130.JPG,3.440699e-08,7.643092e-07,0.99999905,8.826276e-08,near_spoilage
IMG_4131.JPG,near_spoilage,7.0,93.0,6,2025-09-24,5,2,/content/drive/MyDrive/spoilage_dataset/dataset_root/near_spoilage/IMG_4131.JPG,1.5207798e-08,3.1023626e-07,0.99999964,1.3203089e-08,near_spoilage
IMG_4132.JPG,near_spoilage,7.0,93.0,6,2025-09-24,5,2,/content/drive/MyDrive/spoilage_dataset/dataset_root/near_spoilage/IMG_4132.JPG,7.777139e-09,6.5502604e-08,0.9999999,1.2141702e-08,near_spoilage
IMG_4133.JPG,near_spoilage,7.0,93.0,6,2025-09-24,5,2,/content/drive/MyDrive/spoilage_dataset/dataset_root/near_spoilage/IMG_4133.JPG,1.4070031e-07,1.0502114e-06,0.99999857,2.8184712e-07,near_spoilage
IMG_4134.JPG,near_spoilage,7.0,93.0,6,2025-09-24,5,2,/content/drive/MyDrive/spoilage_dataset/dataset_root/near_spoilage/IMG_4134.JPG,1.4374883e-05,3.8489165e-06,0.99998105,6.6204024e-07,near_spoilage
IMG_4135.JPG,near_spoilage,7.0,93.0,6,2025-09-24,5,2,/content/drive/MyDrive/spoilage_dataset/dataset_root/near_spoilage/IMG_4135.JPG,4.80064e-05,9.930679e-06,0.99994135,7.046e-07,near_spoilage
IMG_4136.JPG,near_spoilage,7.0,93.0,7,2025-09-24,5,2,/content/drive/MyDrive/spoilage_dataset/dataset_root/near_spoilage/IMG_4136.JPG,7.3679956e-05,1.2493004e-05,0.99991286,9.295835e-07,near_spoilage
IMG_4137.JPG,near_spoilage,7.0,93.0,7,2025-09-24,5,2,/content/drive/MyDrive/spoilage_dataset/dataset_root/near_spoilage/IMG_4137.JPG,3.5882444e-05,6.6255524e-07,0.9999633,1.1868589e-07,near_spoilage
IMG_4138.JPG,near_spoilage,7.0,93.0,7,2025-09-24,5,2,/content/drive/MyDrive/spoilage_dataset/dataset_root/near_spoilage/IMG_4138.JPG,0.00015965599,1.625877e-06,0.9998386,9.024215e-08,near_spoilage
IMG_4139.JPG,near_spoilage,7.0,93.0,7,2025-09-24,5,2,/content/drive/MyDrive/spoilage_dataset/dataset_root/near_spoilage/IMG_4139.JPG,6.0246013e-05,2.036705e-06,0.9999373,4.871706e-07,near_spoilage
IMG_4140.JPG,near_spoilage,7.0,93.0,7,2025-09-24,5,2,/content/drive/MyDrive/spoilage_dataset/dataset_root/near_spoilage/IMG_4140.JPG,7.8860314e-05,2.6872058e-06,0.9999176,8.6671173e-07,near_spoilage
IMG_4141.JPG,near_spoilage,7.0,93.0,7,2025-09-24,5,2,/content/drive/MyDrive/spoilage_dataset/dataset_root/near_spoilage/IMG_4141.JPG,1.5833453e-05,2.8617912e-06,0.99998105,1.8096844e-07,near_spoilage
IMG_4142.JPG,near_spoilage,7.0,93.0,7,2025-09-24,5,2,/content/drive/MyDrive/spoilage_dataset/dataset_root/near_spoilage/IMG_4142.JPG,7.004916e-05,1.0684792e-05,0.99991846,8.0512365e-07,near_spoilage
IMG_4143.JPG,near_spoilage,7.0,93.0,7,2025-09-24,5,2,/content/drive/MyDrive/spoilage_dataset/dataset_root/near_spoilage/IMG_4143.JPG,5.498221e-05,3.5659148e-06,0.99994123,2.5619798e-07,near_spoilage
IMG_4144.JPG,near_spoilage,7.0,93.0,7,2025-09-24,5,2,/content/drive/MyDrive/spoilage_dataset/dataset_root/near_spoilage/IMG_4144.JPG,6.210465e-05,5.6419876e-06,0.99993193,3.933211e-07,near_spoilage
IMG_4145.JPG,near_spoilage,7.0,93.0,7,2025-09-24,5,2,/content/drive/MyDrive/spoilage_dataset/dataset_root/near_spoilage/IMG_4145.JPG,7.894098e-05,7.892401e-06,0.999913,2.0484512e-07,near_spoilage
IMG_4146.JPG,near_spoilage,7.0,93.0,7,2025-09-24,5,2,/content/drive/MyDrive/spoilage_dataset/dataset_root/near_spoilage/IMG_4146.JPG,5.285964e-05,4.54945e-06,0.9999422,3.1368666e-07,near_spoilage
IMG_4147.JPG,near_spoilage,7.0,93.0,7,2025-09-24,5,2,/content/drive/MyDrive/spoilage_dataset/dataset_root/near_spoilage/IMG_4147.JPG,2.0179185e-05,2.9480725e-06,0.9999759,9.1330156e-07,near_spoilage
IMG_4148.JPG,near_spoilage,7.0,93.0,7,2025-09-24,5,2,/content/drive/MyDrive/spoilage_dataset/dataset_root/near_spoilage/IMG_4148.JPG,0.0011382371,0.12799883,0.870849,1.39154545e-05,near_spoilage
IMG_4149.JPG,near_spoilage,7.0,93.0,7,2025-09-24,5,2,/content/drive/MyDrive/spoilage_dataset/dataset_root/near_spoilage/IMG_4149.JPG,0.004637527,0.09880564,0.89654785,8.936006e-06,near_spoilage
IMG_4150.JPG,near_spoilage,7.0,93.0,7,2025-09-24,5,2,/content/drive/MyDrive/spoilage_dataset/dataset_root/near_spoilage/IMG_4150.JPG,0.00012232286,0.10578538,0.89408875,3.4785844e-06,near_spoilage
IMG_4151.JPG,near_spoilage,7.0,93.0,7,2025-09-24,5,2,/content/drive/MyDrive/spoilage_dataset/dataset_root/near_spoilage/IMG_4151.JPG,1.5784407e-08,1.0054161e-07,0.99999964,2.4604628e-07,near_spoilage
IMG_4152.JPG,near_spoilage,7.0,93.0,7,2025-09-24,5,2,/content/drive/MyDrive/spoilage_dataset/dataset_root/near_spoilage/IMG_4152.JPG,3.879952e-09,3.2364664e-08,1.0,2.079846e-08,near_spoilage
IMG_4153.JPG,near_spoilage,7.0,93.0,7,2025-09-24,5,2,/content/drive/MyDrive/spoilage_dataset/dataset_root/near_spoilage/IMG_4153.JPG,1.6388406e-09,7.138954e-08,0.9999999,3.9145483e-08,near_spoilage
IMG_4154.JPG,near_spoilage,7.0,93.0,7,2025-09-24,5,2,/content/drive/MyDrive/spoilage_dataset/dataset_root/near_spoilage/IMG_4154.JPG,1.1314159e-08,8.003992e-08,0.9999999,4.988862e-08,near_spoilage
IMG_4155.JPG,near_spoilage,7.0,93.0,7,2025-09-24,5,2,/content/drive/MyDrive/spoilage_dataset/dataset_root/near_spoilage/IMG_4155.JPG,7.608899e-09,1.2609347e-07,0.9999995,3.1120163e-07,near_spoilage
IMG_4156.JPG,near_spoilage,7.0,93.0,7,2025-09-24,5,2,/content/drive/MyDrive/spoilage_dataset/dataset_root/near_spoilage/IMG_4156.JPG,3.178476e-09,3.8700648e-08,1.0,3.7321406e-08,near_spoilage
IMG_4157.JPG,near_spoilage,7.0,93.0,7,2025-09-24,5,2,/content/drive/MyDrive/spoilage_dataset/dataset_root/near_spoilage/IMG_4157.JPG,5.5894747e-09,1.5397643e-07,0.9999999,1.12502905e-08,near_spoilage
IMG_4158.JPG,near_spoilage,7.0,93.0,7,2025-09-24,5,2,/content/drive/MyDrive/spoilage_dataset/dataset_root/near_spoilage/IMG_4158.JPG,5.7209976e-10,3.3663042e-08,1.0,5.527982e-09,near_spoilage
IMG_4159.JPG,near_spoilage,7.0,93.0,7,2025-09-24,5,2,/content/drive/MyDrive/spoilage_dataset/dataset_root/near_spoilage/IMG_4159.JPG,1.5342483e-09,1.1636636e-07,0.9999999,2.8204523e-08,near_spoilage
IMG_4160.JPG,near_spoilage,7.0,93.0,7,2025-09-24,5,2,/content/drive/MyDrive/spoilage_dataset/dataset_root/near_spoilage/IMG_4160.JPG,4.531782e-09,3.0108378e-08,1.0,1.025645e-08,near_spoilage
IMG_4161.JPG,near_spoilage,7.0,93.0,7,2025-09-24,5,2,/content/drive/MyDrive/spoilage_dataset/dataset_root/near_spoilage/IMG_4161.JPG,4.0741333e-10,1.4203215e-08,1.0,1.09873115e-08,near_spoilage
IMG_4162.JPG,near_spoilage,7.0,93.0,7,2025-09-24,5,2,/content/drive/MyDrive/spoilage_dataset/dataset_root/near_spoilage/IMG_4162.JPG,3.4119387e-09,1.06510385e-07,0.9999999,5.7819296e-08,near_spoilage
IMG_4163.JPG,near_spoilage,8.0,91.0,7,2025-09-24,5,2,/content/drive/MyDrive/spoilage_dataset/dataset_root/near_spoilage/IMG_4163.JPG,0.011995418,8.696175e-05,0.9879106,6.9733364e-06,near_spoilage
IMG_4164.JPG,near_spoilage,8.0,91.0,7,2025-09-24,5,2,/content/drive/MyDrive/spoilage_dataset/dataset_root/near_spoilage/IMG_4164.JPG,0.0031639775,9.882424e-05,0.99673176,5.415197e-06,near_spoilage
IMG_4165.JPG,near_spoilage,8.0,91.0,7,2025-09-24,5,2,/content/drive/MyDrive/spoilage_dataset/dataset_root/near_spoilage/IMG_4165.JPG,0.0012826575,8.373176e-05,0.99863094,2.641813e-06,near_spoilage
IMG_4166.JPG,near_spoilage,8.0,91.0,7,2025-09-24,5,2,/content/drive/MyDrive/spoilage_dataset/dataset_root/near_spoilage/IMG_4166.JPG,0.0007719553,0.0003927945,0.9988335,1.7846504e-06,near_spoilage
IMG_4167.JPG,near_spoilage,8.0,91.0,7,2025-09-24,5,2,/content/drive/MyDrive/spoilage_dataset/dataset_root/near_spoilage/IMG_4167.JPG,0.00019395968,8.107379e-05,0.99972147,3.5124774e-06,near_spoilage
IMG_4168.JPG,near_spoilage,8.0,91.0,7,2025-09-24,5,2,/content/drive/MyDrive/spoilage_dataset/dataset_root/near_spoilage/IMG_4168.JPG,0.000108409025,0.0001054701,0.9997811,5.006218e-06,near_spoilage
IMG_4169.JPG,near_spoilage,8.0,91.0,7,2025-09-24,5,2,/content/drive/MyDrive/spoilage_dataset/dataset_root/near_spoilage/IMG_4169.JPG,6.708704e-05,1.8454408e-05,0.9999106,3.84491e-06,near_spoilage
IMG_4170.JPG,near_spoilage,8.0,91.0,7,2025-09-24,5,2,/content/drive/MyDrive/spoilage_dataset/dataset_root/near_spoilage/IMG_4170.JPG,0.004600282,3.850391e-05,0.9953572,3.9857364e-06,near_spoilage
IMG_4171.JPG,near_spoilage,8.0,91.0,7,2025-09-24,5,2,/content/drive/MyDrive/spoilage_dataset/dataset_root/near_spoilage/IMG_4171.JPG,0.012525292,8.4244144e-05,0.9873864,3.9665083e-06,near_spoilage
IMG_4173.JPG,near_spoilage,8.0,91.0,7,2025-09-24,5,2,/content/drive/MyDrive/spoilage_dataset/dataset_root/near_spoilage/IMG_4173.JPG,0.0018037433,0.00017289064,0.9976776,0.00034577266,near_spoilage
IMG_4174.JPG,near_spoilage,8.0,91.0,7,2025-09-24,5,2,/content/drive/MyDrive/spoilage_dataset/dataset_root/near_spoilage/IMG_4174.JPG,0.00014914543,5.2564345e-05,0.99965787,0.00014035458,near_spoilage
IMG_4175.JPG,near_spoilage,8.0,91.0,7,2025-09-24,5,2,/content/drive/MyDrive/spoilage_dataset/dataset_root/near_spoilage/IMG_4175.JPG,0.0016162278,8.9514055e-05,0.99782664,0.00046756244,near_spoilage
IMG_4176.JPG,near_spoilage,8.0,91.0,7,2025-09-24,5,2,/content/drive/MyDrive/spoilage_dataset/dataset_root/near_spoilage/IMG_4176.JPG,0.000292824,3.7472888e-05,0.9996451,2.4564732e-05,near_spoilage
IMG_4177.JPG,near_spoilage,8.0,91.0,7,2025-09-24,5,2,/content/drive/MyDrive/spoilage_dataset/dataset_root/near_spoilage/IMG_4177.JPG,0.00046583352,0.00010544195,0.9993837,4.500822e-05,near_spoilage
IMG_4178.JPG,near_spoilage,8.0,91.0,7,2025-09-24,5,2,/content/drive/MyDrive/spoilage_dataset/dataset_root/near_spoilage/IMG_4178.JPG,8.532045e-05,6.058827e-05,0.99957985,0.0002743338,near_spoilage
IMG_4179.JPG,near_spoilage,8.0,91.0,7,2025-09-24,5,2,/content/drive/MyDrive/spoilage_dataset/dataset_root/near_spoilage/IMG_4179.JPG,0.00010522402,5.148108e-05,0.99974066,0.000102661106,near_spoilage
IMG_4180.JPG,near_spoilage,8.0,91.0,7,2025-09-24,5,2,/content/drive/MyDrive/spoilage_dataset/dataset_root/near_spoilage/IMG_4180.JPG,0.0004815932,8.523562e-05,0.99929,0.00014322961,near_spoilage
IMG_4181.JPG,near_spoilage,8.0,91.0,7,2025-09-24,5,2,/content/drive/MyDrive/spoilage_dataset/dataset_root/near_spoilage/IMG_4181.JPG,0.00013764799,3.2807737e-05,0.99976164,6.788139e-05,near_spoilage
IMG_4182.JPG,near_spoilage,8.0,91.0,7,2025-09-24,5,2,/content/drive/MyDrive/spoilage_dataset/dataset_root/near_spoilage/IMG_4182.JPG,0.00023410292,6.38817e-05,0.9995272,0.0001748079,near_spoilage
IMG_4183.JPG,near_spoilage,8.0,91.0,7,2025-09-24,5,2,/content/drive/MyDrive/spoilage_dataset/dataset_root/near_spoilage/IMG_4183.JPG,0.00013998472,6.116121e-05,0.9997677,3.1161177e-05,near_spoilage
IMG_4184.JPG,near_spoilage,8.0,91.0,7,2025-09-24,5,2,/content/drive/MyDrive/spoilage_dataset/dataset_root/near_spoilage/IMG_4184.JPG,0.00026221244,0.0002154557,0.99931693,0.00020536236,near_spoilage
IMG_4185.JPG,near_spoilage,8.0,91.0,7,2025-09-24,5,2,/content/drive/MyDrive/spoilage_dataset/dataset_root/near_spoilage/IMG_4185.JPG,0.00016993734,0.00010334455,0.9995925,0.00013435037,near_spoilage
IMG_4186.JPG,near_spoilage,8.0,91.0,7,2025-09-24,5,2,/content/drive/MyDrive/spoilage_dataset/dataset_root/near_spoilage/IMG_4186.JPG,0.00012831278,8.148765e-05,0.99962807,0.0001621087,near_spoilage
IMG_4187.JPG,near_spoilage,8.0,91.0,7,2025-09-24,5,2,/content/drive/MyDrive/spoilage_dataset/dataset_root/near_spoilage/IMG_4187.JPG,1.8970253e-07,2.4268218e-08,0.9999994,3.4440112e-07,near_spoilage
IMG_4188.JPG,near_spoilage,8.0,91.0,7,2025-09-24,5,2,/content/drive/MyDrive/spoilage_dataset/dataset_root/near_spoilage/IMG_4188.JPG,2.1096677e-07,4.587649e-09,0.99999964,1.4536126e-07,near_spoilage
IMG_4189.JPG,near_spoilage,8.0,91.0,7,2025-09-24,5,2,/content/drive/MyDrive/spoilage_dataset/dataset_root/near_spoilage/IMG_4189.JPG,1.60612e-08,1.9664665e-09,1.0,1.374453e-08,near_spoilage
IMG_4190.JPG,near_spoilage,8.0,91.0,7,2025-09-24,5,2,/content/drive/MyDrive/spoilage_dataset/dataset_root/near_spoilage/IMG_4190.JPG,1.502372e-08,4.0868215e-09,1.0,1.834999e-08,near_spoilage
IMG_4191.JPG,near_spoilage,8.0,91.0,7,2025-09-24,5,2,/content/drive/MyDrive/spoilage_dataset/dataset_root/near_spoilage/IMG_4191.JPG,3.4601495e-08,3.346872e-09,1.0,9.668419e-09,near_spoilage
IMG_4192.JPG,near_spoilage,8.0,91.0,7,2025-09-24,5,2,/content/drive/MyDrive/spoilage_dataset/dataset_root/near_spoilage/IMG_4192.JPG,8.147156e-09,8.109555e-10,1.0,3.7053631e-09,near_spoilage
IMG_4193.JPG,near_spoilage,8.0,91.0,7,2025-09-24,5,2,/content/drive/MyDrive/spoilage_dataset/dataset_root/near_spoilage/IMG_4193.JPG,7.3859647e-09,8.9220425e-10,1.0,6.8033352e-09,near_spoilage
IMG_4194.JPG,near_spoilage,8.0,91.0,7,2025-09-24,5,2,/content/drive/MyDrive/spoilage_dataset/dataset_root/near_spoilage/IMG_4194.JPG,8.246872e-09,3.3256562e-09,1.0,1.3804985e-08,near_spoilage
IMG_4195.JPG,near_spoilage,8.0,91.0,7,2025-09-24,5,2,/content/drive/MyDrive/spoilage_dataset/dataset_root/near_spoilage/IMG_4195.JPG,8.3981803e-07,2.4519016e-08,0.99999833,8.146839e-07,near_spoilage
IMG_4196.JPG,near_spoilage,8.0,91.0,7,2025-09-24,5,2,/content/drive/MyDrive/spoilage_dataset/dataset_root/near_spoilage/IMG_4196.JPG,7.184559e-07,2.3590195e-08,0.99999857,7.170157e-07,near_spoilage
IMG_4197.JPG,near_spoilage,8.0,91.0,7,2025-09-24,5,2,/content/drive/MyDrive/spoilage_dataset/dataset_root/near_spoilage/IMG_4197.JPG,1.9404608e-08,3.4915921e-09,1.0,3.5190325e-08,near_spoilage
IMG_4198.JPG,near_spoilage,8.0,91.0,7,2025-09-24,5,2,/content/drive/MyDrive/spoilage_dataset/dataset_root/near_spoilage/IMG_4198.JPG,2.0986464e-08,1.202146e-08,0.9999999,1.4910393e-07,near_spoilage
IMG_4199.JPG,near_spoilage,8.0,91.0,7,2025-09-24,5,2,/content/drive/MyDrive/spoilage_dataset/dataset_root/near_spoilage/IMG_4199.JPG,1.2785112e-09,5.452645e-10,1.0,1.9442385e-09,near_spoilage
IMG_4200.JPG,near_spoilage,8.0,91.0,7,2025-09-24,5,2,/content/drive/MyDrive/spoilage_dataset/dataset_root/near_spoilage/IMG_4200.JPG,8.228186e-10,2.1083418e-10,1.0,6.0215e-10,near_spoilage
IMG_4201.JPG,near_spoilage,8.0,91.0,7,2025-09-24,5,2,/content/drive/MyDrive/spoilage_dataset/dataset_root/near_spoilage/IMG_4201.JPG,2.1265603e-10,2.147507e-10,1.0,9.214674e-10,near_spoilage
IMG_4202.JPG,near_spoilage,8.0,91.0,7,2025-09-24,5,2,/content/drive/MyDrive/spoilage_dataset/dataset_root/near_spoilage/IMG_4202.JPG,0.00027601398,7.15204e-07,0.99972314,7.43914e-08,near_spoilage
IMG_4203.JPG,near_spoilage,8.0,91.0,7,2025-09-24,5,2,/content/drive/MyDrive/spoilage_dataset/dataset_root/near_spoilage/IMG_4203.JPG,0.0010309884,2.803865e-06,0.9989629,3.3719205e-06,near_spoilage
IMG_4204.JPG,near_spoilage,8.0,91.0,7,2025-09-24,5,2,/content/drive/MyDrive/spoilage_dataset/dataset_root/near_spoilage/IMG_4204.JPG,0.0011750148,2.8060101e-06,0.998816,6.19546e-06,near_spoilage
IMG_4205.JPG,near_spoilage,8.0,91.0,7,2025-09-24,5,2,/content/drive/MyDrive/spoilage_dataset/dataset_root/near_spoilage/IMG_4205.JPG,9.201714e-05,2.1546402e-05,0.99988604,3.8063135e-07,near_spoilage
IMG_4206.JPG,near_spoilage,8.0,91.0,7,2025-09-24,5,2,/content/drive/MyDrive/spoilage_dataset/dataset_root/near_spoilage/IMG_4206.JPG,7.614564e-05,3.955294e-06,0.9999187,1.2180543e-06,near_spoilage
IMG_4207.JPG,near_spoilage,8.0,91.0,7,2025-09-24,5,2,/content/drive/MyDrive/spoilage_dataset/dataset_root/near_spoilage/IMG_4207.JPG,0.0009248341,5.262914e-06,0.99906915,7.924161e-07,near_spoilage
IMG_4208.JPG,near_spoilage,8.0,91.0,7,2025-09-24,5,2,/content/drive/MyDrive/spoilage_dataset/dataset_root/near_spoilage/IMG_4208.JPG,7.736783e-05,9.97364e-07,0.9999213,3.0943514e-07,near_spoilage
IMG_4209.JPG,near_spoilage,8.0,91.0,7,2025-09-24,5,2,/content/drive/MyDrive/spoilage_dataset/dataset_root/near_spoilage/IMG_4209.JPG,0.00017257176,6.960109e-06,0.99982005,4.4254162e-07,near_spoilage
IMG_4210.JPG,near_spoilage,8.0,91.0,7,2025-09-24,5,2,/content/drive/MyDrive/spoilage_dataset/dataset_root/near_spoilage/IMG_4210.JPG,5.7852638e-05,2.2196775e-06,0.9999397,2.0182532e-07,near_spoilage
IMG_4211.JPG,near_spoilage,8.0,91.0,7,2025-09-24,5,2,/content/drive/MyDrive/spoilage_dataset/dataset_root/near_spoilage/IMG_4211.JPG,0.00063009793,7.958225e-06,0.9993611,8.900503e-07,near_spoilage
IMG_4212.JPG,near_spoilage,8.0,91.0,7,2025-09-24,5,2,/content/drive/MyDrive/spoilage_dataset/dataset_root/near_spoilage/IMG_4212.JPG,8.924354e-05,4.727286e-06,0.9999056,5.087626e-07,near_spoilage
IMG_4213.JPG,near_spoilage,8.0,91.0,7,2025-09-24,5,2,/content/drive/MyDrive/spoilage_dataset/dataset_root/near_spoilage/IMG_4213.JPG,4.1963038e-05,1.7596843e-06,0.9999558,5.1139114e-07,near_spoilage
IMG_4214.JPG,near_spoilage,8.0,91.0,7,2025-09-24,5,2,/content/drive/MyDrive/spoilage_dataset/dataset_root/near_spoilage/IMG_4214.JPG,2.679052e-05,1.1701014e-06,0.99997187,1.2018815e-07,near_spoilage
IMG_4215.JPG,near_spoilage,8.0,91.0,7,2025-09-24,5,2,/content/drive/MyDrive/spoilage_dataset/dataset_root/near_spoilage/IMG_4215.JPG,5.732909e-05,4.99557e-07,0.99994206,6.583624e-08,near_spoilage
IMG_4216.JPG,near_spoilage,8.0,91.0,7,2025-09-24,5,2,/content/drive/MyDrive/spoilage_dataset/dataset_root/near_spoilage/IMG_4216.JPG,2.805786e-07,5.7897274e-09,0.99999964,9.994584e-08,near_spoilage
IMG_4217.JPG,near_spoilage,8.0,91.0,7,2025-09-24,5,2,/content/drive/MyDrive/spoilage_dataset/dataset_root/near_spoilage/IMG_4217.JPG,1.0577751e-07,4.3633513e-10,0.9999999,5.459831e-08,near_spoilage
IMG_4218.JPG,near_spoilage,8.0,91.0,7,2025-09-24,5,2,/content/drive/MyDrive/spoilage_dataset/dataset_root/near_spoilage/IMG_4218.JPG,0.00029564917,0.0022836686,0.9973876,3.3012904e-05,near_spoilage
IMG_4219.JPG,near_spoilage,8.0,91.0,7,2025-09-24,5,2,/content/drive/MyDrive/spoilage_dataset/dataset_root/near_spoilage/IMG_4219.JPG,0.0039460487,0.0009291309,0.9951213,3.53136e-06,near_spoilage
IMG_4220.JPG,near_spoilage,8.0,91.0,7,2025-09-24,5,2,/content/drive/MyDrive/spoilage_dataset/dataset_root/near_spoilage/IMG_4220.JPG,0.00025138046,0.00020477724,0.9995259,1.8047545e-05,near_spoilage
IMG_4221.JPG,near_spoilage,8.0,91.0,7,2025-09-24,5,2,/content/drive/MyDrive/spoilage_dataset/dataset_root/near_spoilage/IMG_4221.JPG,0.00049168686,0.00829357,0.99115366,6.105242e-05,near_spoilage
IMG_4222.JPG,near_spoilage,8.0,91.0,7,2025-09-24,5,2,/content/drive/MyDrive/spoilage_dataset/dataset_root/near_spoilage/IMG_4222.JPG,0.00012743873,6.451774e-05,0.9998062,1.7986694e-06,near_spoilage
IMG_4223.JPG,near_spoilage,8.0,91.0,7,2025-09-24,5,2,/content/drive/MyDrive/spoilage_dataset/dataset_root/near_spoilage/IMG_4223.JPG,0.0013294703,9.053921e-05,0.9985764,3.6212612e-06,near_spoilage
IMG_4224.JPG,near_spoilage,8.0,91.0,7,2025-09-24,5,2,/content/drive/MyDrive/spoilage_dataset/dataset_root/near_spoilage/IMG_4224.JPG,0.0015105904,0.00018021224,0.99830174,7.4168197e-06,near_spoilage
IMG_4225.JPG,near_spoilage,8.0,91.0,7,2025-09-24,5,2,/content/drive/MyDrive/spoilage_dataset/dataset_root/near_spoilage/IMG_4225.JPG,0.00039788563,3.878013e-05,0.9995592,4.013655e-06,near_spoilage
IMG_4226.JPG,near_spoilage,8.0,91.0,8,2025-09-24,5,2,/content/drive/MyDrive/spoilage_dataset/dataset_root/near_spoilage/IMG_4226.JPG,0.005695488,7.0613096e-05,0.9942311,2.7866456e-06,near_spoilage
IMG_4227.JPG,near_spoilage,8.0,91.0,8,2025-09-24,5,2,/content/drive/MyDrive/spoilage_dataset/dataset_root/near_spoilage/IMG_4227.JPG,0.0011001123,0.0002672234,0.99863064,2.009407e-06,near_spoilage
IMG_4229.JPG,near_spoilage,8.0,91.0,8,2025-09-24,5,2,/content/drive/MyDrive/spoilage_dataset/dataset_root/near_spoilage/IMG_4229.JPG,3.0636453e-08,2.69978e-06,0.99999595,1.3241223e-06,near_spoilage
IMG_4230.JPG,near_spoilage,8.0,91.0,8,2025-09-24,5,2,/content/drive/MyDrive/spoilage_dataset/dataset_root/near_spoilage/IMG_4230.JPG,2.5037994e-07,6.7980636e-06,0.99999106,1.8762547e-06,near_spoilage
IMG_4231.JPG,near_spoilage,8.0,91.0,8,2025-09-24,5,2,/content/drive/MyDrive/spoilage_dataset/dataset_root/near_spoilage/IMG_4231.JPG,1.3512498e-06,1.6370726e-05,0.9999809,1.2958583e-06,near_spoilage
IMG_4232.JPG,near_spoilage,8.0,91.0,8,2025-09-24,5,2,/content/drive/MyDrive/spoilage_dataset/dataset_root/near_spoilage/IMG_4232.JPG,1.7099907e-07,2.8561776e-06,0.9999963,7.2713675e-07,near_spoilage
IMG_4233.JPG,near_spoilage,8.0,91.0,8,2025-09-24,5,2,/content/drive/MyDrive/spoilage_dataset/dataset_root/near_spoilage/IMG_4233.JPG,3.9835477e-08,3.5408993e-06,0.9999957,7.65484e-07,near_spoilage
IMG_4234.JPG,near_spoilage,8.0,91.0,8,2025-09-24,5,2,/content/drive/MyDrive/spoilage_dataset/dataset_root/near_spoilage/IMG_4234.JPG,1.4633243e-06,5.9409478e-05,0.999925,1.4060184e-05,near_spoilage
IMG_4235.JPG,near_spoilage,8.0,91.0,8,2025-09-24,5,2,/content/drive/MyDrive/spoilage_dataset/dataset_root/near_spoilage/IMG_4235.JPG,1.3843513e-07,9.034774e-06,0.99998844,2.331817e-06,near_spoilage
IMG_4236.JPG,near_spoilage,8.0,91.0,8,2025-09-24,5,2,/content/drive/MyDrive/spoilage_dataset/dataset_root/near_spoilage/IMG_4236.JPG,2.5315362e-08,5.227445e-07,0.9999993,1.6654243e-07,near_spoilage
IMG_4237.JPG,near_spoilage,8.0,91.0,8,2025-09-24,5,2,/content/drive/MyDrive/spoilage_dataset/dataset_root/near_spoilage/IMG_4237.JPG,1.6579054e-07,9.52749e-06,0.99998915,1.239307e-06,near_spoilage
IMG_4238.JPG,near_spoilage,8.0,91.0,8,2025-09-24,5,2,/content/drive/MyDrive/spoilage_dataset/dataset_root/near_spoilage/IMG_4238.JPG,3.0878752e-08,3.395264e-06,0.9999963,2.2569445e-07,near_spoilage
IMG_4239.JPG,near_spoilage,8.0,91.0,8,2025-09-24,5,2,/content/drive/MyDrive/spoilage_dataset/dataset_root/near_spoilage/IMG_4239.JPG,1.026234e-08,1.6752389e-06,0.9999981,2.8943916e-07,near_spoilage
IMG_4240.JPG,near_spoilage,8.0,91.0,8,2025-09-24,5,2,/content/drive/MyDrive/spoilage_dataset/dataset_root/near_spoilage/IMG_4240.JPG,1.1102301e-07,1.1019959e-05,0.9999871,1.8355233e-06,near_spoilage
IMG_4241.JPG,near_spoilage,8.0,91.0,8,2025-09-24,5,2,/content/drive/MyDrive/spoilage_dataset/dataset_root/near_spoilage/IMG_4241.JPG,4.0007455e-07,2.8103323e-05,0.9999696,1.9461006e-06,near_spoilage
IMG_4242.JPG,near_spoilage,8.0,91.0,8,2025-09-24,5,2,/content/drive/MyDrive/spoilage_dataset/dataset_root/near_spoilage/IMG_4242.JPG,2.8895906e-07,9.156808e-06,0.99998975,8.507149e-07,near_spoilage
IMG_4243.JPG,near_spoilage,8.0,91.0,8,2025-09-24,5,2,/content/drive/MyDrive/spoilage_dataset/dataset_root/near_spoilage/IMG_4243.JPG,7.148443e-06,0.0011866044,0.99873585,7.0360635e-05,near_spoilage
IMG_4244.JPG,near_spoilage,8.0,91.0,8,2025-09-24,5,2,/content/drive/MyDrive/spoilage_dataset/dataset_root/near_spoilage/IMG_4244.JPG,0.00016943617,0.0006970468,0.99898833,0.00014515329,near_spoilage
IMG_4245.JPG,near_spoilage,8.0,91.0,8,2025-09-24,5,2,/content/drive/MyDrive/spoilage_dataset/dataset_root/near_spoilage/IMG_4245.JPG,0.00045323488,0.0035481907,0.9641116,0.031886898,near_spoilage
IMG_4246.JPG,near_spoilage,8.0,91.0,8,2025-09-24,5,2,/content/drive/MyDrive/spoilage_dataset/dataset_root/near_spoilage/IMG_4246.JPG,1.6255222e-05,0.00095908926,0.9988747,0.00014986306,near_spoilage
IMG_4247.JPG,near_spoilage,8.0,91.0,8,2025-09-24,5,2,/content/drive/MyDrive/spoilage_dataset/dataset_root/near_spoilage/IMG_4247.JPG,5.8436315e-05,0.0020656248,0.99755293,0.00032299574,near_spoilage
IMG_4248.JPG,near_spoilage,8.0,91.0,8,2025-09-24,5,2,/content/drive/MyDrive/spoilage_dataset/dataset_root/near_spoilage/IMG_4248.JPG,1.2581621e-05,2.1244095e-05,0.999964,2.1955598e-06,near_spoilage
IMG_4249.JPG,near_spoilage,8.0,91.0,8,2025-09-24,5,2,/content/drive/MyDrive/spoilage_dataset/dataset_root/near_spoilage/IMG_4249.JPG,0.00010393668,0.00014954797,0.999741,5.4836028e-06,near_spoilage
IMG_4250.JPG,near_spoilage,8.0,91.0,8,2025-09-24,5,2,/content/drive/MyDrive/spoilage_dataset/dataset_root/near_spoilage/IMG_4250.JPG,3.4155814e-06,5.5359604e-05,0.999941,2.148953e-07,near_spoilage
IMG_4251.JPG,near_spoilage,8.0,91.0,8,2025-09-24,5,2,/content/drive/MyDrive/spoilage_dataset/dataset_root/near_spoilage/IMG_4251.JPG,1.939104e-05,0.00035071123,0.999629,8.3602845e-07,near_spoilage
IMG_4252.JPG,near_spoilage,8.0,91.0,8,2025-09-24,5,2,/content/drive/MyDrive/spoilage_dataset/dataset_root/near_spoilage/IMG_4252.JPG,1.9410349e-07,1.725339e-05,0.9999825,7.797862e-08,near_spoilage
IMG_4253.JPG,near_spoilage,8.0,91.0,8,2025-09-24,5,2,/content/drive/MyDrive/spoilage_dataset/dataset_root/near_spoilage/IMG_4253.JPG,1.8745058e-06,1.36810695e-05,0.9999845,5.8262103e-08,near_spoilage
IMG_4254.JPG,near_spoilage,8.0,91.0,8,2025-09-24,5,2,/content/drive/MyDrive/spoilage_dataset/dataset_root/near_spoilage/IMG_4254.JPG,2.8854909e-06,2.7514923e-05,0.9999695,7.7094136e-08,near_spoilage
IMG_4255.JPG,near_spoilage,8.0,91.0,8,2025-09-24,5,2,/content/drive/MyDrive/spoilage_dataset/dataset_root/near_spoilage/IMG_4255.JPG,3.2403468e-06,3.5381832e-05,0.99996126,9.508562e-08,near_spoilage
IMG_4256.JPG,near_spoilage,8.0,91.0,8,2025-09-24,5,2,/content/drive/MyDrive/spoilage_dataset/dataset_root/near_spoilage/IMG_4256.JPG,8.551958e-07,8.796822e-06,0.99999034,4.202149e-08,near_spoilage
IMG_4257.JPG,near_spoilage,8.0,91.0,8,2025-09-24,5,2,/content/drive/MyDrive/spoilage_dataset/dataset_root/near_spoilage/IMG_4257.JPG,3.8225844e-06,1.5256035e-05,0.9999807,2.9566021e-07,near_spoilage
IMG_4258.JPG,near_spoilage,8.0,91.0,8,2025-09-24,5,2,/content/drive/MyDrive/spoilage_dataset/dataset_root/near_spoilage/IMG_4258.JPG,2.6418284e-06,1.9697789e-05,0.9999777,3.225333e-08,near_spoilage
IMG_4259.JPG,near_spoilage,8.0,91.0,8,2025-09-24,5,2,/content/drive/MyDrive/spoilage_dataset/dataset_root/near_spoilage/IMG_4259.JPG,3.8050591e-06,4.9162223e-05,0.99994695,8.671303e-08,near_spoilage
IMG_4260.JPG,near_spoilage,8.0,91.0,8,2025-09-24,5,2,/content/drive/MyDrive/spoilage_dataset/dataset_root/near_spoilage/IMG_4260.JPG,4.1532978e-05,0.00035901985,0.9995927,6.810206e-06,near_spoilage
IMG_4261.JPG,near_spoilage,8.0,91.0,8,2025-09-24,5,2,/content/drive/MyDrive/spoilage_dataset/dataset_root/near_spoilage/IMG_4261.JPG,5.195511e-05,3.8242842e-06,0.99989414,5.011889e-05,near_spoilage
IMG_4262.JPG,near_spoilage,8.0,91.0,8,2025-09-24,5,2,/content/drive/MyDrive/spoilage_dataset/dataset_root/near_spoilage/IMG_4262.JPG,2.6446153e-06,1.7472856e-06,0.99999547,1.1990797e-07,near_spoilage
IMG_4263.JPG,near_spoilage,8.0,91.0,8,2025-09-24,5,2,/content/drive/MyDrive/spoilage_dataset/dataset_root/near_spoilage/IMG_4263.JPG,3.1950802e-07,9.4461836e-07,0.99999845,2.3470977e-07,near_spoilage
IMG_4264.JPG,near_spoilage,8.0,91.0,8,2025-09-24,5,2,/content/drive/MyDrive/spoilage_dataset/dataset_root/near_spoilage/IMG_4264.JPG,6.9006444e-07,3.6844523e-07,0.9999987,2.405154e-07,near_spoilage
IMG_4265.JPG,near_spoilage,8.0,91.0,8,2025-09-24,5,2,/content/drive/MyDrive/spoilage_dataset/dataset_root/near_spoilage/IMG_4265.JPG,1.9068034e-06,2.9526982e-06,0.999995,1.4454636e-07,near_spoilage
IMG_4266.JPG,near_spoilage,8.0,91.0,8,2025-09-24,5,2,/content/drive/MyDrive/spoilage_dataset/dataset_root/near_spoilage/IMG_4266.JPG,7.031792e-07,1.0527286e-06,0.999998,2.883302e-07,near_spoilage
IMG_4267.JPG,near_spoilage,8.0,91.0,8,2025-09-24,5,2,/content/drive/MyDrive/spoilage_dataset/dataset_root/near_spoilage/IMG_4267.JPG,0.0113503365,4.1252042e-05,0.9885986,9.820185e-06,near_spoilage
IMG_4268.JPG,near_spoilage,8.0,91.0,8,2025-09-24,5,2,/content/drive/MyDrive/spoilage_dataset/dataset_root/near_spoilage/IMG_4268.JPG,1.0042406e-05,0.000107124106,0.9998826,2.4554802e-07,near_spoilage
IMG_4269.JPG,near_spoilage,8.0,91.0,8,2025-09-24,5,2,/content/drive/MyDrive/spoilage_dataset/dataset_root/near_spoilage/IMG_4269.JPG,0.0009732374,0.000186351,0.99878925,5.12051e-05,near_spoilage
IMG_4270.JPG,near_spoilage,8.0,91.0,8,2025-09-24,5,2,/content/drive/MyDrive/spoilage_dataset/dataset_root/near_spoilage/IMG_4270.JPG,0.00070374453,0.0012335482,0.9980603,2.3404712e-06,near_spoilage
IMG_4271.JPG,near_spoilage,8.0,91.0,8,2025-09-24,5,2,/content/drive/MyDrive/spoilage_dataset/dataset_root/near_spoilage/IMG_4271.JPG,3.3605993e-05,0.006757825,0.99320436,4.2657643e-06,near_spoilage
IMG_4272.JPG,near_spoilage,8.0,91.0,8,2025-09-24,5,2,/content/drive/MyDrive/spoilage_dataset/dataset_root/near_spoilage/IMG_4272.JPG,6.9291686e-06,8.098528e-05,0.999846,6.598803e-05,near_spoilage
IMG_4273.JPG,near_spoilage,8.0,91.0,8,2025-09-24,5,2,/content/drive/MyDrive/spoilage_dataset/dataset_root/near_spoilage/IMG_4273.JPG,3.4900431e-06,2.9164532e-05,0.9999429,2.44212e-05,near_spoilage
IMG_4274.JPG,near_spoilage,8.0,91.0,8,2025-09-24,5,2,/content/drive/MyDrive/spoilage_dataset/dataset_root/near_spoilage/IMG_4274.JPG,6.200267e-06,0.00027992352,0.99944884,0.00026501867,near_spoilage
IMG_4275.JPG,near_spoilage,8.0,91.0,8,2025-09-24,5,2,/content/drive/MyDrive/spoilage_dataset/dataset_root/near_spoilage/IMG_4275.JPG,7.2948433e-06,0.00013983916,0.99976116,9.1674745e-05,near_spoilage
IMG_4276.JPG,near_spoilage,8.0,91.0,8,2025-09-24,5,2,/content/drive/MyDrive/spoilage_dataset/dataset_root/near_spoilage/IMG_4276.JPG,2.1829828e-05,0.00028785752,0.99955064,0.00013965247,near_spoilage
IMG_4277.JPG,near_spoilage,8.0,91.0,8,2025-09-24,5,2,/content/drive/MyDrive/spoilage_dataset/dataset_root/near_spoilage/IMG_4277.JPG,6.932672e-05,0.00025692643,0.9996711,2.6183773e-06,near_spoilage
IMG_4278.JPG,near_spoilage,8.0,91.0,8,2025-09-24,5,2,/content/drive/MyDrive/spoilage_dataset/dataset_root/near_spoilage/IMG_4278.JPG,3.1150755e-06,0.00043794894,0.9995578,1.04119e-06,near_spoilage
IMG_4279.JPG,near_spoilage,8.0,91.0,8,2025-09-24,5,2,/content/drive/MyDrive/spoilage_dataset/dataset_root/near_spoilage/IMG_4279.JPG,6.007643e-06,0.00042429465,0.99955755,1.2115419e-05,near_spoilage
IMG_4280.JPG,near_spoilage,8.0,91.0,8,2025-09-24,5,2,/content/drive/MyDrive/spoilage_dataset/dataset_root/near_spoilage/IMG_4280.JPG,5.909729e-06,7.814081e-08,0.9999927,1.3397557e-06,near_spoilage
IMG_4281.JPG,near_spoilage,8.0,91.0,8,2025-09-24,5,2,/content/drive/MyDrive/spoilage_dataset/dataset_root/near_spoilage/IMG_4281.JPG,5.8952633e-06,8.122164e-07,0.99999,3.2978508e-06,near_spoilage
IMG_4282.JPG,near_spoilage,8.0,91.0,8,2025-09-24,5,2,/content/drive/MyDrive/spoilage_dataset/dataset_root/near_spoilage/IMG_4282.JPG,1.449982e-06,4.395872e-06,0.99999416,3.222963e-08,near_spoilage
IMG_4283.JPG,near_spoilage,8.0,91.0,8,2025-09-24,5,2,/content/drive/MyDrive/spoilage_dataset/dataset_root/near_spoilage/IMG_4283.JPG,7.83371e-05,0.00012479983,0.9997907,6.2333474e-06,near_spoilage
IMG_4284.JPG,near_spoilage,8.0,91.0,8,2025-09-24,5,2,/content/drive/MyDrive/spoilage_dataset/dataset_root/near_spoilage/IMG_4284.JPG,7.628072e-05,0.00012455732,0.99979705,2.12692e-06,near_spoilage
IMG_4285.JPG,near_spoilage,8.0,91.0,8,2025-09-24,5,2,/content/drive/MyDrive/spoilage_dataset/dataset_root/near_spoilage/IMG_4285.JPG,5.9920516e-05,0.00013549051,0.99980325,1.3191826e-06,near_spoilage
IMG_4286.JPG,near_spoilage,8.0,91.0,8,2025-09-24,5,2,/content/drive/MyDrive/spoilage_dataset/dataset_root/near_spoilage/IMG_4286.JPG,6.164373e-06,3.9987768e-05,0.99995327,5.42788e-07,near_spoilage
IMG_4287.JPG,near_spoilage,8.0,91.0,8,2025-09-24,5,2,/content/drive/MyDrive/spoilage_dataset/dataset_root/near_spoilage/IMG_4287.JPG,0.0049492633,9.011485e-05,0.9949307,2.9858707e-05,near_spoilage
IMG_4288.JPG,near_spoilage,8.0,91.0,8,2025-09-24,5,2,/content/drive/MyDrive/spoilage_dataset/dataset_root/near_spoilage/IMG_4288.JPG,2.9265166e-07,3.932266e-08,0.99999917,4.9300905e-07,near_spoilage
IMG_4289.JPG,near_spoilage,8.0,91.0,8,2025-09-24,5,2,/content/drive/MyDrive/spoilage_dataset/dataset_root/near_spoilage/IMG_4289.JPG,1.648636e-05,4.2308336e-08,0.99998224,1.1987055e-06,near_spoilage
IMG_4290.JPG,near_spoilage,8.0,91.0,8,2025-09-24,5,2,/content/drive/MyDrive/spoilage_dataset/dataset_root/near_spoilage/IMG_4290.JPG,8.417417e-06,8.3849886e-07,0.9999875,3.1693937e-06,near_spoilage
IMG_4291.JPG,near_spoilage,8.0,91.0,8,2025-09-24,5,2,/content/drive/MyDrive/spoilage_dataset/dataset_root/near_spoilage/IMG_4291.JPG,2.3459435e-05,4.6592118e-06,0.99996996,1.8785714e-06,near_spoilage
IMG_4292.JPG,near_spoilage,8.0,91.0,8,2025-09-24,5,2,/content/drive/MyDrive/spoilage_dataset/dataset_root/near_spoilage/IMG_4292.JPG,7.841987e-05,1.2953229e-06,0.99991107,9.182487e-06,near_spoilage
IMG_4293.JPG,near_spoilage,8.0,91.0,8,2025-09-24,5,2,/content/drive/MyDrive/spoilage_dataset/dataset_root/near_spoilage/IMG_4293.JPG,2.6033562e-05,5.29967e-07,0.9999635,9.898618e-06,near_spoilage
IMG_4294.JPG,near_spoilage,8.0,91.0,8,2025-09-24,5,2,/content/drive/MyDrive/spoilage_dataset/dataset_root/near_spoilage/IMG_4294.JPG,6.9097937e-06,1.3988415e-07,0.9999852,7.80656e-06,near_spoilage
IMG_4295.JPG,near_spoilage,8.0,91.0,8,2025-09-24,5,2,/content/drive/MyDrive/spoilage_dataset/dataset_root/near_spoilage/IMG_4295.JPG,2.4383702e-05,3.8385977e-07,0.999974,1.2132465e-06,near_spoilage
IMG_6350.jpg,near_spoilage,8.0,91.0,8,2025-09-24,5,2,/content/drive/MyDrive/spoilage_dataset/dataset_root/near_spoilage/IMG_6350.jpg,9.615517e-06,0.00013018638,0.99986005,1.4634519e-07,near_spoilage
IMG_6351.jpg,near_spoilage,8.0,91.0,8,2025-09-24,5,2,/content/drive/MyDrive/spoilage_dataset/dataset_root/near_spoilage/IMG_6351.jpg,2.3551052e-06,0.0002607498,0.99973685,5.6793088e-08,near_spoilage
IMG_6352.jpg,near_spoilage,8.0,91.0,8,2025-09-24,5,2,/content/drive/MyDrive/spoilage_dataset/dataset_root/near_spoilage/IMG_6352.jpg,3.9153536e-05,0.00012227891,0.9998368,1.7654116e-06,near_spoilage
IMG_6353.jpg,near_spoilage,8.0,91.0,8,2025-09-24,5,2,/content/drive/MyDrive/spoilage_dataset/dataset_root/near_spoilage/IMG_6353.jpg,2.1272146e-05,0.00029789578,0.9996805,3.2774395e-07,near_spoilage
IMG_6354.jpg,near_spoilage,8.0,91.0,8,2025-09-24,5,2,/content/drive/MyDrive/spoilage_dataset/dataset_root/near_spoilage/IMG_6354.jpg,4.11261e-06,5.6593362e-05,0.9999393,2.6123969e-08,near_spoilage
IMG_6355.jpg,near_spoilage,8.0,91.0,8,2025-09-24,5,2,/content/drive/MyDrive/spoilage_dataset/dataset_root/near_spoilage/IMG_6355.jpg,2.4119032e-05,0.00031316362,0.99966145,1.2743001e-06,near_spoilage
IMG_6356.jpg,near_spoilage,8.0,91.0,8,2025-09-24,5,2,/content/drive/MyDrive/spoilage_dataset/dataset_root/near_spoilage/IMG_6356.jpg,3.0835876e-05,0.0013224388,0.99864537,1.3796149e-06,near_spoilage
IMG_6358.jpg,near_spoilage,8.0,91.0,8,2025-09-24,5,2,/content/drive/MyDrive/spoilage_dataset/dataset_root/near_spoilage/IMG_6358.jpg,6.0437474e-06,7.030035e-05,0.9999236,1.1057113e-07,near_spoilage
IMG_6359.jpg,near_spoilage,8.0,91.0,8,2025-09-24,5,2,/content/drive/MyDrive/spoilage_dataset/dataset_root/near_spoilage/IMG_6359.jpg,7.79581e-06,0.00018125518,0.9998109,1.3675458e-07,near_spoilage
IMG_6360.jpg,near_spoilage,8.0,91.0,8,2025-09-24,5,2,/content/drive/MyDrive/spoilage_dataset/dataset_root/near_spoilage/IMG_6360.jpg,1.1426011e-06,0.00037238613,0.9996263,8.07034e-08,near_spoilage
IMG_6361.jpg,near_spoilage,8.0,91.0,8,2025-09-24,5,2,/content/drive/MyDrive/spoilage_dataset/dataset_root/near_spoilage/IMG_6361.jpg,6.899506e-07,0.0002951164,0.99970406,7.951313e-08,near_spoilage
IMG_6362.jpg,near_spoilage,8.0,91.0,8,2025-09-24,5,2,/content/drive/MyDrive/spoilage_dataset/dataset_root/near_spoilage/IMG_6362.jpg,1.1402101e-06,2.9795006e-05,0.999969,2.9567323e-08,near_spoilage
IMG_6363.jpg,near_spoilage,8.0,91.0,8,2025-09-24,5,2,/content/drive/MyDrive/spoilage_dataset/dataset_root/near_spoilage/IMG_6363.jpg,5.775349e-06,0.00013826998,0.99985564,1.8193793e-07,near_spoilage
IMG_6364.jpg,near_spoilage,8.0,91.0,8,2025-09-24,5,2,/content/drive/MyDrive/spoilage_dataset/dataset_root/near_spoilage/IMG_6364.jpg,1.0956396e-05,0.00021962961,0.99976903,3.5966835e-07,near_spoilage
IMG_6366.jpg,near_spoilage,8.0,91.0,8,2025-09-24,5,2,/content/drive/MyDrive/spoilage_dataset/dataset_root/near_spoilage/IMG_6366.jpg,3.2708695e-06,0.00026878947,0.99972755,3.0545172e-07,near_spoilage
IMG_6367.jpg,near_spoilage,8.0,91.0,8,2025-09-24,5,2,/content/drive/MyDrive/spoilage_dataset/dataset_root/near_spoilage/IMG_6367.jpg,4.762708e-06,0.00058061106,0.99941444,2.3981823e-07,near_spoilage
IMG_6521.jpg,near_spoilage,8.0,91.0,8,2025-09-24,5,2,/content/drive/MyDrive/spoilage_dataset/dataset_root/near_spoilage/IMG_6521.jpg,4.2978892e-05,0.0067564375,0.99320024,3.0415566e-07,near_spoilage
IMG_6522.jpg,near_spoilage,8.0,91.0,8,2025-09-24,5,2,/content/drive/MyDrive/spoilage_dataset/dataset_root/near_spoilage/IMG_6522.jpg,6.768984e-05,0.008197982,0.9917337,6.521897e-07,near_spoilage
IMG_6523.jpg,near_spoilage,8.0,91.0,8,2025-09-24,5,2,/content/drive/MyDrive/spoilage_dataset/dataset_root/near_spoilage/IMG_6523.jpg,9.358489e-05,0.004740723,0.99516255,3.1611569e-06,near_spoilage
IMG_6524.jpg,near_spoilage,8.0,91.0,8,2025-09-24,5,2,/content/drive/MyDrive/spoilage_dataset/dataset_root/near_spoilage/IMG_6524.jpg,5.0837545e-05,0.009207906,0.9907398,1.4028773e-06,near_spoilage
IMG_6526.jpg,near_spoilage,8.0,91.0,9,2025-09-24,5,2,/content/drive/MyDrive/spoilage_dataset/dataset_root/near_spoilage/IMG_6526.jpg,7.180917e-06,0.0023066066,0.99768555,7.504376e-07,near_spoilage
IMG_6527.jpg,near_spoilage,8.0,91.0,9,2025-09-24,5,2,/content/drive/MyDrive/spoilage_dataset/dataset_root/near_spoilage/IMG_6527.jpg,1.526017e-05,0.010043193,0.98994094,5.431478e-07,near_spoilage
IMG_6529.jpg,near_spoilage,8.0,91.0,9,2025-09-24,5,2,/content/drive/MyDrive/spoilage_dataset/dataset_root/near_spoilage/IMG_6529.jpg,0.00045193068,0.0014379581,0.998099,1.1084436e-05,near_spoilage
IMG_6530.jpg,near_spoilage,8.0,91.0,9,2025-09-24,5,2,/content/drive/MyDrive/spoilage_dataset/dataset_root/near_spoilage/IMG_6530.jpg,2.9791458e-06,0.00021690973,0.9997799,2.3191203e-07,near_spoilage
IMG_6531.jpg,near_spoilage,8.0,91.0,9,2025-09-24,5,2,/content/drive/MyDrive/spoilage_dataset/dataset_root/near_spoilage/IMG_6531.jpg,4.217833e-06,0.00078998675,0.9992042,1.5643117e-06,near_spoilage
IMG_6532.jpg,near_spoilage,8.0,91.0,9,2025-09-24,5,2,/content/drive/MyDrive/spoilage_dataset/dataset_root/near_spoilage/IMG_6532.jpg,6.4904425e-06,0.00016086774,0.9998313,1.3281978e-06,near_spoilage
IMG_6533.jpg,near_spoilage,8.0,91.0,9,2025-09-24,5,2,/content/drive/MyDrive/spoilage_dataset/dataset_root/near_spoilage/IMG_6533.jpg,1.9090926e-06,0.00013625505,0.99986064,1.1498659e-06,near_spoilage
IMG_6535.jpg,near_spoilage,8.0,91.0,9,2025-09-24,5,2,/content/drive/MyDrive/spoilage_dataset/dataset_root/near_spoilage/IMG_6535.jpg,4.289274e-06,0.0014882424,0.9985067,6.792872e-07,near_spoilage
IMG_6536.jpg,near_spoilage,8.0,91.0,9,2025-09-24,5,2,/content/drive/MyDrive/spoilage_dataset/dataset_root/near_spoilage/IMG_6536.jpg,1.3028446e-06,0.00036949522,0.99962807,1.0614641e-06,near_spoilage
IMG_6537.jpg,near_spoilage,8.0,91.0,9,2025-09-24,5,2,/content/drive/MyDrive/spoilage_dataset/dataset_root/near_spoilage/IMG_6537.jpg,8.68897e-06,0.000625443,0.9993618,4.0383466e-06,near_spoilage
IMG_6538.jpg,near_spoilage,8.0,91.0,9,2025-09-24,5,2,/content/drive/MyDrive/spoilage_dataset/dataset_root/near_spoilage/IMG_6538.jpg,1.1666252e-06,0.0024757537,0.9975223,7.336555e-07,near_spoilage
IMG_6539.jpg,near_spoilage,8.0,91.0,9,2025-09-24,5,2,/content/drive/MyDrive/spoilage_dataset/dataset_root/near_spoilage/IMG_6539.jpg,1.5603493e-05,0.0019794067,0.9980034,1.5180002e-06,near_spoilage
IMG_6540.jpg,near_spoilage,8.0,91.0,9,2025-09-24,5,2,/content/drive/MyDrive/spoilage_dataset/dataset_root/near_spoilage/IMG_6540.jpg,0.00037681623,0.014946805,0.98467004,6.298297e-06,near_spoilage
IMG_6557.jpg,near_spoilage,8.0,91.0,9,2025-09-24,5,2,/content/drive/MyDrive/spoilage_dataset/dataset_root/near_spoilage/IMG_6557.jpg,0.036123354,0.030176954,0.9336849,1.47812825e-05,near_spoilage
IMG_6558.jpg,near_spoilage,8.0,91.0,9,2025-09-24,5,2,/content/drive/MyDrive/spoilage_dataset/dataset_root/near_spoilage/IMG_6558.jpg,0.025172386,0.014764361,0.9600553,7.888793e-06,near_spoilage
IMG_6560.jpg,near_spoilage,8.0,91.0,9,2025-09-24,5,2,/content/drive/MyDrive/spoilage_dataset/dataset_root/near_spoilage/IMG_6560.jpg,0.0064695766,0.0050259354,0.98848593,1.8542729e-05,near_spoilage
IMG_6561.jpg,near_spoilage,8.0,91.0,9,2025-09-24,5,2,/content/drive/MyDrive/spoilage_dataset/dataset_root/near_spoilage/IMG_6561.jpg,0.00033496934,0.0018390464,0.99782133,4.611582e-06,near_spoilage
IMG_6562.jpg,near_spoilage,8.0,91.0,9,2025-09-24,5,2,/content/drive/MyDrive/spoilage_dataset/dataset_root/near_spoilage/IMG_6562.jpg,0.0004596708,0.0024822047,0.9970475,1.0665154e-05,near_spoilage
IMG_6563.jpg,near_spoilage,8.0,91.0,9,2025-09-24,5,2,/content/drive/MyDrive/spoilage_dataset/dataset_root/near_spoilage/IMG_6563.jpg,0.0032986351,0.008761318,0.9879188,2.1351694e-05,near_spoilage
IMG_6564.jpg,near_spoilage,8.0,91.0,9,2025-09-24,5,2,/content/drive/MyDrive/spoilage_dataset/dataset_root/near_spoilage/IMG_6564.jpg,0.0024586318,0.0097833015,0.9877384,1.9655541e-05,near_spoilage
IMG_6565.jpg,near_spoilage,8.0,91.0,9,2025-09-24,5,2,/content/drive/MyDrive/spoilage_dataset/dataset_root/near_spoilage/IMG_6565.jpg,0.005639583,0.004747144,0.9895927,2.054697e-05,near_spoilage
IMG_6566.jpg,near_spoilage,8.0,91.0,9,2025-09-24,5,2,/content/drive/MyDrive/spoilage_dataset/dataset_root/near_spoilage/IMG_6566.jpg,0.016655173,0.020886712,0.9624399,1.8253928e-05,near_spoilage
IMG_6567.jpg,near_spoilage,8.0,91.0,9,2025-09-24,5,2,/content/drive/MyDrive/spoilage_dataset/dataset_root/near_spoilage/IMG_6567.jpg,0.0060471874,0.004509554,0.9894331,1.0091561e-05,near_spoilage
IMG_6568.jpg,near_spoilage,8.0,91.0,9,2025-09-24,5,2,/content/drive/MyDrive/spoilage_dataset/dataset_root/near_spoilage/IMG_6568.jpg,0.00748891,0.007039331,0.98545825,1.3555071e-05,near_spoilage
IMG_6569.jpg,near_spoilage,8.0,91.0,9,2025-09-24,5,2,/content/drive/MyDrive/spoilage_dataset/dataset_root/near_spoilage/IMG_6569.jpg,0.006465773,0.008706318,0.9847959,3.1976277e-05,near_spoilage
IMG_6570.jpg,near_spoilage,8.0,91.0,9,2025-09-24,5,2,/content/drive/MyDrive/spoilage_dataset/dataset_root/near_spoilage/IMG_6570.jpg,7.2849464e-09,2.38986e-07,0.99999964,1.0901269e-07,near_spoilage
IMG_6571.jpg,near_spoilage,8.0,91.0,9,2025-09-24,5,2,/content/drive/MyDrive/spoilage_dataset/dataset_root/near_spoilage/IMG_6571.jpg,2.4088043e-09,7.027082e-08,0.9999999,4.5887198e-08,near_spoilage
IMG_6572.jpg,near_spoilage,8.0,91.0,9,2025-09-24,5,2,/content/drive/MyDrive/spoilage_dataset/dataset_root/near_spoilage/IMG_6572.jpg,1.704395e-08,1.6813226e-07,0.99999964,1.369881e-07,near_spoilage
IMG_6573.jpg,near_spoilage,8.0,91.0,9,2025-09-24,5,2,/content/drive/MyDrive/spoilage_dataset/dataset_root/near_spoilage/IMG_6573.jpg,9.074614e-09,0.00054088474,0.99918693,0.00027216953,near_spoilage
IMG_6574.jpg,near_spoilage,8.0,91.0,9,2025-09-24,5,2,/content/drive/MyDrive/spoilage_dataset/dataset_root/near_spoilage/IMG_6574.jpg,9.99389e-10,5.6458163e-08,1.0,1.1494087e-08,near_spoilage
IMG_6575.jpg,near_spoilage,8.0,91.0,9,2025-09-24,5,2,/content/drive/MyDrive/spoilage_dataset/dataset_root/near_spoilage/IMG_6575.jpg,4.652187e-08,3.7096554e-06,0.9999937,2.461508e-06,near_spoilage
IMG_6576.jpg,near_spoilage,8.0,91.0,9,2025-09-24,5,2,/content/drive/MyDrive/spoilage_dataset/dataset_root/near_spoilage/IMG_6576.jpg,1.2407427e-08,2.2537401e-06,0.9999969,8.561431e-07,near_spoilage
IMG_6577.jpg,near_spoilage,8.0,91.0,9,2025-09-24,5,2,/content/drive/MyDrive/spoilage_dataset/dataset_root/near_spoilage/IMG_6577.jpg,5.1190782e-05,0.0043904074,0.9955519,6.5244035e-06,near_spoilage
IMG_6578.jpg,near_spoilage,8.0,91.0,9,2025-09-24,5,2,/content/drive/MyDrive/spoilage_dataset/dataset_root/near_spoilage/IMG_6578.jpg,7.244809e-09,1.5740901e-06,0.99999845,1.0511461e-08,near_spoilage
IMG_6579.jpg,near_spoilage,8.0,91.0,9,2025-09-24,5,2,/content/drive/MyDrive/spoilage_dataset/dataset_root/near_spoilage/IMG_6579.jpg,3.6240164e-09,6.3759313e-07,0.9999994,1.1340253e-08,near_spoilage
IMG_6580.jpg,near_spoilage,8.0,91.0,9,2025-09-24,5,2,/content/drive/MyDrive/spoilage_dataset/dataset_root/near_spoilage/IMG_6580.jpg,1.0410235e-08,4.1156127e-06,0.9999958,1.6405142e-08,near_spoilage
IMG_6581.jpg,near_spoilage,8.0,91.0,9,2025-09-24,5,2,/content/drive/MyDrive/spoilage_dataset/dataset_root/near_spoilage/IMG_6581.jpg,4.4115054e-09,1.7844854e-06,0.9999982,6.8921495e-09,near_spoilage
IMG_6582.jpg,near_spoilage,8.0,91.0,9,2025-09-24,5,2,/content/drive/MyDrive/spoilage_dataset/dataset_root/near_spoilage/IMG_6582.jpg,8.429576e-08,1.3299081e-06,0.99999857,3.659738e-09,near_spoilage
IMG_6583.jpg,near_spoilage,8.0,91.0,9,2025-09-24,5,2,/content/drive/MyDrive/spoilage_dataset/dataset_root/near_spoilage/IMG_6583.jpg,7.625319e-07,2.7078653e-05,0.9999721,6.359361e-09,near_spoilage
IMG_6584.jpg,near_spoilage,8.0,91.0,9,2025-09-24,5,2,/content/drive/MyDrive/spoilage_dataset/dataset_root/near_spoilage/IMG_6584.jpg,1.7433476e-07,1.5195253e-05,0.9999845,7.052472e-08,near_spoilage
IMG_6585.jpg,near_spoilage,8.0,91.0,9,2025-09-24,5,2,/content/drive/MyDrive/spoilage_dataset/dataset_root/near_spoilage/IMG_6585.jpg,1.232804e-06,0.00010436971,0.99989414,2.5710546e-07,near_spoilage
IMG_6586.jpg,near_spoilage,8.0,91.0,9,2025-09-24,5,2,/content/drive/MyDrive/spoilage_dataset/dataset_root/near_spoilage/IMG_6586.jpg,1.3573062e-06,0.00062300387,0.9993749,6.99811e-07,near_spoilage
IMG_6587.jpg,near_spoilage,8.0,91.0,9,2025-09-24,5,2,/content/drive/MyDrive/spoilage_dataset/dataset_root/near_spoilage/IMG_6587.jpg,4.958926e-06,0.0001502661,0.9998443,4.208696e-07,near_spoilage
IMG_6588.jpg,near_spoilage,8.0,91.0,9,2025-09-24,5,2,/content/drive/MyDrive/spoilage_dataset/dataset_root/near_spoilage/IMG_6588.jpg,9.816884e-06,0.00021306868,0.9997764,6.668964e-07,near_spoilage
IMG_6589.jpg,near_spoilage,8.0,91.0,9,2025-09-24,5,2,/content/drive/MyDrive/spoilage_dataset/dataset_root/near_spoilage/IMG_6589.jpg,1.4819655e-05,4.068328e-05,0.999944,4.8484617e-07,near_spoilage
IMG_6590.jpg,near_spoilage,8.0,91.0,9,2025-09-24,5,2,/content/drive/MyDrive/spoilage_dataset/dataset_root/near_spoilage/IMG_6590.jpg,0.000107470834,0.00028383656,0.99960846,2.484923e-07,near_spoilage
IMG_6592.jpg,near_spoilage,8.0,91.0,9,2025-09-24,5,2,/content/drive/MyDrive/spoilage_dataset/dataset_root/near_spoilage/IMG_6592.jpg,8.7377186e-05,0.0015003792,0.9984092,3.0714298e-06,near_spoilage
IMG_6593.jpg,near_spoilage,8.0,91.0,9,2025-09-24,5,2,/content/drive/MyDrive/spoilage_dataset/dataset_root/near_spoilage/IMG_6593.jpg,0.00055208243,0.0041522086,0.99528354,1.2238978e-05,near_spoilage
IMG_6594.jpg,near_spoilage,8.0,91.0,9,2025-09-24,5,2,/content/drive/MyDrive/spoilage_dataset/dataset_root/near_spoilage/IMG_6594.jpg,0.000259318,0.0016696693,0.9980597,1.129438e-05,near_spoilage
IMG_6595.jpg,near_spoilage,8.0,91.0,9,2025-09-24,5,2,/content/drive/MyDrive/spoilage_dataset/dataset_root/near_spoilage/IMG_6595.jpg,0.00044701778,0.005908211,0.99364436,3.9832264e-07,near_spoilage
IMG_6596.jpg,near_spoilage,8.0,91.0,9,2025-09-24,5,2,/content/drive/MyDrive/spoilage_dataset/dataset_root/near_spoilage/IMG_6596.jpg,1.6382446e-05,0.06533993,0.9346423,1.4460248e-06,near_spoilage
IMG_6597.jpg,near_spoilage,8.0,91.0,9,2025-09-24,5,2,/content/drive/MyDrive/spoilage_dataset/dataset_root/near_spoilage/IMG_6597.jpg,3.8267967e-06,0.00017777736,0.9998166,1.7956168e-06,near_spoilage
IMG_6598.jpg,near_spoilage,8.0,91.0,9,2025-09-24,5,2,/content/drive/MyDrive/spoilage_dataset/dataset_root/near_spoilage/IMG_6598.jpg,1.8240027e-05,0.00014501551,0.999833,3.6531894e-06,near_spoilage
IMG_6600.jpg,near_spoilage,8.0,91.0,9,2025-09-24,5,2,/content/drive/MyDrive/spoilage_dataset/dataset_root/near_spoilage/IMG_6600.jpg,2.8216462e-05,0.0014694751,0.99850106,1.3364439e-06,near_spoilage
IMG_6601.jpg,near_spoilage,8.0,91.0,9,2025-09-24,5,2,/content/drive/MyDrive/spoilage_dataset/dataset_root/near_spoilage/IMG_6601.jpg,4.3788754e-05,0.003458666,0.99649304,4.463182e-06,near_spoilage
IMG_6602.jpg,near_spoilage,8.0,91.0,9,2025-09-24,5,2,/content/drive/MyDrive/spoilage_dataset/dataset_root/near_spoilage/IMG_6602.jpg,9.179827e-06,0.0007539945,0.99923456,2.2983893e-06,near_spoilage
IMG_6603.jpg,near_spoilage,8.0,91.0,9,2025-09-24,5,2,/content/drive/MyDrive/spoilage_dataset/dataset_root/near_spoilage/IMG_6603.jpg,1.0593402e-05,0.0005238346,0.9994605,5.044971e-06,near_spoilage
IMG_6604.jpg,near_spoilage,8.0,91.0,9,2025-09-24,5,2,/content/drive/MyDrive/spoilage_dataset/dataset_root/near_spoilage/IMG_6604.jpg,4.7948245e-10,1.2280032e-05,0.9999877,5.1857794e-09,near_spoilage
IMG_6605.jpg,near_spoilage,8.0,91.0,9,2025-09-24,5,2,/content/drive/MyDrive/spoilage_dataset/dataset_root/near_spoilage/IMG_6605.jpg,4.586817e-10,5.730467e-06,0.9999943,7.278435e-09,near_spoilage
IMG_6606.jpg,near_spoilage,8.0,91.0,9,2025-09-24,5,2,/content/drive/MyDrive/spoilage_dataset/dataset_root/near_spoilage/IMG_6606.jpg,1.1452101e-09,8.362771e-06,0.99999166,1.3251878e-08,near_spoilage
IMG_6607.jpg,near_spoilage,8.0,91.0,9,2025-09-24,5,2,/content/drive/MyDrive/spoilage_dataset/dataset_root/near_spoilage/IMG_6607.jpg,8.277494e-09,0.00038389006,0.99961144,4.695199e-06,near_spoilage
IMG_6608.jpg,near_spoilage,8.0,91.0,9,2025-09-24,5,2,/content/drive/MyDrive/spoilage_dataset/dataset_root/near_spoilage/IMG_6608.jpg,2.0373074e-09,2.4577575e-05,0.9999752,2.900006e-07,near_spoilage
IMG_6609.jpg,near_spoilage,8.0,91.0,9,2025-09-24,5,2,/content/drive/MyDrive/spoilage_dataset/dataset_root/near_spoilage/IMG_6609.jpg,1.5247781e-09,0.00017749354,0.9998221,5.265079e-07,near_spoilage
IMG_6610.jpg,near_spoilage,8.0,91.0,9,2025-09-24,5,2,/content/drive/MyDrive/spoilage_dataset/dataset_root/near_spoilage/IMG_6610.jpg,1.0897583e-10,3.3749162e-05,0.99996626,3.974407e-08,near_spoilage
IMG_6611.jpg,near_spoilage,8.0,91.0,9,2025-09-24,5,2,/content/drive/MyDrive/spoilage_dataset/dataset_root/near_spoilage/IMG_6611.jpg,8.0138535e-10,2.2639726e-05,0.99997723,1.6318278e-07,near_spoilage
IMG_6612.jpg,near_spoilage,8.0,91.0,9,2025-09-24,5,2,/content/drive/MyDrive/spoilage_dataset/dataset_root/near_spoilage/IMG_6612.jpg,7.575841e-10,8.532265e-05,0.9999145,1.279889e-07,near_spoilage
IMG_6639.jpg,near_spoilage,8.0,91.0,9,2025-09-24,5,2,/content/drive/MyDrive/spoilage_dataset/dataset_root/near_spoilage/IMG_6639.jpg,1.0209241e-08,2.063444e-05,0.9999794,1.0835185e-08,near_spoilage
IMG_6640.jpg,near_spoilage,8.0,91.0,9,2025-09-24,5,2,/content/drive/MyDrive/spoilage_dataset/dataset_root/near_spoilage/IMG_6640.jpg,1.4919388e-08,6.786147e-06,0.9999932,1.900656e-08,near_spoilage
IMG_6642.jpg,near_spoilage,8.0,91.0,9,2025-09-24,5,2,/content/drive/MyDrive/spoilage_dataset/dataset_root/near_spoilage/IMG_6642.jpg,7.179685e-09,3.8086519e-06,0.9999962,1.3164067e-08,near_spoilage
IMG_6643.jpg,near_spoilage,8.0,91.0,9,2025-09-24,5,2,/content/drive/MyDrive/spoilage_dataset/dataset_root/near_spoilage/IMG_6643.jpg,2.3314097e-09,7.392334e-06,0.9999926,3.7131818e-09,near_spoilage
IMG_6644.jpg,near_spoilage,8.0,91.0,9,2025-09-24,5,2,/content/drive/MyDrive/spoilage_dataset/dataset_root/near_spoilage/IMG_6644.jpg,9.856029e-08,0.00010710477,0.99989283,5.3929693e-08,near_spoilage
IMG_6645.jpg,near_spoilage,8.0,91.0,9,2025-09-24,5,2,/content/drive/MyDrive/spoilage_dataset/dataset_root/near_spoilage/IMG_6645.jpg,8.102567e-08,6.765291e-05,0.99993217,7.5617194e-08,near_spoilage
IMG_6646.jpg,near_spoilage,8.0,91.0,9,2025-09-24,5,2,/content/drive/MyDrive/spoilage_dataset/dataset_root/near_spoilage/IMG_6646.jpg,3.950196e-07,8.050942e-05,0.99991894,1.677305e-07,near_spoilage
IMG_6647.jpg,near_spoilage,8.0,91.0,9,2025-09-24,5,2,/content/drive/MyDrive/spoilage_dataset/dataset_root/near_spoilage/IMG_6647.jpg,1.3835535e-06,7.597663e-05,0.9999225,1.686177e-07,near_spoilage
IMG_6648.jpg,near_spoilage,8.0,91.0,9,2025-09-24,5,2,/content/drive/MyDrive/spoilage_dataset/dataset_root/near_spoilage/IMG_6648.jpg,2.7185254e-07,2.661687e-05,0.99997306,3.7576754e-08,near_spoilage
IMG_6649.jpg,near_spoilage,8.0,91.0,9,2025-09-24,5,2,/content/drive/MyDrive/spoilage_dataset/dataset_root/near_spoilage/IMG_6649.jpg,2.518936e-07,4.495828e-05,0.9999547,6.760732e-08,near_spoilage
IMG_6650.jpg,near_spoilage,8.0,91.0,9,2025-09-24,5,2,/content/drive/MyDrive/spoilage_dataset/dataset_root/near_spoilage/IMG_6650.jpg,8.7711373e-07,0.00057727046,0.9994217,1.2850296e-07,near_spoilage
IMG_6651.jpg,near_spoilage,8.0,91.0,9,2025-09-24,5,2,/content/drive/MyDrive/spoilage_dataset/dataset_root/near_spoilage/IMG_6651.jpg,0.00014244985,0.0053535895,0.99450207,1.8922773e-06,near_spoilage
IMG_6652.jpg,near_spoilage,8.0,91.0,9,2025-09-24,5,2,/content/drive/MyDrive/spoilage_dataset/dataset_root/near_spoilage/IMG_6652.jpg,3.2257913e-07,0.00013867719,0.9998609,7.183744e-08,near_spoilage
IMG_6653.jpg,near_spoilage,8.0,91.0,9,2025-09-24,5,2,/content/drive/MyDrive/spoilage_dataset/dataset_root/near_spoilage/IMG_6653.jpg,1.0529984e-06,0.0005066347,0.9994923,3.443786e-08,near_spoilage
IMG_6654.jpg,near_spoilage,8.0,91.0,9,2025-09-24,5,2,/content/drive/MyDrive/spoilage_dataset/dataset_root/near_spoilage/IMG_6654.jpg,4.1651262e-07,0.002905037,0.9970945,2.7859269e-08,near_spoilage
IMG_6655.jpg,near_spoilage,8.0,91.0,9,2025-09-24,5,2,/content/drive/MyDrive/spoilage_dataset/dataset_root/near_spoilage/IMG_6655.jpg,2.0764034e-07,0.00072771724,0.99927205,3.8529052e-08,near_spoilage
IMG_6657.jpg,near_spoilage,8.0,91.0,9,2025-09-24,5,2,/content/drive/MyDrive/spoilage_dataset/dataset_root/near_spoilage/IMG_6657.jpg,1.011207e-06,0.0013033595,0.99869555,7.088895e-08,near_spoilage
IMG_6658.jpg,near_spoilage,8.0,91.0,9,2025-09-24,5,2,/content/drive/MyDrive/spoilage_dataset/dataset_root/near_spoilage/IMG_6658.jpg,4.5477756e-07,0.00079921953,0.9992003,2.9813936e-08,near_spoilage
IMG_6659.jpg,near_spoilage,8.0,91.0,9,2025-09-24,5,2,/content/drive/MyDrive/spoilage_dataset/dataset_root/near_spoilage/IMG_6659.jpg,2.9923388e-07,0.0006089193,0.9993907,2.0907976e-08,near_spoilage
IMG_6660.jpg,near_spoilage,8.0,91.0,9,2025-09-24,5,2,/content/drive/MyDrive/spoilage_dataset/dataset_root/near_spoilage/IMG_6660.jpg,7.691292e-08,0.0001939028,0.99980587,6.043231e-08,near_spoilage
IMG_6661.jpg,near_spoilage,8.0,91.0,9,2025-09-24,5,2,/content/drive/MyDrive/spoilage_dataset/dataset_root/near_spoilage/IMG_6661.jpg,4.6502574e-08,6.0635324e-05,0.9999393,4.598051e-09,near_spoilage
IMG_6662.jpg,near_spoilage,8.0,91.0,9,2025-09-24,5,2,/content/drive/MyDrive/spoilage_dataset/dataset_root/near_spoilage/IMG_6662.jpg,1.4513195e-07,0.00039828,0.99960154,3.9622545e-09,near_spoilage
IMG_6663.jpg,near_spoilage,8.0,91.0,9,2025-09-24,5,2,/content/drive/MyDrive/spoilage_dataset/dataset_root/near_spoilage/IMG_6663.jpg,3.3404493e-08,2.9153167e-05,0.9999708,1.1068707e-08,near_spoilage
IMG_6331.jpg,slightly_aged,5.0,88.0,0,2025-09-21,2,5,/content/drive/MyDrive/spoilage_dataset/dataset_root/slightly_aged/IMG_6331.jpg,0.0014619856,0.99796224,0.00057547394,3.4452188e-07,slightly_aged
IMG_6332.jpg,slightly_aged,5.0,88.0,0,2025-09-21,2,5,/content/drive/MyDrive/spoilage_dataset/dataset_root/slightly_aged/IMG_6332.jpg,0.0033441873,0.99649894,0.00015664693,6.555326e-08,slightly_aged
IMG_6333.jpg,slightly_aged,5.0,88.0,0,2025-09-21,2,5,/content/drive/MyDrive/spoilage_dataset/dataset_root/slightly_aged/IMG_6333.jpg,0.007544882,0.9919401,0.00051500124,1.08615716e-07,slightly_aged
IMG_6335.jpg,slightly_aged,5.0,88.0,0,2025-09-21,2,5,/content/drive/MyDrive/spoilage_dataset/dataset_root/slightly_aged/IMG_6335.jpg,0.00065561145,0.9964562,0.0028880227,1.4990786e-07,slightly_aged
IMG_6336.jpg,slightly_aged,5.0,88.0,0,2025-09-21,2,5,/content/drive/MyDrive/spoilage_dataset/dataset_root/slightly_aged/IMG_6336.jpg,0.001124059,0.9978667,0.0010093899,5.1150504e-08,slightly_aged
IMG_6337.jpg,slightly_aged,5.0,88.0,0,2025-09-21,2,5,/content/drive/MyDrive/spoilage_dataset/dataset_root/slightly_aged/IMG_6337.jpg,0.00054713123,0.99867517,0.0007776406,2.5218606e-08,slightly_aged
IMG_6338.jpg,slightly_aged,5.0,88.0,0,2025-09-21,2,5,/content/drive/MyDrive/spoilage_dataset/dataset_root/slightly_aged/IMG_6338.jpg,0.0007602886,0.99827707,0.0009625781,4.9485088e-08,slightly_aged
IMG_6339.jpg,slightly_aged,5.0,88.0,0,2025-09-21,2,5,/content/drive/MyDrive/spoilage_dataset/dataset_root/slightly_aged/IMG_6339.jpg,0.0008642541,0.99876803,0.00036761124,5.802332e-08,slightly_aged
IMG_6340.jpg,slightly_aged,5.0,88.0,0,2025-09-21,2,5,/content/drive/MyDrive/spoilage_dataset/dataset_root/slightly_aged/IMG_6340.jpg,0.000553931,0.9990319,0.00041426273,3.910923e-08,slightly_aged
IMG_6342.jpg,slightly_aged,5.0,88.0,0,2025-09-21,2,5,/content/drive/MyDrive/spoilage_dataset/dataset_root/slightly_aged/IMG_6342.jpg,0.0012359939,0.998254,0.00051005126,4.988861e-08,slightly_aged
IMG_6343.jpg,slightly_aged,5.0,88.0,0,2025-09-21,2,5,/content/drive/MyDrive/spoilage_dataset/dataset_root/slightly_aged/IMG_6343.jpg,0.004447353,0.99514115,0.00041135258,1.39725e-07,slightly_aged
IMG_6344.jpg,slightly_aged,5.0,88.0,0,2025-09-21,2,5,/content/drive/MyDrive/spoilage_dataset/dataset_root/slightly_aged/IMG_6344.jpg,0.0021011597,0.9975236,0.00037503146,8.707614e-08,slightly_aged
IMG_6345.jpg,slightly_aged,5.0,88.0,0,2025-09-21,2,5,/content/drive/MyDrive/spoilage_dataset/dataset_root/slightly_aged/IMG_6345.jpg,0.0022057144,0.9973335,0.0004606526,1.5404859e-07,slightly_aged
IMG_6346.jpg,slightly_aged,5.0,88.0,0,2025-09-21,2,5,/content/drive/MyDrive/spoilage_dataset/dataset_root/slightly_aged/IMG_6346.jpg,0.002827767,0.9956404,0.0015316468,1.7523618e-07,slightly_aged
IMG_6347.jpg,slightly_aged,5.0,88.0,0,2025-09-21,2,5,/content/drive/MyDrive/spoilage_dataset/dataset_root/slightly_aged/IMG_6347.jpg,0.0004463748,0.99899966,0.0005539662,3.8329322e-08,slightly_aged
IMG_6348.jpg,slightly_aged,5.0,88.0,0,2025-09-21,2,5,/content/drive/MyDrive/spoilage_dataset/dataset_root/slightly_aged/IMG_6348.jpg,0.21103981,0.7864375,0.002510529,1.2103871e-05,slightly_aged
IMG_6368.jpg,slightly_aged,5.0,88.0,0,2025-09-21,2,5,/content/drive/MyDrive/spoilage_dataset/dataset_root/slightly_aged/IMG_6368.jpg,0.00070264755,0.9991418,0.00015528526,2.511886e-07,slightly_aged
IMG_6369.jpg,slightly_aged,5.0,88.0,0,2025-09-21,2,5,/content/drive/MyDrive/spoilage_dataset/dataset_root/slightly_aged/IMG_6369.jpg,0.0011171784,0.99847084,0.0004107507,1.2331031e-06,slightly_aged
IMG_6370.jpg,slightly_aged,5.0,88.0,0,2025-09-21,2,5,/content/drive/MyDrive/spoilage_dataset/dataset_root/slightly_aged/IMG_6370.jpg,0.0022098643,0.9927434,0.0050376854,9.09681e-06,slightly_aged
IMG_6371.jpg,slightly_aged,5.0,88.0,0,2025-09-21,2,5,/content/drive/MyDrive/spoilage_dataset/dataset_root/slightly_aged/IMG_6371.jpg,0.009535637,0.9886242,0.0018308753,9.309028e-06,slightly_aged
IMG_6372.jpg,slightly_aged,5.0,88.0,0,2025-09-21,2,5,/content/drive/MyDrive/spoilage_dataset/dataset_root/slightly_aged/IMG_6372.jpg,0.0022814425,0.99624133,0.0014687049,8.4971e-06,slightly_aged
IMG_6374.jpg,slightly_aged,5.0,88.0,0,2025-09-21,2,5,/content/drive/MyDrive/spoilage_dataset/dataset_root/slightly_aged/IMG_6374.jpg,0.00030282306,0.99927145,0.00042546075,2.1884523e-07,slightly_aged
IMG_6375.jpg,slightly_aged,5.0,88.0,0,2025-09-21,2,5,/content/drive/MyDrive/spoilage_dataset/dataset_root/slightly_aged/IMG_6375.jpg,0.0003368439,0.99840635,0.0012564396,3.2623672e-07,slightly_aged
IMG_6376.jpg,slightly_aged,5.0,88.0,0,2025-09-21,2,5,/content/drive/MyDrive/spoilage_dataset/dataset_root/slightly_aged/IMG_6376.jpg,0.00033819978,0.99842393,0.0012376322,2.9073774e-07,slightly_aged
IMG_6377.jpg,slightly_aged,5.0,88.0,0,2025-09-21,2,5,/content/drive/MyDrive/spoilage_dataset/dataset_root/slightly_aged/IMG_6377.jpg,0.0018575987,0.9969111,0.0012304416,8.176157e-07,slightly_aged
IMG_6378.jpg,slightly_aged,5.0,88.0,0,2025-09-21,2,5,/content/drive/MyDrive/spoilage_dataset/dataset_root/slightly_aged/IMG_6378.jpg,4.1651034e-05,0.9950258,0.0049322518,2.589565e-07,slightly_aged
IMG_6379.jpg,slightly_aged,5.0,88.0,0,2025-09-21,2,5,/content/drive/MyDrive/spoilage_dataset/dataset_root/slightly_aged/IMG_6379.jpg,0.0011867939,0.9970694,0.0017433366,5.29744e-07,slightly_aged
IMG_6380.jpg,slightly_aged,5.0,88.0,0,2025-09-21,2,5,/content/drive/MyDrive/spoilage_dataset/dataset_root/slightly_aged/IMG_6380.jpg,0.0010995407,0.99693066,0.0019692078,6.4398597e-07,slightly_aged
IMG_6382.jpg,slightly_aged,5.0,88.0,0,2025-09-21,2,5,/content/drive/MyDrive/spoilage_dataset/dataset_root/slightly_aged/IMG_6382.jpg,0.00030214028,0.997609,0.0020798747,8.948092e-06,slightly_aged
IMG_6383.jpg,slightly_aged,5.0,88.0,0,2025-09-21,2,5,/content/drive/MyDrive/spoilage_dataset/dataset_root/slightly_aged/IMG_6383.jpg,0.00039307764,0.9970572,0.0025462238,3.5089613e-06,slightly_aged
IMG_6384.jpg,slightly_aged,5.0,88.0,0,2025-09-21,2,5,/content/drive/MyDrive/spoilage_dataset/dataset_root/slightly_aged/IMG_6384.jpg,0.00025194202,0.9978218,0.0019241846,2.1506894e-06,slightly_aged
IMG_6385.jpg,slightly_aged,5.0,88.0,0,2025-09-21,2,5,/content/drive/MyDrive/spoilage_dataset/dataset_root/slightly_aged/IMG_6385.jpg,0.0008090351,0.9930347,0.0061452608,1.0982255e-05,slightly_aged
IMG_6386.jpg,slightly_aged,5.0,88.0,0,2025-09-21,2,5,/content/drive/MyDrive/spoilage_dataset/dataset_root/slightly_aged/IMG_6386.jpg,0.0026463643,0.99585766,0.0014906513,5.1864317e-06,slightly_aged
IMG_6387.jpg,slightly_aged,5.0,88.0,0,2025-09-21,2,5,/content/drive/MyDrive/spoilage_dataset/dataset_root/slightly_aged/IMG_6387.jpg,0.00043402985,0.99897254,0.00059261854,8.357973e-07,slightly_aged
IMG_6388.jpg,slightly_aged,5.0,88.0,0,2025-09-21,2,5,/content/drive/MyDrive/spoilage_dataset/dataset_root/slightly_aged/IMG_6388.jpg,0.00045456534,0.999295,0.00024842162,1.971315e-06,slightly_aged
IMG_6389.jpg,slightly_aged,5.0,88.0,0,2025-09-21,2,5,/content/drive/MyDrive/spoilage_dataset/dataset_root/slightly_aged/IMG_6389.jpg,0.0030584456,0.995531,0.0014023238,8.263956e-06,slightly_aged
IMG_6391.jpg,slightly_aged,5.0,88.0,0,2025-09-21,2,5,/content/drive/MyDrive/spoilage_dataset/dataset_root/slightly_aged/IMG_6391.jpg,0.00229806,0.9952129,0.0024740226,1.5013291e-05,slightly_aged
IMG_6392.jpg,slightly_aged,5.0,88.0,0,2025-09-21,2,5,/content/drive/MyDrive/spoilage_dataset/dataset_root/slightly_aged/IMG_6392.jpg,0.00049390463,0.99857783,0.00092092965,7.372574e-06,slightly_aged
IMG_6393.jpg,slightly_aged,5.0,88.0,0,2025-09-21,2,5,/content/drive/MyDrive/spoilage_dataset/dataset_root/slightly_aged/IMG_6393.jpg,0.0025175004,0.99073267,0.006739947,9.786399e-06,slightly_aged
IMG_6394.jpg,slightly_aged,5.0,88.0,0,2025-09-21,2,5,/content/drive/MyDrive/spoilage_dataset/dataset_root/slightly_aged/IMG_6394.jpg,0.00033264334,0.994214,0.0054518054,1.516024e-06,slightly_aged
IMG_6395.jpg,slightly_aged,5.0,88.0,0,2025-09-21,2,5,/content/drive/MyDrive/spoilage_dataset/dataset_root/slightly_aged/IMG_6395.jpg,0.00019349108,0.99710363,0.0027007365,2.1384467e-06,slightly_aged
IMG_6396.jpg,slightly_aged,5.0,88.0,0,2025-09-21,2,5,/content/drive/MyDrive/spoilage_dataset/dataset_root/slightly_aged/IMG_6396.jpg,0.000296532,0.9957163,0.0039855326,1.639751e-06,slightly_aged
IMG_6397.jpg,slightly_aged,5.0,88.0,0,2025-09-21,2,5,/content/drive/MyDrive/spoilage_dataset/dataset_root/slightly_aged/IMG_6397.jpg,0.00020185707,0.99632853,0.0034665891,3.0109015e-06,slightly_aged
IMG_6399.jpg,slightly_aged,5.0,88.0,0,2025-09-21,2,5,/content/drive/MyDrive/spoilage_dataset/dataset_root/slightly_aged/IMG_6399.jpg,7.263911e-05,0.9979929,0.0019330687,1.3695468e-06,slightly_aged
IMG_6400.jpg,slightly_aged,5.0,88.0,0,2025-09-21,2,5,/content/drive/MyDrive/spoilage_dataset/dataset_root/slightly_aged/IMG_6400.jpg,6.901835e-05,0.99869764,0.0012330158,2.0707537e-07,slightly_aged
IMG_6401.jpg,slightly_aged,5.0,88.0,0,2025-09-21,2,5,/content/drive/MyDrive/spoilage_dataset/dataset_root/slightly_aged/IMG_6401.jpg,0.0030049968,0.9962165,0.0007779316,5.608277e-07,slightly_aged
IMG_6402.jpg,slightly_aged,5.0,88.0,0,2025-09-21,2,5,/content/drive/MyDrive/spoilage_dataset/dataset_root/slightly_aged/IMG_6402.jpg,0.00054228,0.9964682,0.0029885678,9.559353e-07,slightly_aged
IMG_6403.jpg,slightly_aged,5.0,88.0,0,2025-09-21,2,5,/content/drive/MyDrive/spoilage_dataset/dataset_root/slightly_aged/IMG_6403.jpg,6.851206e-05,0.9994282,0.00050312665,8.8095014e-08,slightly_aged
IMG_6404.jpg,slightly_aged,5.0,88.0,0,2025-09-21,2,5,/content/drive/MyDrive/spoilage_dataset/dataset_root/slightly_aged/IMG_6404.jpg,0.00058719574,0.9974567,0.00195565,4.5920757e-07,slightly_aged
IMG_6405.jpg,slightly_aged,5.0,88.0,0,2025-09-21,2,5,/content/drive/MyDrive/spoilage_dataset/dataset_root/slightly_aged/IMG_6405.jpg,0.00052713195,0.9841875,0.015280012,5.430678e-06,slightly_aged
IMG_6407.jpg,slightly_aged,5.0,88.0,0,2025-09-21,2,5,/content/drive/MyDrive/spoilage_dataset/dataset_root/slightly_aged/IMG_6407.jpg,0.00022905713,0.9945629,0.005206892,1.169627e-06,slightly_aged
IMG_6408.jpg,slightly_aged,5.0,88.0,0,2025-09-21,2,5,/content/drive/MyDrive/spoilage_dataset/dataset_root/slightly_aged/IMG_6408.jpg,0.00021539717,0.99731773,0.0024664365,3.5009106e-07,slightly_aged
IMG_6409.jpg,slightly_aged,5.0,88.0,0,2025-09-21,2,5,/content/drive/MyDrive/spoilage_dataset/dataset_root/slightly_aged/IMG_6409.jpg,0.00034704045,0.99851006,0.0011426214,2.3022304e-07,slightly_aged
IMG_6410.jpg,slightly_aged,5.0,88.0,0,2025-09-21,2,5,/content/drive/MyDrive/spoilage_dataset/dataset_root/slightly_aged/IMG_6410.jpg,0.00030017228,0.99214655,0.0075509986,2.2358258e-06,slightly_aged
IMG_6411.jpg,slightly_aged,5.0,88.0,0,2025-09-21,2,5,/content/drive/MyDrive/spoilage_dataset/dataset_root/slightly_aged/IMG_6411.jpg,0.00017684259,0.9973443,0.0024783069,6.4803857e-07,slightly_aged
IMG_6412.jpg,slightly_aged,5.0,88.0,0,2025-09-21,2,5,/content/drive/MyDrive/spoilage_dataset/dataset_root/slightly_aged/IMG_6412.jpg,0.00025930855,0.9974667,0.0022736087,4.1142513e-07,slightly_aged
IMG_6413.jpg,slightly_aged,5.0,88.0,0,2025-09-21,2,5,/content/drive/MyDrive/spoilage_dataset/dataset_root/slightly_aged/IMG_6413.jpg,0.0011090989,0.9946209,0.0042690667,8.9471104e-07,slightly_aged
IMG_6414.jpg,slightly_aged,5.0,88.0,0,2025-09-21,2,5,/content/drive/MyDrive/spoilage_dataset/dataset_root/slightly_aged/IMG_6414.jpg,0.00014638572,0.9990355,0.0008180609,1.2107e-07,slightly_aged
IMG_6415.jpg,slightly_aged,5.0,88.0,0,2025-09-21,2,5,/content/drive/MyDrive/spoilage_dataset/dataset_root/slightly_aged/IMG_6415.jpg,0.0005878138,0.9989172,0.00049493107,9.5317006e-08,slightly_aged
IMG_6416.jpg,slightly_aged,5.0,88.0,0,2025-09-21,2,5,/content/drive/MyDrive/spoilage_dataset/dataset_root/slightly_aged/IMG_6416.jpg,0.0036020721,0.99616456,0.00022976057,3.5853657e-06,slightly_aged
IMG_6417.jpg,slightly_aged,5.0,88.0,0,2025-09-21,2,5,/content/drive/MyDrive/spoilage_dataset/dataset_root/slightly_aged/IMG_6417.jpg,0.0048630442,0.995048,8.8580426e-05,3.2369945e-07,slightly_aged
IMG_6418.jpg,slightly_aged,5.0,88.0,0,2025-09-21,2,5,/content/drive/MyDrive/spoilage_dataset/dataset_root/slightly_aged/IMG_6418.jpg,0.005009778,0.9947345,0.00025465223,1.0131829e-06,slightly_aged
IMG_6419.jpg,slightly_aged,5.0,88.0,0,2025-09-21,2,5,/content/drive/MyDrive/spoilage_dataset/dataset_root/slightly_aged/IMG_6419.jpg,0.002801799,0.9967084,0.00048628685,3.4244551e-06,slightly_aged
IMG_6420.jpg,slightly_aged,5.0,88.0,0,2025-09-21,2,5,/content/drive/MyDrive/spoilage_dataset/dataset_root/slightly_aged/IMG_6420.jpg,0.025421763,0.9742846,0.00029236244,1.319594e-06,slightly_aged
IMG_6421.jpg,slightly_aged,5.0,88.0,0,2025-09-21,2,5,/content/drive/MyDrive/spoilage_dataset/dataset_root/slightly_aged/IMG_6421.jpg,0.0055971514,0.99431026,9.154722e-05,1.0364087e-06,slightly_aged
IMG_6422.jpg,slightly_aged,5.0,88.0,0,2025-09-21,2,5,/content/drive/MyDrive/spoilage_dataset/dataset_root/slightly_aged/IMG_6422.jpg,0.02399691,0.97572714,0.0002737872,2.185088e-06,slightly_aged
IMG_6423.jpg,slightly_aged,5.0,88.0,0,2025-09-21,2,5,/content/drive/MyDrive/spoilage_dataset/dataset_root/slightly_aged/IMG_6423.jpg,0.0043038027,0.9953746,0.00032089924,7.410339e-07,slightly_aged
IMG_6424.jpg,slightly_aged,5.0,88.0,0,2025-09-21,2,5,/content/drive/MyDrive/spoilage_dataset/dataset_root/slightly_aged/IMG_6424.jpg,0.003616846,0.996307,7.549651e-05,6.0576195e-07,slightly_aged
IMG_6425.jpg,slightly_aged,5.0,88.0,0,2025-09-21,2,5,/content/drive/MyDrive/spoilage_dataset/dataset_root/slightly_aged/IMG_6425.jpg,0.00623919,0.9936923,6.799087e-05,6.4745063e-07,slightly_aged
IMG_6426.jpg,slightly_aged,5.0,88.0,0,2025-09-21,2,5,/content/drive/MyDrive/spoilage_dataset/dataset_root/slightly_aged/IMG_6426.jpg,0.015032776,0.98475534,0.0002112385,7.624635e-07,slightly_aged
IMG_6427.jpg,slightly_aged,5.0,88.0,0,2025-09-21,2,5,/content/drive/MyDrive/spoilage_dataset/dataset_root/slightly_aged/IMG_6427.jpg,0.0016164345,0.9983646,1.8673323e-05,2.7449786e-07,slightly_aged
IMG_6428.jpg,slightly_aged,5.0,88.0,0,2025-09-21,2,5,/content/drive/MyDrive/spoilage_dataset/dataset_root/slightly_aged/IMG_6428.jpg,0.0048479936,0.99458957,0.00055510446,7.370864e-06,slightly_aged
IMG_6429.jpg,slightly_aged,5.0,88.0,0,2025-09-21,2,5,/content/drive/MyDrive/spoilage_dataset/dataset_root/slightly_aged/IMG_6429.jpg,0.0071603768,0.9917076,0.0011264918,5.403214e-06,slightly_aged
IMG_6430.jpg,slightly_aged,5.0,88.0,0,2025-09-21,2,5,/content/drive/MyDrive/spoilage_dataset/dataset_root/slightly_aged/IMG_6430.jpg,0.029585574,0.9702168,0.0001957915,1.8114247e-06,slightly_aged
IMG_6431.jpg,slightly_aged,5.0,88.0,0,2025-09-21,2,5,/content/drive/MyDrive/spoilage_dataset/dataset_root/slightly_aged/IMG_6431.jpg,0.012803241,0.9864612,0.00072922115,6.3807715e-06,slightly_aged
IMG_6434.jpg,slightly_aged,5.0,88.0,0,2025-09-21,2,5,/content/drive/MyDrive/spoilage_dataset/dataset_root/slightly_aged/IMG_6434.jpg,0.04886821,0.9509897,0.00014147614,5.8668275e-07,slightly_aged
IMG_6435.jpg,slightly_aged,5.0,88.0,0,2025-09-21,2,5,/content/drive/MyDrive/spoilage_dataset/dataset_root/slightly_aged/IMG_6435.jpg,0.02799691,0.9717999,0.00020259224,5.6491217e-07,slightly_aged
IMG_6436.jpg,slightly_aged,5.0,88.0,0,2025-09-21,2,5,/content/drive/MyDrive/spoilage_dataset/dataset_root/slightly_aged/IMG_6436.jpg,0.011858402,0.98804665,9.464292e-05,2.764131e-07,slightly_aged
IMG_6437.jpg,slightly_aged,5.0,88.0,0,2025-09-21,2,5,/content/drive/MyDrive/spoilage_dataset/dataset_root/slightly_aged/IMG_6437.jpg,0.019425692,0.9805432,3.1010917e-05,1.13934696e-07,slightly_aged
IMG_6438.jpg,slightly_aged,5.0,88.0,0,2025-09-21,2,5,/content/drive/MyDrive/spoilage_dataset/dataset_root/slightly_aged/IMG_6438.jpg,0.00880006,0.99112576,7.40042e-05,2.9185983e-07,slightly_aged
IMG_6439.jpg,slightly_aged,5.0,88.0,0,2025-09-21,2,5,/content/drive/MyDrive/spoilage_dataset/dataset_root/slightly_aged/IMG_6439.jpg,0.042598374,0.9572737,0.00012761427,3.6497264e-07,slightly_aged
IMG_6440.jpg,slightly_aged,5.0,88.0,0,2025-09-21,2,5,/content/drive/MyDrive/spoilage_dataset/dataset_root/slightly_aged/IMG_6440.jpg,0.022639059,0.97704905,0.0003113322,6.1696556e-07,slightly_aged
IMG_6441.jpg,slightly_aged,5.0,88.0,0,2025-09-21,2,5,/content/drive/MyDrive/spoilage_dataset/dataset_root/slightly_aged/IMG_6441.jpg,0.016392281,0.9834563,0.000150324,1.1041951e-06,slightly_aged
IMG_6442.jpg,slightly_aged,5.0,88.0,0,2025-09-21,2,5,/content/drive/MyDrive/spoilage_dataset/dataset_root/slightly_aged/IMG_6442.jpg,0.006689033,0.99328643,2.4383395e-05,1.3513105e-07,slightly_aged
IMG_6443.jpg,slightly_aged,5.0,88.0,1,2025-09-21,2,5,/content/drive/MyDrive/spoilage_dataset/dataset_root/slightly_aged/IMG_6443.jpg,0.003993079,0.99590683,9.975293e-05,3.8037285e-07,slightly_aged
IMG_6444.jpg,slightly_aged,5.0,88.0,1,2025-09-21,2,5,/content/drive/MyDrive/spoilage_dataset/dataset_root/slightly_aged/IMG_6444.jpg,0.034138944,0.9652082,0.0006512375,1.5971318e-06,slightly_aged
IMG_6445.jpg,slightly_aged,5.0,88.0,1,2025-09-21,2,5,/content/drive/MyDrive/spoilage_dataset/dataset_root/slightly_aged/IMG_6445.jpg,0.008307182,0.9913769,0.00031491622,9.431884e-07,slightly_aged
IMG_6446.jpg,slightly_aged,5.0,88.0,1,2025-09-21,2,5,/content/drive/MyDrive/spoilage_dataset/dataset_root/slightly_aged/IMG_6446.jpg,0.008004079,0.99171185,0.00028277168,1.3051441e-06,slightly_aged
IMG_6447.jpg,slightly_aged,5.0,88.0,1,2025-09-21,2,5,/content/drive/MyDrive/spoilage_dataset/dataset_root/slightly_aged/IMG_6447.jpg,0.006215612,0.99318427,0.00059810106,2.0490031e-06,slightly_aged
IMG_6448.jpg,slightly_aged,5.0,88.0,1,2025-09-21,2,5,/content/drive/MyDrive/spoilage_dataset/dataset_root/slightly_aged/IMG_6448.jpg,0.0045557693,0.99539465,4.9462047e-05,8.341588e-08,slightly_aged
IMG_6449.jpg,slightly_aged,5.0,88.0,1,2025-09-21,2,5,/content/drive/MyDrive/spoilage_dataset/dataset_root/slightly_aged/IMG_6449.jpg,0.004236432,0.9957159,4.6883764e-05,6.597341e-07,slightly_aged
IMG_6450.jpg,slightly_aged,5.0,88.0,1,2025-09-21,2,5,/content/drive/MyDrive/spoilage_dataset/dataset_root/slightly_aged/IMG_6450.jpg,0.013434816,0.98642147,0.00014288431,8.4388535e-07,slightly_aged
IMG_6451.jpg,slightly_aged,5.0,88.0,1,2025-09-21,2,5,/content/drive/MyDrive/spoilage_dataset/dataset_root/slightly_aged/IMG_6451.jpg,0.016232474,0.9834087,0.00035769862,1.2183436e-06,slightly_aged
IMG_6452.jpg,slightly_aged,5.0,88.0,1,2025-09-21,2,5,/content/drive/MyDrive/spoilage_dataset/dataset_root/slightly_aged/IMG_6452.jpg,0.030995728,0.96865773,0.0003454575,1.0794198e-06,slightly_aged
IMG_6453.jpg,slightly_aged,5.0,88.0,1,2025-09-21,2,5,/content/drive/MyDrive/spoilage_dataset/dataset_root/slightly_aged/IMG_6453.jpg,1.5523769e-09,0.9999267,7.2889474e-05,4.6491812e-07,slightly_aged
IMG_6454.jpg,slightly_aged,5.0,88.0,1,2025-09-21,2,5,/content/drive/MyDrive/spoilage_dataset/dataset_root/slightly_aged/IMG_6454.jpg,0.8528987,0.1437722,0.0033079681,2.1178315e-05,fresh
IMG_6455.jpg,slightly_aged,5.0,88.0,1,2025-09-21,2,5,/content/drive/MyDrive/spoilage_dataset/dataset_root/slightly_aged/IMG_6455.jpg,0.22786336,0.7709107,0.0011391467,8.68576e-05,slightly_aged
IMG_6456.jpg,slightly_aged,5.0,88.0,1,2025-09-21,2,5,/content/drive/MyDrive/spoilage_dataset/dataset_root/slightly_aged/IMG_6456.jpg,0.6680677,0.33136675,0.0005628194,2.8220545e-06,fresh
IMG_6457.jpg,slightly_aged,5.0,88.0,1,2025-09-21,2,5,/content/drive/MyDrive/spoilage_dataset/dataset_root/slightly_aged/IMG_6457.jpg,0.27732182,0.72202647,0.0006472255,4.4921317e-06,slightly_aged
IMG_6458.jpg,slightly_aged,5.0,88.0,1,2025-09-21,2,5,/content/drive/MyDrive/spoilage_dataset/dataset_root/slightly_aged/IMG_6458.jpg,0.3730697,0.6261059,0.00081813586,6.260112e-06,slightly_aged
IMG_6459.jpg,slightly_aged,5.0,88.0,1,2025-09-21,2,5,/content/drive/MyDrive/spoilage_dataset/dataset_root/slightly_aged/IMG_6459.jpg,0.17824064,0.8208215,0.0009349902,2.9825114e-06,slightly_aged
IMG_6460.jpg,slightly_aged,5.0,88.0,1,2025-09-21,2,5,/content/drive/MyDrive/spoilage_dataset/dataset_root/slightly_aged/IMG_6460.jpg,0.09159318,0.9082683,0.0001375784,8.2905404e-07,slightly_aged
IMG_6461.jpg,slightly_aged,5.0,88.0,1,2025-09-21,2,5,/content/drive/MyDrive/spoilage_dataset/dataset_root/slightly_aged/IMG_6461.jpg,0.06795031,0.93061084,0.0014320351,6.909024e-06,slightly_aged
IMG_6462.jpg,slightly_aged,5.0,88.0,1,2025-09-21,2,5,/content/drive/MyDrive/spoilage_dataset/dataset_root/slightly_aged/IMG_6462.jpg,0.2578211,0.7417714,0.00040237475,5.168607e-06,slightly_aged
IMG_6463.jpg,slightly_aged,5.0,88.0,1,2025-09-21,2,5,/content/drive/MyDrive/spoilage_dataset/dataset_root/slightly_aged/IMG_6463.jpg,0.18106866,0.81838703,0.00054141186,2.8573936e-06,slightly_aged
IMG_6464.jpg,slightly_aged,5.0,88.0,1,2025-09-21,2,5,/content/drive/MyDrive/spoilage_dataset/dataset_root/slightly_aged/IMG_6464.jpg,0.5640431,0.43529314,0.0006600299,3.7981968e-06,fresh
IMG_6465.jpg,slightly_aged,5.0,88.0,1,2025-09-21,2,5,/content/drive/MyDrive/spoilage_dataset/dataset_root/slightly_aged/IMG_6465.jpg,0.7492554,0.25057894,0.00016415791,1.5406362e-06,fresh
IMG_6466.jpg,slightly_aged,5.0,88.0,1,2025-09-21,2,5,/content/drive/MyDrive/spoilage_dataset/dataset_root/slightly_aged/IMG_6466.jpg,0.4463193,0.5532831,0.00039584766,1.7422636e-06,slightly_aged
IMG_6467.jpg,slightly_aged,5.0,88.0,1,2025-09-21,2,5,/content/drive/MyDrive/spoilage_dataset/dataset_root/slightly_aged/IMG_6467.jpg,0.00022084215,0.74262595,0.2571282,2.4933563e-05,slightly_aged
IMG_6468.jpg,slightly_aged,5.0,88.0,1,2025-09-21,2,5,/content/drive/MyDrive/spoilage_dataset/dataset_root/slightly_aged/IMG_6468.jpg,0.00028474626,0.378851,0.62085646,7.770885e-06,near_spoilage
IMG_6469.jpg,slightly_aged,5.0,88.0,1,2025-09-21,2,5,/content/drive/MyDrive/spoilage_dataset/dataset_root/slightly_aged/IMG_6469.jpg,0.00081072963,0.7893128,0.20985885,1.766276e-05,slightly_aged
IMG_6470.jpg,slightly_aged,5.0,88.0,1,2025-09-21,2,5,/content/drive/MyDrive/spoilage_dataset/dataset_root/slightly_aged/IMG_6470.jpg,0.00029129605,0.6898763,0.3098129,1.9372937e-05,slightly_aged
IMG_6471.jpg,slightly_aged,5.0,88.0,1,2025-09-21,2,5,/content/drive/MyDrive/spoilage_dataset/dataset_root/slightly_aged/IMG_6471.jpg,7.449909e-05,0.9247015,0.07522325,8.094678e-07,slightly_aged
IMG_6472.jpg,slightly_aged,5.0,88.0,1,2025-09-21,2,5,/content/drive/MyDrive/spoilage_dataset/dataset_root/slightly_aged/IMG_6472.jpg,2.5197537e-06,0.8480599,0.15193729,3.3020407e-07,slightly_aged
IMG_6473.jpg,slightly_aged,5.0,88.0,1,2025-09-21,2,5,/content/drive/MyDrive/spoilage_dataset/dataset_root/slightly_aged/IMG_6473.jpg,1.4542524e-05,0.98656034,0.0134246675,4.6369766e-07,slightly_aged
IMG_6474.jpg,slightly_aged,5.0,88.0,1,2025-09-21,2,5,/content/drive/MyDrive/spoilage_dataset/dataset_root/slightly_aged/IMG_6474.jpg,3.183095e-05,0.8417196,0.15824625,2.295963e-06,slightly_aged
IMG_6475.jpg,slightly_aged,5.0,88.0,1,2025-09-21,2,5,/content/drive/MyDrive/spoilage_dataset/dataset_root/slightly_aged/IMG_6475.jpg,1.7572407e-05,0.98736984,0.012612451,2.1948317e-07,slightly_aged
IMG_6476.jpg,slightly_aged,5.0,88.0,1,2025-09-21,2,5,/content/drive/MyDrive/spoilage_dataset/dataset_root/slightly_aged/IMG_6476.jpg,1.2534654e-05,0.911943,0.08804403,4.443221e-07,slightly_aged
IMG_6477.jpg,slightly_aged,5.0,88.0,1,2025-09-21,2,5,/content/drive/MyDrive/spoilage_dataset/dataset_root/slightly_aged/IMG_6477.jpg,7.755778e-06,0.9650313,0.0349609,1.0444833e-07,slightly_aged
IMG_6479.jpg,slightly_aged,5.0,88.0,1,2025-09-21,2,5,/content/drive/MyDrive/spoilage_dataset/dataset_root/slightly_aged/IMG_6479.jpg,6.1492386e-07,0.93958867,0.06041075,4.7341565e-08,slightly_aged
IMG_6480.jpg,slightly_aged,5.0,88.0,1,2025-09-21,2,5,/content/drive/MyDrive/spoilage_dataset/dataset_root/slightly_aged/IMG_6480.jpg,1.2004516e-06,0.89504766,0.104951136,2.6557977e-08,slightly_aged
IMG_6481.jpg,slightly_aged,5.0,88.0,1,2025-09-21,2,5,/content/drive/MyDrive/spoilage_dataset/dataset_root/slightly_aged/IMG_6481.jpg,6.4551914e-06,0.9161935,0.08379999,1.0742479e-07,slightly_aged
IMG_6482.jpg,slightly_aged,5.0,88.0,1,2025-09-21,2,5,/content/drive/MyDrive/spoilage_dataset/dataset_root/slightly_aged/IMG_6482.jpg,1.3156803e-06,0.98843443,0.011564243,2.967157e-08,slightly_aged
IMG_6483.jpg,slightly_aged,5.0,88.0,1,2025-09-21,2,5,/content/drive/MyDrive/spoilage_dataset/dataset_root/slightly_aged/IMG_6483.jpg,7.782665e-06,0.98196006,0.018031811,3.6054143e-07,slightly_aged
IMG_6484.jpg,slightly_aged,5.0,88.0,1,2025-09-21,2,5,/content/drive/MyDrive/spoilage_dataset/dataset_root/slightly_aged/IMG_6484.jpg,3.7222765e-06,0.60485196,0.39514375,6.078582e-07,slightly_aged
IMG_6485.jpg,slightly_aged,5.0,88.0,1,2025-09-21,2,5,/content/drive/MyDrive/spoilage_dataset/dataset_root/slightly_aged/IMG_6485.jpg,6.6804664e-06,0.87618387,0.123808615,8.610816e-07,slightly_aged
IMG_6486.jpg,slightly_aged,5.0,88.0,1,2025-09-21,2,5,/content/drive/MyDrive/spoilage_dataset/dataset_root/slightly_aged/IMG_6486.jpg,0.98117673,0.018660765,0.00016136067,1.0491681e-06,fresh
IMG_6487.jpg,slightly_aged,5.0,88.0,1,2025-09-21,2,5,/content/drive/MyDrive/spoilage_dataset/dataset_root/slightly_aged/IMG_6487.jpg,0.988931,0.0109994495,6.932391e-05,2.8857275e-07,fresh
IMG_6488.jpg,slightly_aged,5.0,88.0,1,2025-09-21,2,5,/content/drive/MyDrive/spoilage_dataset/dataset_root/slightly_aged/IMG_6488.jpg,0.9752695,0.024584169,0.00014598714,3.8891142e-07,fresh
IMG_6489.jpg,slightly_aged,5.0,88.0,1,2025-09-21,2,5,/content/drive/MyDrive/spoilage_dataset/dataset_root/slightly_aged/IMG_6489.jpg,0.9831166,0.016597128,0.00028508907,1.0926209e-06,fresh
IMG_6490.jpg,slightly_aged,5.0,88.0,1,2025-09-21,2,5,/content/drive/MyDrive/spoilage_dataset/dataset_root/slightly_aged/IMG_6490.jpg,0.9892805,0.010665568,5.3451055e-05,4.9887564e-07,fresh
IMG_6491.jpg,slightly_aged,5.0,88.0,1,2025-09-21,2,5,/content/drive/MyDrive/spoilage_dataset/dataset_root/slightly_aged/IMG_6491.jpg,0.9611462,0.038524847,0.0003248879,3.962707e-06,fresh
IMG_6492.jpg,slightly_aged,5.0,88.0,1,2025-09-21,2,5,/content/drive/MyDrive/spoilage_dataset/dataset_root/slightly_aged/IMG_6492.jpg,0.9955022,0.004386325,0.000110152105,1.4672281e-06,fresh
IMG_6493.jpg,slightly_aged,5.0,88.0,1,2025-09-21,2,5,/content/drive/MyDrive/spoilage_dataset/dataset_root/slightly_aged/IMG_6493.jpg,0.96172744,0.037899062,0.00037238866,1.1654548e-06,fresh
IMG_6494.jpg,slightly_aged,5.0,88.0,1,2025-09-21,2,5,/content/drive/MyDrive/spoilage_dataset/dataset_root/slightly_aged/IMG_6494.jpg,0.9807237,0.019155078,0.000120550096,6.557552e-07,fresh
IMG_6495.jpg,slightly_aged,5.0,88.0,1,2025-09-21,2,5,/content/drive/MyDrive/spoilage_dataset/dataset_root/slightly_aged/IMG_6495.jpg,0.112066,0.8862353,0.001698083,6.0614053e-07,slightly_aged
IMG_6496.jpg,slightly_aged,5.0,88.0,1,2025-09-21,2,5,/content/drive/MyDrive/spoilage_dataset/dataset_root/slightly_aged/IMG_6496.jpg,0.15393265,0.8430983,0.002969008,4.987853e-08,slightly_aged
IMG_6497.jpg,slightly_aged,5.0,88.0,1,2025-09-21,2,5,/content/drive/MyDrive/spoilage_dataset/dataset_root/slightly_aged/IMG_6497.jpg,0.12143403,0.8776699,0.00089592865,1.6273049e-07,slightly_aged
IMG_6498.jpg,slightly_aged,5.0,88.0,1,2025-09-21,2,5,/content/drive/MyDrive/spoilage_dataset/dataset_root/slightly_aged/IMG_6498.jpg,0.38350648,0.60515803,0.011334648,8.324287e-07,slightly_aged
IMG_6499.jpg,slightly_aged,5.0,88.0,1,2025-09-21,2,5,/content/drive/MyDrive/spoilage_dataset/dataset_root/slightly_aged/IMG_6499.jpg,0.17640077,0.8207471,0.0028518783,2.6563293e-07,slightly_aged
IMG_6500.jpg,slightly_aged,5.0,88.0,1,2025-09-21,2,5,/content/drive/MyDrive/spoilage_dataset/dataset_root/slightly_aged/IMG_6500.jpg,0.8182354,0.18100385,0.00076068484,9.825365e-08,fresh
IMG_6501.jpg,slightly_aged,5.0,88.0,1,2025-09-21,2,5,/content/drive/MyDrive/spoilage_dataset/dataset_root/slightly_aged/IMG_6501.jpg,0.5850406,0.41368213,0.0012768904,2.8820784e-07,fresh
IMG_6502.jpg,slightly_aged,5.0,88.0,1,2025-09-21,2,5,/content/drive/MyDrive/spoilage_dataset/dataset_root/slightly_aged/IMG_6502.jpg,0.26500636,0.7326756,0.002317818,2.4979596e-07,slightly_aged
IMG_6503.jpg,slightly_aged,5.0,88.0,1,2025-09-21,2,5,/content/drive/MyDrive/spoilage_dataset/dataset_root/slightly_aged/IMG_6503.jpg,0.4417349,0.55792534,0.00033943908,2.6883575e-07,slightly_aged
IMG_6504.jpg,slightly_aged,5.0,88.0,1,2025-09-21,2,5,/content/drive/MyDrive/spoilage_dataset/dataset_root/slightly_aged/IMG_6504.jpg,0.5756415,0.42384648,0.000511694,2.7833892e-07,fresh
IMG_6505.jpg,slightly_aged,5.0,88.0,1,2025-09-21,2,5,/content/drive/MyDrive/spoilage_dataset/dataset_root/slightly_aged/IMG_6505.jpg,0.99468935,0.0045861513,0.00071168697,1.2821555e-05,fresh
IMG_6506.jpg,slightly_aged,5.0,88.0,1,2025-09-21,2,5,/content/drive/MyDrive/spoilage_dataset/dataset_root/slightly_aged/IMG_6506.jpg,0.23572892,0.76374507,0.00051833247,7.6411325e-06,slightly_aged
IMG_6507.jpg,slightly_aged,5.0,88.0,1,2025-09-21,2,5,/content/drive/MyDrive/spoilage_dataset/dataset_root/slightly_aged/IMG_6507.jpg,0.20983753,0.7894748,0.0006645822,2.3102875e-05,slightly_aged
IMG_6508.jpg,slightly_aged,5.0,88.0,1,2025-09-21,2,5,/content/drive/MyDrive/spoilage_dataset/dataset_root/slightly_aged/IMG_6508.jpg,0.27331322,0.7263234,0.00035013125,1.319845e-05,slightly_aged
IMG_6510.jpg,slightly_aged,5.0,88.0,1,2025-09-21,2,5,/content/drive/MyDrive/spoilage_dataset/dataset_root/slightly_aged/IMG_6510.jpg,0.4278492,0.57124126,0.000888996,2.0515163e-05,slightly_aged
IMG_6511.jpg,slightly_aged,5.0,88.0,1,2025-09-21,2,5,/content/drive/MyDrive/spoilage_dataset/dataset_root/slightly_aged/IMG_6511.jpg,0.3140741,0.6854255,0.0004887891,1.1611714e-05,slightly_aged
IMG_6512.jpg,slightly_aged,5.0,88.0,1,2025-09-21,2,5,/content/drive/MyDrive/spoilage_dataset/dataset_root/slightly_aged/IMG_6512.jpg,0.21140315,0.7882136,0.00037865722,4.5635243e-06,slightly_aged
IMG_6513.jpg,slightly_aged,5.0,88.0,1,2025-09-21,2,5,/content/drive/MyDrive/spoilage_dataset/dataset_root/slightly_aged/IMG_6513.jpg,0.13514635,0.86446434,0.00038716375,2.1882095e-06,slightly_aged
IMG_6514.jpg,slightly_aged,5.0,88.0,1,2025-09-21,2,5,/content/drive/MyDrive/spoilage_dataset/dataset_root/slightly_aged/IMG_6514.jpg,0.1324486,0.8668684,0.0006765966,6.5156332e-06,slightly_aged
IMG_6515.jpg,slightly_aged,5.0,88.0,1,2025-09-21,2,5,/content/drive/MyDrive/spoilage_dataset/dataset_root/slightly_aged/IMG_6515.jpg,0.25530759,0.7443014,0.00038187334,9.146226e-06,slightly_aged
IMG_6516.jpg,slightly_aged,5.0,88.0,1,2025-09-21,2,5,/content/drive/MyDrive/spoilage_dataset/dataset_root/slightly_aged/IMG_6516.jpg,0.29725716,0.7011817,0.0015074626,5.3562795e-05,slightly_aged
IMG_6518.jpg,slightly_aged,5.0,88.0,1,2025-09-21,2,5,/content/drive/MyDrive/spoilage_dataset/dataset_root/slightly_aged/IMG_6518.jpg,0.33584058,0.66309226,0.0010522706,1.4852843e-05,slightly_aged
IMG_6519.jpg,slightly_aged,5.0,88.0,1,2025-09-21,2,5,/content/drive/MyDrive/spoilage_dataset/dataset_root/slightly_aged/IMG_6519.jpg,0.58497816,0.41392475,0.0010510549,4.6033398e-05,fresh
IMG_6520.jpg,slightly_aged,5.0,88.0,1,2025-09-21,2,5,/content/drive/MyDrive/spoilage_dataset/dataset_root/slightly_aged/IMG_6520.jpg,0.40273693,0.596508,0.0007346906,2.0427124e-05,slightly_aged
IMG_6543.jpg,slightly_aged,5.0,88.0,2,2025-09-21,2,5,/content/drive/MyDrive/spoilage_dataset/dataset_root/slightly_aged/IMG_6543.jpg,0.15998589,0.8396661,0.0003470346,1.0184211e-06,slightly_aged
IMG_6544.jpg,slightly_aged,5.0,88.0,2,2025-09-21,2,5,/content/drive/MyDrive/spoilage_dataset/dataset_root/slightly_aged/IMG_6544.jpg,0.04714459,0.9506483,0.0022062042,9.2680375e-07,slightly_aged
IMG_6545.jpg,slightly_aged,5.0,88.0,2,2025-09-21,2,5,/content/drive/MyDrive/spoilage_dataset/dataset_root/slightly_aged/IMG_6545.jpg,0.060687345,0.93916357,0.00014818636,8.8396865e-07,slightly_aged
IMG_6546.jpg,slightly_aged,5.0,88.0,2,2025-09-21,2,5,/content/drive/MyDrive/spoilage_dataset/dataset_root/slightly_aged/IMG_6546.jpg,0.07225657,0.92616093,0.0015800486,2.4493156e-06,slightly_aged
IMG_6547.jpg,slightly_aged,5.0,88.0,2,2025-09-21,2,5,/content/drive/MyDrive/spoilage_dataset/dataset_root/slightly_aged/IMG_6547.jpg,0.06741162,0.93229485,0.00029274737,7.9923217e-07,slightly_aged
IMG_6548.jpg,slightly_aged,5.0,88.0,2,2025-09-21,2,5,/content/drive/MyDrive/spoilage_dataset/dataset_root/slightly_aged/IMG_6548.jpg,0.14364953,0.8558463,0.0005040832,1.5260343e-07,slightly_aged
IMG_6549.jpg,slightly_aged,5.0,88.0,2,2025-09-21,2,5,/content/drive/MyDrive/spoilage_dataset/dataset_root/slightly_aged/IMG_6549.jpg,0.070058435,0.9288545,0.0010857882,1.2458627e-06,slightly_aged
IMG_6550.jpg,slightly_aged,5.0,88.0,2,2025-09-21,2,5,/content/drive/MyDrive/spoilage_dataset/dataset_root/slightly_aged/IMG_6550.jpg,0.02837368,0.97130007,0.00032569602,4.0550395e-07,slightly_aged
IMG_6552.jpg,slightly_aged,5.0,88.0,2,2025-09-21,2,5,/content/drive/MyDrive/spoilage_dataset/dataset_root/slightly_aged/IMG_6552.jpg,0.0036198122,0.99586487,0.0005143213,1.0761407e-06,slightly_aged
IMG_6553.jpg,slightly_aged,5.0,88.0,2,2025-09-21,2,5,/content/drive/MyDrive/spoilage_dataset/dataset_root/slightly_aged/IMG_6553.jpg,0.0015404493,0.998323,0.00013630005,2.2019204e-07,slightly_aged
IMG_6554.jpg,slightly_aged,5.0,88.0,2,2025-09-21,2,5,/content/drive/MyDrive/spoilage_dataset/dataset_root/slightly_aged/IMG_6554.jpg,0.0017242199,0.99810094,0.00017453848,3.1801673e-07,slightly_aged
IMG_6555.jpg,slightly_aged,5.0,88.0,2,2025-09-21,2,5,/content/drive/MyDrive/spoilage_dataset/dataset_root/slightly_aged/IMG_6555.jpg,0.0035956018,0.99590826,0.0004943684,1.7412398e-06,slightly_aged
IMG_6556.jpg,slightly_aged,5.0,88.0,2,2025-09-21,2,5,/content/drive/MyDrive/spoilage_dataset/dataset_root/slightly_aged/IMG_6556.jpg,0.002553939,0.9967998,0.0006441595,2.0521013e-06,slightly_aged
IMG_6614.jpg,slightly_aged,5.0,88.0,2,2025-09-21,2,5,/content/drive/MyDrive/spoilage_dataset/dataset_root/slightly_aged/IMG_6614.jpg,4.461534e-05,0.999432,0.00052323187,7.7759445e-08,slightly_aged
IMG_6615.jpg,slightly_aged,5.0,88.0,2,2025-09-21,2,5,/content/drive/MyDrive/spoilage_dataset/dataset_root/slightly_aged/IMG_6615.jpg,2.915879e-05,0.9991893,0.00078132114,1.7592103e-07,slightly_aged
IMG_6616.jpg,slightly_aged,5.0,88.0,2,2025-09-21,2,5,/content/drive/MyDrive/spoilage_dataset/dataset_root/slightly_aged/IMG_6616.jpg,0.00039160028,0.99859124,0.0010168159,2.5721945e-07,slightly_aged
IMG_6617.jpg,slightly_aged,5.0,88.0,2,2025-09-21,2,5,/content/drive/MyDrive/spoilage_dataset/dataset_root/slightly_aged/IMG_6617.jpg,3.6535195e-05,0.999388,0.0005754015,5.2633734e-08,slightly_aged
IMG_6618.jpg,slightly_aged,5.0,88.0,2,2025-09-21,2,5,/content/drive/MyDrive/spoilage_dataset/dataset_root/slightly_aged/IMG_6618.jpg,2.8112883e-05,0.99969375,0.00027811248,3.0971673e-08,slightly_aged
IMG_6619.jpg,slightly_aged,5.0,88.0,2,2025-09-21,2,5,/content/drive/MyDrive/spoilage_dataset/dataset_root/slightly_aged/IMG_6619.jpg,1.7256338e-05,0.99803346,0.0019493389,3.2256136e-08,slightly_aged
IMG_6620.jpg,slightly_aged,5.0,88.0,2,2025-09-21,2,5,/content/drive/MyDrive/spoilage_dataset/dataset_root/slightly_aged/IMG_6620.jpg,0.0002561838,0.9964774,0.0032659948,3.805291e-07,slightly_aged
IMG_6621.jpg,slightly_aged,5.0,88.0,2,2025-09-21,2,5,/content/drive/MyDrive/spoilage_dataset/dataset_root/slightly_aged/IMG_6621.jpg,3.7232767e-05,0.99848,0.0014826282,9.306647e-08,slightly_aged
IMG_6622.jpg,slightly_aged,5.0,88.0,2,2025-09-21,2,5,/content/drive/MyDrive/spoilage_dataset/dataset_root/slightly_aged/IMG_6622.jpg,4.1318184e-05,0.99772984,0.0022287553,7.6263476e-08,slightly_aged
IMG_6623.jpg,slightly_aged,5.0,88.0,2,2025-09-21,2,5,/content/drive/MyDrive/spoilage_dataset/dataset_root/slightly_aged/IMG_6623.jpg,0.00015061983,0.9971118,0.0027376,4.858313e-08,slightly_aged
IMG_6626.jpg,slightly_aged,5.0,88.0,2,2025-09-21,2,5,/content/drive/MyDrive/spoilage_dataset/dataset_root/slightly_aged/IMG_6626.jpg,0.001289766,0.99839634,0.0003139088,2.4744688e-08,slightly_aged
IMG_6627.jpg,slightly_aged,5.0,88.0,2,2025-09-21,2,5,/content/drive/MyDrive/spoilage_dataset/dataset_root/slightly_aged/IMG_6627.jpg,0.00034581625,0.9995172,0.0001370398,1.247559e-08,slightly_aged
IMG_6628.jpg,slightly_aged,5.0,88.0,2,2025-09-21,2,5,/content/drive/MyDrive/spoilage_dataset/dataset_root/slightly_aged/IMG_6628.jpg,0.00036765233,0.9995529,7.9453246e-05,3.3678473e-09,slightly_aged
IMG_6629.jpg,slightly_aged,5.0,88.0,2,2025-09-21,2,5,/content/drive/MyDrive/spoilage_dataset/dataset_root/slightly_aged/IMG_6629.jpg,0.00015152429,0.9997863,6.225671e-05,2.5594142e-09,slightly_aged
IMG_6631.jpg,slightly_aged,5.0,88.0,2,2025-09-21,2,5,/content/drive/MyDrive/spoilage_dataset/dataset_root/slightly_aged/IMG_6631.jpg,0.00041468017,0.9994579,0.00012749754,8.208435e-09,slightly_aged
IMG_6632.jpg,slightly_aged,5.0,88.0,2,2025-09-21,2,5,/content/drive/MyDrive/spoilage_dataset/dataset_root/slightly_aged/IMG_6632.jpg,0.000958359,0.9988707,0.00017101581,3.3863746e-08,slightly_aged
IMG_6634.jpg,slightly_aged,5.0,88.0,2,2025-09-21,2,5,/content/drive/MyDrive/spoilage_dataset/dataset_root/slightly_aged/IMG_6634.jpg,0.0010440914,0.99885297,0.00010284343,3.158765e-08,slightly_aged
IMG_6635.jpg,slightly_aged,5.0,88.0,2,2025-09-21,2,5,/content/drive/MyDrive/spoilage_dataset/dataset_root/slightly_aged/IMG_6635.jpg,0.0017717064,0.998054,0.00017417592,8.047141e-08,slightly_aged
IMG_6636.jpg,slightly_aged,5.0,88.0,2,2025-09-21,2,5,/content/drive/MyDrive/spoilage_dataset/dataset_root/slightly_aged/IMG_6636.jpg,0.00020005598,0.9997464,5.3501997e-05,7.3994872e-09,slightly_aged
IMG_6637.jpg,slightly_aged,5.0,88.0,2,2025-09-21,2,5,/content/drive/MyDrive/spoilage_dataset/dataset_root/slightly_aged/IMG_6637.jpg,0.00012610988,0.9998354,3.8453014e-05,2.2737072e-09,slightly_aged
IMG_6638.jpg,slightly_aged,5.0,88.0,2,2025-09-21,2,5,/content/drive/MyDrive/spoilage_dataset/dataset_root/slightly_aged/IMG_6638.jpg,0.000816559,0.99867934,0.0005041048,2.7096114e-08,slightly_aged
IMG_6665.jpg,slightly_aged,5.0,88.0,2,2025-09-21,2,5,/content/drive/MyDrive/spoilage_dataset/dataset_root/slightly_aged/IMG_6665.jpg,8.361148e-06,0.99985766,0.0001339548,2.247555e-09,slightly_aged
IMG_6666.jpg,slightly_aged,5.0,88.0,3,2025-09-21,2,5,/content/drive/MyDrive/spoilage_dataset/dataset_root/slightly_aged/IMG_6666.jpg,0.0001660524,0.99770325,0.0021307406,1.0935075e-08,slightly_aged
IMG_6667.jpg,slightly_aged,5.0,88.0,3,2025-09-21,2,5,/content/drive/MyDrive/spoilage_dataset/dataset_root/slightly_aged/IMG_6667.jpg,0.00010310853,0.99927455,0.00062227104,7.1021664e-09,slightly_aged
IMG_6668.jpg,slightly_aged,5.0,88.0,3,2025-09-21,2,5,/content/drive/MyDrive/spoilage_dataset/dataset_root/slightly_aged/IMG_6668.jpg,2.5882873e-05,0.99876547,0.0012087609,4.037116e-09,slightly_aged
IMG_6669.jpg,slightly_aged,5.0,88.0,3,2025-09-21,2,5,/content/drive/MyDrive/spoilage_dataset/dataset_root/slightly_aged/IMG_6669.jpg,0.00010627766,0.99926454,0.00062917755,1.0472579e-08,slightly_aged
IMG_6670.jpg,slightly_aged,5.0,88.0,3,2025-09-21,2,5,/content/drive/MyDrive/spoilage_dataset/dataset_root/slightly_aged/IMG_6670.jpg,3.139075e-12,0.9999981,1.944466e-06,4.812943e-10,slightly_aged
IMG_6671.jpg,slightly_aged,5.0,88.0,3,2025-09-21,2,5,/content/drive/MyDrive/spoilage_dataset/dataset_root/slightly_aged/IMG_6671.jpg,9.428314e-14,0.99999964,3.5867598e-07,1.0897609e-11,slightly_aged
IMG_6673.jpg,slightly_aged,5.0,88.0,3,2025-09-21,2,5,/content/drive/MyDrive/spoilage_dataset/dataset_root/slightly_aged/IMG_6673.jpg,1.0278623e-14,0.99999964,4.140361e-07,1.0059463e-13,slightly_aged
IMG_6674.jpg,slightly_aged,5.0,88.0,3,2025-09-21,2,5,/content/drive/MyDrive/spoilage_dataset/dataset_root/slightly_aged/IMG_6674.jpg,1.1803517e-13,0.999998,1.9953955e-06,2.9554757e-12,slightly_aged
IMG_6675.jpg,slightly_aged,5.0,88.0,3,2025-09-21,2,5,/content/drive/MyDrive/spoilage_dataset/dataset_root/slightly_aged/IMG_6675.jpg,2.283624e-15,0.9999999,6.7018874e-08,6.680923e-14,slightly_aged
IMG_6676.jpg,slightly_aged,5.0,88.0,3,2025-09-21,2,5,/content/drive/MyDrive/spoilage_dataset/dataset_root/slightly_aged/IMG_6676.jpg,3.8736536e-15,0.99999964,3.7037543e-07,1.2355617e-13,slightly_aged
IMG_6677.jpg,slightly_aged,5.0,88.0,3,2025-09-21,2,5,/content/drive/MyDrive/spoilage_dataset/dataset_root/slightly_aged/IMG_6677.jpg,3.6470776e-14,0.9999994,5.806802e-07,6.0493564e-13,slightly_aged
IMG_6678.jpg,slightly_aged,5.0,88.0,3,2025-09-21,2,5,/content/drive/MyDrive/spoilage_dataset/dataset_root/slightly_aged/IMG_6678.jpg,1.6008867e-14,0.9999989,1.1234638e-06,4.2793132e-13,slightly_aged
IMG_6679.jpg,slightly_aged,5.0,88.0,3,2025-09-21,2,5,/content/drive/MyDrive/spoilage_dataset/dataset_root/slightly_aged/IMG_6679.jpg,2.6653675e-15,0.99999905,9.0078595e-07,1.2230122e-13,slightly_aged
IMG_6681.jpg,slightly_aged,5.0,88.0,3,2025-09-21,2,5,/content/drive/MyDrive/spoilage_dataset/dataset_root/slightly_aged/IMG_6681.jpg,9.895724e-15,0.9999999,1.2417958e-07,1.1040157e-13,slightly_aged
IMG_6682.jpg,slightly_aged,5.0,88.0,3,2025-09-21,2,5,/content/drive/MyDrive/spoilage_dataset/dataset_root/slightly_aged/IMG_6682.jpg,6.2427406e-14,0.99999976,2.4941596e-07,6.022017e-13,slightly_aged
IMG_6683.jpg,slightly_aged,5.0,88.0,3,2025-09-21,2,5,/content/drive/MyDrive/spoilage_dataset/dataset_root/slightly_aged/IMG_6683.jpg,1.5031386e-13,0.99999964,3.36316e-07,1.7867797e-12,slightly_aged
IMG_6684.jpg,slightly_aged,5.0,88.0,3,2025-09-21,2,5,/content/drive/MyDrive/spoilage_dataset/dataset_root/slightly_aged/IMG_6684.jpg,0.0130771985,0.98684675,7.536011e-05,5.9271497e-07,slightly_aged
IMG_6685.jpg,slightly_aged,5.0,88.0,3,2025-09-21,2,5,/content/drive/MyDrive/spoilage_dataset/dataset_root/slightly_aged/IMG_6685.jpg,0.032193672,0.9672541,0.0005509692,1.3230922e-06,slightly_aged
IMG_6686.jpg,slightly_aged,5.0,88.0,3,2025-09-21,2,5,/content/drive/MyDrive/spoilage_dataset/dataset_root/slightly_aged/IMG_6686.jpg,0.04315941,0.9558294,0.0010068984,4.318076e-06,slightly_aged
IMG_6687.jpg,slightly_aged,5.0,88.0,3,2025-09-21,2,5,/content/drive/MyDrive/spoilage_dataset/dataset_root/slightly_aged/IMG_6687.jpg,0.014870355,0.9846902,0.00043878175,6.5382835e-07,slightly_aged
IMG_6689.jpg,slightly_aged,5.0,88.0,3,2025-09-21,2,5,/content/drive/MyDrive/spoilage_dataset/dataset_root/slightly_aged/IMG_6689.jpg,0.053063147,0.94670606,0.00022967283,1.0974558e-06,slightly_aged
IMG_6690.jpg,slightly_aged,5.0,88.0,3,2025-09-21,2,5,/content/drive/MyDrive/spoilage_dataset/dataset_root/slightly_aged/IMG_6690.jpg,0.05105518,0.948473,0.00047142716,4.6115323e-07,slightly_aged
IMG_6691.jpg,slightly_aged,5.0,88.0,3,2025-09-21,2,5,/content/drive/MyDrive/spoilage_dataset/dataset_root/slightly_aged/IMG_6691.jpg,0.010626021,0.9891995,0.00017425531,1.7523496e-07,slightly_aged
IMG_6693.jpg,slightly_aged,5.0,88.0,3,2025-09-21,2,5,/content/drive/MyDrive/spoilage_dataset/dataset_root/slightly_aged/IMG_6693.jpg,0.022972599,0.9769875,3.9879444e-05,1.15776665e-07,slightly_aged
IMG_6694.jpg,slightly_aged,5.0,88.0,3,2025-09-21,2,5,/content/drive/MyDrive/spoilage_dataset/dataset_root/slightly_aged/IMG_6694.jpg,0.027507085,0.97240555,8.690241e-05,4.2277549e-07,slightly_aged
IMG_6695.jpg,slightly_aged,5.0,88.0,3,2025-09-21,2,5,/content/drive/MyDrive/spoilage_dataset/dataset_root/slightly_aged/IMG_6695.jpg,0.014194552,0.9857977,7.783006e-06,2.0623562e-08,slightly_aged
IMG_6697.jpg,slightly_aged,5.0,88.0,3,2025-09-21,2,5,/content/drive/MyDrive/spoilage_dataset/dataset_root/slightly_aged/IMG_6697.jpg,0.006517753,0.9934558,2.6313239e-05,1.505075e-07,slightly_aged
IMG_6698.jpg,slightly_aged,5.0,88.0,3,2025-09-21,2,5,/content/drive/MyDrive/spoilage_dataset/dataset_root/slightly_aged/IMG_6698.jpg,0.0047080475,0.9952775,1.429858e-05,6.036849e-08,slightly_aged
IMG_6699.jpg,slightly_aged,5.0,88.0,3,2025-09-21,2,5,/content/drive/MyDrive/spoilage_dataset/dataset_root/slightly_aged/IMG_6699.jpg,0.007178374,0.99279517,2.6265187e-05,6.147335e-08,slightly_aged
IMG_6700.jpg,slightly_aged,5.0,88.0,3,2025-09-21,2,5,/content/drive/MyDrive/spoilage_dataset/dataset_root/slightly_aged/IMG_6700.jpg,0.0037976631,0.99617994,2.2447577e-05,3.0263795e-08,slightly_aged
IMG_6701.jpg,slightly_aged,5.0,88.0,3,2025-09-21,2,5,/content/drive/MyDrive/spoilage_dataset/dataset_root/slightly_aged/IMG_6701.jpg,0.014495075,0.98539114,0.00011343836,3.663894e-07,slightly_aged
IMG_6702.jpg,slightly_aged,5.0,88.0,3,2025-09-21,2,5,/content/drive/MyDrive/spoilage_dataset/dataset_root/slightly_aged/IMG_6702.jpg,0.01873477,0.98114324,0.00012136398,5.3402465e-07,slightly_aged
IMG_6703.jpg,slightly_aged,5.0,88.0,3,2025-09-21,2,5,/content/drive/MyDrive/spoilage_dataset/dataset_root/slightly_aged/IMG_6703.jpg,0.031541962,0.96833324,0.00012435872,4.07595e-07,slightly_aged
IMG_6705.jpg,slightly_aged,5.0,88.0,3,2025-09-21,2,5,/content/drive/MyDrive/spoilage_dataset/dataset_root/slightly_aged/IMG_6705.jpg,0.00664715,0.9932981,5.4679214e-05,4.6866784e-08,slightly_aged
IMG_6706.jpg,slightly_aged,5.0,88.0,3,2025-09-21,2,5,/content/drive/MyDrive/spoilage_dataset/dataset_root/slightly_aged/IMG_6706.jpg,0.019035803,0.98092896,3.5336514e-05,4.945912e-08,slightly_aged
IMG_6708.jpg,slightly_aged,5.0,88.0,3,2025-09-21,2,5,/content/drive/MyDrive/spoilage_dataset/dataset_root/slightly_aged/IMG_6708.jpg,0.06699198,0.93185186,0.0011545884,1.4997566e-06,slightly_aged
IMG_6710.jpg,slightly_aged,5.0,88.0,3,2025-09-21,2,5,/content/drive/MyDrive/spoilage_dataset/dataset_root/slightly_aged/IMG_6710.jpg,0.0071421526,0.992845,1.2925887e-05,2.635509e-08,slightly_aged
IMG_6711.jpg,slightly_aged,5.0,88.0,3,2025-09-21,2,5,/content/drive/MyDrive/spoilage_dataset/dataset_root/slightly_aged/IMG_6711.jpg,0.004071571,0.99589914,2.9367102e-05,5.8741875e-08,slightly_aged
IMG_6712.jpg,slightly_aged,5.0,88.0,3,2025-09-21,2,5,/content/drive/MyDrive/spoilage_dataset/dataset_root/slightly_aged/IMG_6712.jpg,0.0026331474,0.9973236,4.3209337e-05,1.4326893e-07,slightly_aged
IMG_6714.jpg,slightly_aged,5.0,88.0,3,2025-09-21,2,5,/content/drive/MyDrive/spoilage_dataset/dataset_root/slightly_aged/IMG_6714.jpg,0.08223148,0.9176916,7.626352e-05,7.0664186e-07,slightly_aged
IMG_6715.jpg,slightly_aged,5.0,88.0,3,2025-09-21,2,5,/content/drive/MyDrive/spoilage_dataset/dataset_root/slightly_aged/IMG_6715.jpg,0.015690293,0.9839962,0.0003123181,1.2262915e-06,slightly_aged
IMG_6716.jpg,slightly_aged,5.0,88.0,3,2025-09-21,2,5,/content/drive/MyDrive/spoilage_dataset/dataset_root/slightly_aged/IMG_6716.jpg,0.02092297,0.97893274,0.00014392329,3.5261675e-07,slightly_aged
IMG_6717.jpg,slightly_aged,5.0,88.0,3,2025-09-21,2,5,/content/drive/MyDrive/spoilage_dataset/dataset_root/slightly_aged/IMG_6717.jpg,0.014849051,0.9850369,0.00011382013,2.0902735e-07,slightly_aged
IMG_6718.jpg,slightly_aged,5.0,88.0,3,2025-09-21,2,5,/content/drive/MyDrive/spoilage_dataset/dataset_root/slightly_aged/IMG_6718.jpg,0.0054427157,0.9945186,3.874112e-05,5.90689e-08,slightly_aged
IMG_6721.jpg,slightly_aged,5.0,88.0,3,2025-09-21,2,5,/content/drive/MyDrive/spoilage_dataset/dataset_root/slightly_aged/IMG_6721.jpg,2.3439833e-10,0.9999987,1.2886914e-06,1.4713891e-10,slightly_aged
IMG_6722.jpg,slightly_aged,5.0,88.0,3,2025-09-21,2,5,/content/drive/MyDrive/spoilage_dataset/dataset_root/slightly_aged/IMG_6722.jpg,3.2135133e-10,0.9999925,7.5345474e-06,2.4207292e-09,slightly_aged
IMG_6723.jpg,slightly_aged,5.0,88.0,3,2025-09-21,2,5,/content/drive/MyDrive/spoilage_dataset/dataset_root/slightly_aged/IMG_6723.jpg,3.67146e-11,0.9999969,3.1161467e-06,1.6336574e-10,slightly_aged
IMG_6724.jpg,slightly_aged,5.0,88.0,3,2025-09-21,2,5,/content/drive/MyDrive/spoilage_dataset/dataset_root/slightly_aged/IMG_6724.jpg,7.0989747e-13,0.9999999,1.1998583e-07,7.966114e-12,slightly_aged
IMG_6725.jpg,slightly_aged,5.0,88.0,3,2025-09-21,2,5,/content/drive/MyDrive/spoilage_dataset/dataset_root/slightly_aged/IMG_6725.jpg,1.704808e-11,0.9999994,5.767886e-07,1.2129e-10,slightly_aged
IMG_6726.jpg,slightly_aged,5.0,88.0,3,2025-09-21,2,5,/content/drive/MyDrive/spoilage_dataset/dataset_root/slightly_aged/IMG_6726.jpg,1.4793446e-11,0.9999994,6.032087e-07,5.5485082e-11,slightly_aged
IMG_6727.jpg,slightly_aged,5.0,88.0,4,2025-09-21,2,5,/content/drive/MyDrive/spoilage_dataset/dataset_root/slightly_aged/IMG_6727.jpg,1.9220016e-11,0.99999905,9.4712306e-07,3.3172493e-11,slightly_aged
IMG_6728.jpg,slightly_aged,5.0,88.0,4,2025-09-21,2,5,/content/drive/MyDrive/spoilage_dataset/dataset_root/slightly_aged/IMG_6728.jpg,3.2533495e-10,0.9999989,1.086494e-06,1.0219561e-10,slightly_aged
IMG_6730.jpg,slightly_aged,5.0,88.0,4,2025-09-21,2,5,/content/drive/MyDrive/spoilage_dataset/dataset_root/slightly_aged/IMG_6730.jpg,1.7370065e-10,0.99999845,1.5313133e-06,1.313895e-10,slightly_aged
IMG_6731.jpg,slightly_aged,5.0,88.0,4,2025-09-21,2,5,/content/drive/MyDrive/spoilage_dataset/dataset_root/slightly_aged/IMG_6731.jpg,1.6079398e-11,0.99999905,9.179998e-07,3.5517686e-11,slightly_aged
IMG_6732.jpg,slightly_aged,5.0,88.0,4,2025-09-21,2,5,/content/drive/MyDrive/spoilage_dataset/dataset_root/slightly_aged/IMG_6732.jpg,6.059753e-11,0.9999987,1.2819484e-06,9.431306e-11,slightly_aged
IMG_6733.jpg,slightly_aged,5.0,88.0,4,2025-09-21,2,5,/content/drive/MyDrive/spoilage_dataset/dataset_root/slightly_aged/IMG_6733.jpg,1.6713556e-11,0.9999993,7.451858e-07,3.686239e-11,slightly_aged
IMG_6734.jpg,slightly_aged,5.0,88.0,4,2025-09-21,2,5,/content/drive/MyDrive/spoilage_dataset/dataset_root/slightly_aged/IMG_6734.jpg,1.7301061e-09,0.99998856,1.1393808e-05,3.2910137e-09,slightly_aged
IMG_6735.jpg,slightly_aged,5.0,88.0,4,2025-09-21,2,5,/content/drive/MyDrive/spoilage_dataset/dataset_root/slightly_aged/IMG_6735.jpg,5.6814924e-11,0.9999988,1.2426445e-06,4.672577e-11,slightly_aged
IMG_6736.jpg,slightly_aged,5.0,88.0,4,2025-09-21,2,5,/content/drive/MyDrive/spoilage_dataset/dataset_root/slightly_aged/IMG_6736.jpg,3.871852e-09,0.9999702,2.9797457e-05,3.1230531e-09,slightly_aged
IMG_6742.jpg,slightly_aged,5.0,88.0,4,2025-09-21,2,5,/content/drive/MyDrive/spoilage_dataset/dataset_root/slightly_aged/IMG_6742.jpg,1.8572198e-11,0.9999989,1.1287228e-06,1.3901982e-10,slightly_aged
IMG_6748.jpg,slightly_aged,5.0,88.0,4,2025-09-21,2,5,/content/drive/MyDrive/spoilage_dataset/dataset_root/slightly_aged/IMG_6748.jpg,5.9995382e-05,0.9736709,0.026184019,8.507017e-05,slightly_aged
IMG_6749.jpg,slightly_aged,5.0,88.0,4,2025-09-21,2,5,/content/drive/MyDrive/spoilage_dataset/dataset_root/slightly_aged/IMG_6749.jpg,3.022978e-06,0.99186265,0.008126685,7.5470703e-06,slightly_aged
IMG_6750.jpg,slightly_aged,5.0,88.0,4,2025-09-21,2,5,/content/drive/MyDrive/spoilage_dataset/dataset_root/slightly_aged/IMG_6750.jpg,1.5648343e-06,0.9956535,0.0043443423,6.323714e-07,slightly_aged
IMG_6751.jpg,slightly_aged,5.0,88.0,4,2025-09-21,2,5,/content/drive/MyDrive/spoilage_dataset/dataset_root/slightly_aged/IMG_6751.jpg,1.213707e-07,0.99916804,0.000831784,7.6594425e-08,slightly_aged
IMG_6752.jpg,slightly_aged,5.0,88.0,4,2025-09-21,2,5,/content/drive/MyDrive/spoilage_dataset/dataset_root/slightly_aged/IMG_6752.jpg,5.519079e-07,0.99934,0.0006543067,5.0843482e-06,slightly_aged
IMG_6754.jpg,slightly_aged,5.0,88.0,4,2025-09-21,2,5,/content/drive/MyDrive/spoilage_dataset/dataset_root/slightly_aged/IMG_6754.jpg,1.2491383e-07,0.9991941,0.0008056549,1.2857372e-07,slightly_aged
IMG_6755.jpg,slightly_aged,5.0,88.0,4,2025-09-21,2,5,/content/drive/MyDrive/spoilage_dataset/dataset_root/slightly_aged/IMG_6755.jpg,8.017484e-09,0.99980396,0.00019603566,8.680813e-09,slightly_aged
IMG_6756.jpg,slightly_aged,5.0,88.0,4,2025-09-21,2,5,/content/drive/MyDrive/spoilage_dataset/dataset_root/slightly_aged/IMG_6756.jpg,2.2568794e-09,0.9999579,4.2040996e-05,3.8685566e-09,slightly_aged
IMG_6757.jpg,slightly_aged,5.0,88.0,4,2025-09-21,2,5,/content/drive/MyDrive/spoilage_dataset/dataset_root/slightly_aged/IMG_6757.jpg,6.4009114e-08,0.99788046,0.0021194664,3.947769e-08,slightly_aged
IMG_6758.jpg,slightly_aged,5.0,88.0,4,2025-09-21,2,5,/content/drive/MyDrive/spoilage_dataset/dataset_root/slightly_aged/IMG_6758.jpg,7.033009e-08,0.9995117,0.00048821294,8.067441e-09,slightly_aged
IMG_6759.jpg,slightly_aged,5.0,88.0,4,2025-09-21,2,5,/content/drive/MyDrive/spoilage_dataset/dataset_root/slightly_aged/IMG_6759.jpg,3.9689443e-09,0.9999342,6.58089e-05,1.9048219e-09,slightly_aged
IMG_6760.jpg,slightly_aged,5.0,88.0,4,2025-09-21,2,5,/content/drive/MyDrive/spoilage_dataset/dataset_root/slightly_aged/IMG_6760.jpg,6.845821e-05,0.9806019,0.019314937,1.4585607e-05,slightly_aged
IMG_6762.jpg,slightly_aged,5.0,88.0,4,2025-09-21,2,5,/content/drive/MyDrive/spoilage_dataset/dataset_root/slightly_aged/IMG_6762.jpg,3.6018503e-06,0.9984748,0.0015214332,1.9415121e-07,slightly_aged
IMG_6763.jpg,slightly_aged,5.0,88.0,4,2025-09-21,2,5,/content/drive/MyDrive/spoilage_dataset/dataset_root/slightly_aged/IMG_6763.jpg,1.2783813e-07,0.99975246,0.0002474687,7.723026e-09,slightly_aged
IMG_6764.jpg,slightly_aged,5.0,88.0,4,2025-09-21,2,5,/content/drive/MyDrive/spoilage_dataset/dataset_root/slightly_aged/IMG_6764.jpg,1.3975286e-06,0.99735165,0.0026466746,1.899672e-07,slightly_aged
IMG_6765.jpg,slightly_aged,5.0,88.0,4,2025-09-21,2,5,/content/drive/MyDrive/spoilage_dataset/dataset_root/slightly_aged/IMG_6765.jpg,2.6009573e-07,0.9997913,0.00020843797,1.44301735e-08,slightly_aged
IMG_6766.jpg,slightly_aged,5.0,88.0,4,2025-09-21,2,5,/content/drive/MyDrive/spoilage_dataset/dataset_root/slightly_aged/IMG_6766.jpg,1.6131563e-07,0.99975973,0.0002401386,1.2648007e-08,slightly_aged
IMG_6767.jpg,slightly_aged,5.0,88.0,4,2025-09-21,2,5,/content/drive/MyDrive/spoilage_dataset/dataset_root/slightly_aged/IMG_6767.jpg,4.787088e-07,0.9982432,0.0017558945,5.348073e-07,slightly_aged
IMG_6768.jpg,slightly_aged,5.0,88.0,4,2025-09-21,2,5,/content/drive/MyDrive/spoilage_dataset/dataset_root/slightly_aged/IMG_6768.jpg,1.3038041e-07,0.99968207,0.00031768007,7.516908e-08,slightly_aged
IMG_6770.jpg,slightly_aged,5.0,88.0,4,2025-09-21,2,5,/content/drive/MyDrive/spoilage_dataset/dataset_root/slightly_aged/IMG_6770.jpg,5.170781e-09,0.99990857,9.142013e-05,1.9520355e-08,slightly_aged
IMG_6771.jpg,slightly_aged,5.0,88.0,4,2025-09-21,2,5,/content/drive/MyDrive/spoilage_dataset/dataset_root/slightly_aged/IMG_6771.jpg,6.6783876e-08,0.9998671,0.00013272438,2.752445e-08,slightly_aged
IMG_6772.jpg,slightly_aged,5.0,88.0,4,2025-09-21,2,5,/content/drive/MyDrive/spoilage_dataset/dataset_root/slightly_aged/IMG_6772.jpg,2.4598219e-08,0.99974054,0.0002593352,7.665132e-08,slightly_aged
IMG_6773.jpg,slightly_aged,5.0,88.0,4,2025-09-21,2,5,/content/drive/MyDrive/spoilage_dataset/dataset_root/slightly_aged/IMG_6773.jpg,1.5486205e-07,0.9996164,0.00038337905,1.1612943e-07,slightly_aged
IMG_6774.jpg,slightly_aged,5.0,88.0,4,2025-09-21,2,5,/content/drive/MyDrive/spoilage_dataset/dataset_root/slightly_aged/IMG_6774.jpg,1.3178848e-08,0.9999243,7.571543e-05,5.2199534e-09,slightly_aged
IMG_6775.jpg,slightly_aged,5.0,88.0,4,2025-09-21,2,5,/content/drive/MyDrive/spoilage_dataset/dataset_root/slightly_aged/IMG_6775.jpg,5.2940895e-06,0.9972235,0.0027704812,7.17026e-07,slightly_aged
IMG_6776.jpg,slightly_aged,6.0,94.0,4,2025-09-21,2,5,/content/drive/MyDrive/spoilage_dataset/dataset_root/slightly_aged/IMG_6776.jpg,7.5407536e-07,0.9994537,0.00054542976,8.8556845e-08,slightly_aged
IMG_6778.jpg,slightly_aged,6.0,94.0,4,2025-09-21,2,5,/content/drive/MyDrive/spoilage_dataset/dataset_root/slightly_aged/IMG_6778.jpg,7.401967e-09,0.999946,5.396948e-05,1.6639844e-09,slightly_aged
IMG_6779.jpg,slightly_aged,6.0,94.0,4,2025-09-21,2,5,/content/drive/MyDrive/spoilage_dataset/dataset_root/slightly_aged/IMG_6779.jpg,3.7801634e-08,0.9997924,0.00020766123,3.80152e-09,slightly_aged
IMG_6780.jpg,slightly_aged,6.0,94.0,4,2025-09-21,2,5,/content/drive/MyDrive/spoilage_dataset/dataset_root/slightly_aged/IMG_6780.jpg,6.5438486e-09,0.99984884,0.00015109681,1.932654e-09,slightly_aged
IMG_6781.jpg,slightly_aged,6.0,94.0,4,2025-09-21,2,5,/content/drive/MyDrive/spoilage_dataset/dataset_root/slightly_aged/IMG_6781.jpg,6.993979e-10,0.9999615,3.8479255e-05,2.8011324e-10,slightly_aged
IMG_6782.jpg,slightly_aged,6.0,94.0,4,2025-09-21,2,5,/content/drive/MyDrive/spoilage_dataset/dataset_root/slightly_aged/IMG_6782.jpg,5.342219e-10,0.9999908,9.200041e-06,1.944613e-10,slightly_aged
IMG_6783.jpg,slightly_aged,6.0,94.0,4,2025-09-21,2,5,/content/drive/MyDrive/spoilage_dataset/dataset_root/slightly_aged/IMG_6783.jpg,4.6406367e-08,0.9992762,0.0007237507,5.0954398e-08,slightly_aged
IMG_6784.jpg,slightly_aged,6.0,94.0,4,2025-09-21,2,5,/content/drive/MyDrive/spoilage_dataset/dataset_root/slightly_aged/IMG_6784.jpg,2.6625716e-07,0.9992853,0.00071423827,2.598974e-07,slightly_aged
IMG_6786.jpg,slightly_aged,6.0,94.0,4,2025-09-21,2,5,/content/drive/MyDrive/spoilage_dataset/dataset_root/slightly_aged/IMG_6786.jpg,8.316064e-08,0.9997526,0.00024734344,8.811768e-09,slightly_aged
IMG_6787.jpg,slightly_aged,6.0,94.0,4,2025-09-21,2,5,/content/drive/MyDrive/spoilage_dataset/dataset_root/slightly_aged/IMG_6787.jpg,1.4248282e-14,0.9999572,4.2735363e-05,2.7619242e-11,slightly_aged
IMG_6788.jpg,slightly_aged,6.0,94.0,4,2025-09-21,2,5,/content/drive/MyDrive/spoilage_dataset/dataset_root/slightly_aged/IMG_6788.jpg,2.1097638e-13,0.9999777,2.2279006e-05,2.5865126e-11,slightly_aged
IMG_6789.jpg,slightly_aged,6.0,94.0,4,2025-09-21,2,5,/content/drive/MyDrive/spoilage_dataset/dataset_root/slightly_aged/IMG_6789.jpg,5.3313226e-10,0.9998945,0.00010544555,5.779683e-10,slightly_aged
IMG_6790.jpg,slightly_aged,6.0,94.0,4,2025-09-21,2,5,/content/drive/MyDrive/spoilage_dataset/dataset_root/slightly_aged/IMG_6790.jpg,1.3073477e-10,0.99981326,0.0001867968,5.004753e-11,slightly_aged
IMG_6791.jpg,slightly_aged,6.0,94.0,4,2025-09-21,2,5,/content/drive/MyDrive/spoilage_dataset/dataset_root/slightly_aged/IMG_6791.jpg,4.2957088e-12,0.99990475,9.51928e-05,2.9987738e-12,slightly_aged
IMG_6792.jpg,slightly_aged,6.0,94.0,4,2025-09-21,2,5,/content/drive/MyDrive/spoilage_dataset/dataset_root/slightly_aged/IMG_6792.jpg,1.773991e-11,0.9999037,9.6276315e-05,1.1408788e-11,slightly_aged
IMG_6794.jpg,slightly_aged,6.0,94.0,4,2025-09-21,2,5,/content/drive/MyDrive/spoilage_dataset/dataset_root/slightly_aged/IMG_6794.jpg,9.4943144e-11,0.99937147,0.0006285857,6.598029e-11,slightly_aged
IMG_6795.jpg,slightly_aged,6.0,94.0,4,2025-09-21,2,5,/content/drive/MyDrive/spoilage_dataset/dataset_root/slightly_aged/IMG_6795.jpg,1.6676075e-11,0.99974555,0.0002544243,2.3828401e-11,slightly_aged
IMG_6796.jpg,slightly_aged,6.0,94.0,4,2025-09-21,2,5,/content/drive/MyDrive/spoilage_dataset/dataset_root/slightly_aged/IMG_6796.jpg,1.5677515e-11,0.99973506,0.0002648861,1.6394084e-11,slightly_aged
IMG_6797.jpg,slightly_aged,6.0,94.0,4,2025-09-21,2,5,/content/drive/MyDrive/spoilage_dataset/dataset_root/slightly_aged/IMG_6797.jpg,5.1083485e-11,0.99893194,0.001068057,4.2913676e-11,slightly_aged
IMG_6798.jpg,slightly_aged,6.0,94.0,4,2025-09-21,2,5,/content/drive/MyDrive/spoilage_dataset/dataset_root/slightly_aged/IMG_6798.jpg,5.362137e-11,0.99981815,0.00018189997,1.6848016e-11,slightly_aged
IMG_6799.jpg,slightly_aged,6.0,94.0,4,2025-09-21,2,5,/content/drive/MyDrive/spoilage_dataset/dataset_root/slightly_aged/IMG_6799.jpg,1.0868947e-11,0.99948716,0.00051285245,7.116591e-12,slightly_aged
IMG_6800.jpg,slightly_aged,6.0,94.0,4,2025-09-21,2,5,/content/drive/MyDrive/spoilage_dataset/dataset_root/slightly_aged/IMG_6800.jpg,2.1727412e-11,0.9990601,0.00093992596,4.024324e-11,slightly_aged
IMG_6802.jpg,slightly_aged,6.0,94.0,4,2025-09-21,2,5,/content/drive/MyDrive/spoilage_dataset/dataset_root/slightly_aged/IMG_6802.jpg,2.8493358e-10,0.19671573,0.80328393,3.456703e-07,near_spoilage
IMG_6803.jpg,slightly_aged,6.0,94.0,4,2025-09-21,2,5,/content/drive/MyDrive/spoilage_dataset/dataset_root/slightly_aged/IMG_6803.jpg,1.557937e-10,0.053740893,0.9462543,4.724242e-06,near_spoilage
IMG_6804.jpg,slightly_aged,6.0,94.0,4,2025-09-21,2,5,/content/drive/MyDrive/spoilage_dataset/dataset_root/slightly_aged/IMG_6804.jpg,7.862619e-13,0.7770145,0.22298545,1.1552856e-07,slightly_aged
IMG_6805.jpg,slightly_aged,6.0,94.0,4,2025-09-21,2,5,/content/drive/MyDrive/spoilage_dataset/dataset_root/slightly_aged/IMG_6805.jpg,2.7211343e-11,0.02376135,0.97623867,1.4962772e-08,near_spoilage
IMG_6806.jpg,slightly_aged,6.0,94.0,4,2025-09-21,2,5,/content/drive/MyDrive/spoilage_dataset/dataset_root/slightly_aged/IMG_6806.jpg,6.482527e-11,0.1509431,0.8490566,3.3335095e-07,near_spoilage
IMG_6810.jpg,slightly_aged,6.0,94.0,4,2025-09-21,2,5,/content/drive/MyDrive/spoilage_dataset/dataset_root/slightly_aged/IMG_6810.jpg,5.329311e-12,0.10122657,0.8987729,5.2253944e-07,near_spoilage
IMG_6812.jpg,slightly_aged,6.0,94.0,4,2025-09-21,2,5,/content/drive/MyDrive/spoilage_dataset/dataset_root/slightly_aged/IMG_6812.jpg,1.0177081e-10,0.76513064,0.2348683,9.667887e-07,slightly_aged
IMG_6814.jpg,slightly_aged,6.0,94.0,4,2025-09-21,2,5,/content/drive/MyDrive/spoilage_dataset/dataset_root/slightly_aged/IMG_6814.jpg,2.6969713e-12,0.9061423,0.09385592,1.7007528e-06,slightly_aged
IMG_6815.jpg,slightly_aged,6.0,94.0,4,2025-09-21,2,5,/content/drive/MyDrive/spoilage_dataset/dataset_root/slightly_aged/IMG_6815.jpg,8.413192e-11,0.61950165,0.38049477,3.6086494e-06,slightly_aged
IMG_6816.jpg,slightly_aged,6.0,94.0,4,2025-09-21,2,5,/content/drive/MyDrive/spoilage_dataset/dataset_root/slightly_aged/IMG_6816.jpg,2.4237808e-11,0.83497065,0.16502915,2.1647853e-07,slightly_aged
IMG_6818.jpg,slightly_aged,6.0,94.0,4,2025-09-21,2,5,/content/drive/MyDrive/spoilage_dataset/dataset_root/slightly_aged/IMG_6818.jpg,2.3022352e-12,0.5686914,0.4313086,1.0650846e-08,slightly_aged
IMG_6819.jpg,slightly_aged,6.0,94.0,4,2025-09-21,2,5,/content/drive/MyDrive/spoilage_dataset/dataset_root/slightly_aged/IMG_6819.jpg,1.6760787e-11,0.6504681,0.34953168,2.1646265e-07,slightly_aged
IMG_6821.jpg,slightly_aged,6.0,94.0,4,2025-09-21,2,5,/content/drive/MyDrive/spoilage_dataset/dataset_root/slightly_aged/IMG_6821.jpg,8.243217e-11,0.88337123,0.11662841,4.4872212e-07,slightly_aged
IMG_6822.jpg,slightly_aged,6.0,94.0,4,2025-09-21,2,5,/content/drive/MyDrive/spoilage_dataset/dataset_root/slightly_aged/IMG_6822.jpg,1.6639187e-10,0.8516699,0.14832953,5.8033817e-07,slightly_aged
IMG_6823.jpg,slightly_aged,6.0,94.0,4,2025-09-21,2,5,/content/drive/MyDrive/spoilage_dataset/dataset_root/slightly_aged/IMG_6823.jpg,9.271685e-11,0.9498523,0.05014708,6.886913e-07,slightly_aged
IMG_6824.jpg,slightly_aged,6.0,94.0,4,2025-09-21,2,5,/content/drive/MyDrive/spoilage_dataset/dataset_root/slightly_aged/IMG_6824.jpg,3.3553483e-11,0.7485151,0.25148445,4.3179534e-07,slightly_aged
IMG_6825.jpg,slightly_aged,6.0,94.0,4,2025-09-21,2,5,/content/drive/MyDrive/spoilage_dataset/dataset_root/slightly_aged/IMG_6825.jpg,9.5031645e-09,0.9256629,0.07398909,0.00034804057,slightly_aged
IMG_6826.jpg,slightly_aged,6.0,94.0,4,2025-09-21,2,5,/content/drive/MyDrive/spoilage_dataset/dataset_root/slightly_aged/IMG_6826.jpg,9.568745e-10,0.44169092,0.5583065,2.6257476e-06,near_spoilage
IMG_6827.jpg,slightly_aged,6.0,94.0,4,2025-09-21,2,5,/content/drive/MyDrive/spoilage_dataset/dataset_root/slightly_aged/IMG_6827.jpg,6.8188385e-08,0.64557105,0.35441318,1.5629017e-05,slightly_aged
IMG_6830.jpg,slightly_aged,6.0,94.0,4,2025-09-21,2,5,/content/drive/MyDrive/spoilage_dataset/dataset_root/slightly_aged/IMG_6830.jpg,1.1097544e-08,0.47568658,0.52431303,4.5474573e-07,near_spoilage
IMG_6831.jpg,slightly_aged,6.0,94.0,4,2025-09-21,2,5,/content/drive/MyDrive/spoilage_dataset/dataset_root/slightly_aged/IMG_6831.jpg,2.398164e-09,0.16081594,0.8391837,4.0973495e-07,near_spoilage
IMG_6832.jpg,slightly_aged,6.0,94.0,4,2025-09-21,2,5,/content/drive/MyDrive/spoilage_dataset/dataset_root/slightly_aged/IMG_6832.jpg,5.8220473e-10,0.06384463,0.9361553,2.2646455e-08,near_spoilage
IMG_6834.jpg,slightly_aged,6.0,94.0,4,2025-09-21,2,5,/content/drive/MyDrive/spoilage_dataset/dataset_root/slightly_aged/IMG_6834.jpg,1.9521477e-10,0.26658666,0.73341334,1.714525e-08,near_spoilage
IMG_6835.jpg,slightly_aged,6.0,94.0,4,2025-09-21,2,5,/content/drive/MyDrive/spoilage_dataset/dataset_root/slightly_aged/IMG_6835.jpg,9.667738e-11,0.05252426,0.94747573,3.6698828e-09,near_spoilage
IMG_6836.jpg,slightly_aged,6.0,94.0,4,2025-09-21,2,5,/content/drive/MyDrive/spoilage_dataset/dataset_root/slightly_aged/IMG_6836.jpg,1.18561315e-11,0.00749577,0.99250424,6.1368594e-10,near_spoilage
IMG_6837.jpg,slightly_aged,6.0,94.0,4,2025-09-21,2,5,/content/drive/MyDrive/spoilage_dataset/dataset_root/slightly_aged/IMG_6837.jpg,5.9197355e-11,0.012471963,0.987528,1.7027698e-09,near_spoilage
IMG_6838.jpg,slightly_aged,6.0,94.0,4,2025-09-21,2,5,/content/drive/MyDrive/spoilage_dataset/dataset_root/slightly_aged/IMG_6838.jpg,3.980362e-11,0.017283808,0.9827162,1.7583539e-09,near_spoilage
IMG_6839.jpg,slightly_aged,6.0,94.0,4,2025-09-21,2,5,/content/drive/MyDrive/spoilage_dataset/dataset_root/slightly_aged/IMG_6839.jpg,1.3156855e-10,0.014131572,0.98586845,2.9652159e-09,near_spoilage
IMG_6840.jpg,slightly_aged,6.0,94.0,4,2025-09-21,2,5,/content/drive/MyDrive/spoilage_dataset/dataset_root/slightly_aged/IMG_6840.jpg,5.777344e-11,0.0014585665,0.9985415,1.4613168e-09,near_spoilage
IMG_6842.jpg,slightly_aged,6.0,94.0,4,2025-09-21,2,5,/content/drive/MyDrive/spoilage_dataset/dataset_root/slightly_aged/IMG_6842.jpg,9.932892e-06,0.41297418,0.58701485,1.0695233e-06,near_spoilage
IMG_6843.jpg,slightly_aged,6.0,94.0,4,2025-09-21,2,5,/content/drive/MyDrive/spoilage_dataset/dataset_root/slightly_aged/IMG_6843.jpg,7.311486e-06,0.13913351,0.8608587,5.149513e-07,near_spoilage
IMG_6844.jpg,slightly_aged,6.0,94.0,4,2025-09-21,2,5,/content/drive/MyDrive/spoilage_dataset/dataset_root/slightly_aged/IMG_6844.jpg,1.1640454e-06,0.30761138,0.6923874,6.505335e-08,near_spoilage
IMG_6845.jpg,slightly_aged,6.0,94.0,4,2025-09-21,2,5,/content/drive/MyDrive/spoilage_dataset/dataset_root/slightly_aged/IMG_6845.jpg,2.7313245e-08,0.517671,0.48232898,1.1696076e-09,slightly_aged
IMG_6846.jpg,slightly_aged,6.0,94.0,4,2025-09-21,2,5,/content/drive/MyDrive/spoilage_dataset/dataset_root/slightly_aged/IMG_6846.jpg,1.41381555e-08,0.18321192,0.8167881,8.697477e-10,near_spoilage
IMG_6847.jpg,slightly_aged,6.0,94.0,4,2025-09-21,2,5,/content/drive/MyDrive/spoilage_dataset/dataset_root/slightly_aged/IMG_6847.jpg,1.8890294e-07,0.16859595,0.83140385,3.2090415e-09,near_spoilage
IMG_6848.jpg,slightly_aged,6.0,94.0,4,2025-09-21,2,5,/content/drive/MyDrive/spoilage_dataset/dataset_root/slightly_aged/IMG_6848.jpg,1.2055689e-07,0.14753033,0.85246956,2.1774213e-08,near_spoilage
IMG_6850.jpg,slightly_aged,6.0,94.0,4,2025-09-21,2,5,/content/drive/MyDrive/spoilage_dataset/dataset_root/slightly_aged/IMG_6850.jpg,2.1156612e-08,0.16132578,0.8386742,1.301175e-09,near_spoilage
IMG_6851.jpg,slightly_aged,6.0,94.0,4,2025-09-21,2,5,/content/drive/MyDrive/spoilage_dataset/dataset_root/slightly_aged/IMG_6851.jpg,2.7022248e-08,0.1341115,0.8658885,1.989396e-09,near_spoilage
IMG_6852.jpg,slightly_aged,6.0,94.0,4,2025-09-21,2,5,/content/drive/MyDrive/spoilage_dataset/dataset_root/slightly_aged/IMG_6852.jpg,2.6224638e-08,0.4799965,0.52000344,3.221792e-09,near_spoilage
IMG_6853.jpg,slightly_aged,6.0,94.0,4,2025-09-21,2,5,/content/drive/MyDrive/spoilage_dataset/dataset_root/slightly_aged/IMG_6853.jpg,4.7832287e-08,0.3003537,0.69964623,1.8249792e-09,near_spoilage
IMG_6854.jpg,slightly_aged,6.0,94.0,4,2025-09-21,2,5,/content/drive/MyDrive/spoilage_dataset/dataset_root/slightly_aged/IMG_6854.jpg,1.7631756e-08,0.0342129,0.96578705,1.7559993e-09,near_spoilage
IMG_6855.jpg,slightly_aged,6.0,94.0,4,2025-09-21,2,5,/content/drive/MyDrive/spoilage_dataset/dataset_root/slightly_aged/IMG_6855.jpg,5.6164917e-09,0.30133867,0.6986613,9.0989166e-10,near_spoilage
IMG_6856.jpg,slightly_aged,6.0,94.0,4,2025-09-21,2,5,/content/drive/MyDrive/spoilage_dataset/dataset_root/slightly_aged/IMG_6856.jpg,3.5975614e-07,0.9938465,0.0061531677,2.7559413e-08,slightly_aged
IMG_6857.jpg,slightly_aged,6.0,94.0,4,2025-09-21,2,5,/content/drive/MyDrive/spoilage_dataset/dataset_root/slightly_aged/IMG_6857.jpg,1.3597783e-05,0.9808498,0.019136133,4.2425873e-07,slightly_aged
IMG_6858.jpg,slightly_aged,6.0,94.0,4,2025-09-21,2,5,/content/drive/MyDrive/spoilage_dataset/dataset_root/slightly_aged/IMG_6858.jpg,6.772982e-07,0.9974476,0.0025517065,5.256672e-08,slightly_aged
IMG_6859.jpg,slightly_aged,6.0,94.0,4,2025-09-21,2,5,/content/drive/MyDrive/spoilage_dataset/dataset_root/slightly_aged/IMG_6859.jpg,7.157412e-08,0.99209255,0.00790726,4.9303126e-09,slightly_aged
IMG_6860.jpg,slightly_aged,6.0,94.0,4,2025-09-21,2,5,/content/drive/MyDrive/spoilage_dataset/dataset_root/slightly_aged/IMG_6860.jpg,4.0219877e-08,0.99899286,0.0010071665,2.7157596e-09,slightly_aged
IMG_6861.jpg,slightly_aged,6.0,94.0,4,2025-09-21,2,5,/content/drive/MyDrive/spoilage_dataset/dataset_root/slightly_aged/IMG_6861.jpg,7.7428626e-07,0.99374086,0.006258247,1.0429937e-08,slightly_aged
IMG_6862.jpg,slightly_aged,6.0,94.0,4,2025-09-21,2,5,/content/drive/MyDrive/spoilage_dataset/dataset_root/slightly_aged/IMG_6862.jpg,3.0675087e-06,0.9743807,0.025616216,9.11555e-08,slightly_aged
IMG_6863.jpg,slightly_aged,6.0,94.0,4,2025-09-21,2,5,/content/drive/MyDrive/spoilage_dataset/dataset_root/slightly_aged/IMG_6863.jpg,1.6654441e-07,0.9955332,0.0044666873,2.5845996e-09,slightly_aged
IMG_6864.jpg,slightly_aged,6.0,94.0,4,2025-09-21,2,5,/content/drive/MyDrive/spoilage_dataset/dataset_root/slightly_aged/IMG_6864.jpg,6.3150175e-08,0.9993088,0.00069100544,6.509782e-10,slightly_aged
IMG_6866.jpg,slightly_aged,6.0,94.0,4,2025-09-21,2,5,/content/drive/MyDrive/spoilage_dataset/dataset_root/slightly_aged/IMG_6866.jpg,1.818358e-08,0.99917394,0.000825997,3.8844278e-10,slightly_aged
IMG_6867.jpg,slightly_aged,6.0,94.0,4,2025-09-21,2,5,/content/drive/MyDrive/spoilage_dataset/dataset_root/slightly_aged/IMG_6867.jpg,2.8750172e-08,0.9993155,0.00068447,5.607476e-10,slightly_aged
IMG_6868.jpg,slightly_aged,6.0,94.0,4,2025-09-21,2,5,/content/drive/MyDrive/spoilage_dataset/dataset_root/slightly_aged/IMG_6868.jpg,2.3147148e-12,0.9999981,1.8539755e-06,1.3152403e-11,slightly_aged
IMG_6869.jpg,slightly_aged,6.0,94.0,4,2025-09-21,2,5,/content/drive/MyDrive/spoilage_dataset/dataset_root/slightly_aged/IMG_6869.jpg,4.7701747e-12,0.99999964,3.4221608e-07,3.4155072e-12,slightly_aged
IMG_6870.jpg,slightly_aged,6.0,94.0,4,2025-09-21,2,5,/content/drive/MyDrive/spoilage_dataset/dataset_root/slightly_aged/IMG_6870.jpg,8.453256e-12,0.9999982,1.738521e-06,3.3857462e-11,slightly_aged
IMG_6871.jpg,slightly_aged,6.0,94.0,4,2025-09-21,2,5,/content/drive/MyDrive/spoilage_dataset/dataset_root/slightly_aged/IMG_6871.jpg,2.4559044e-14,0.9999999,8.569785e-08,8.008457e-14,slightly_aged
IMG_6872.jpg,slightly_aged,6.0,94.0,4,2025-09-21,2,5,/content/drive/MyDrive/spoilage_dataset/dataset_root/slightly_aged/IMG_6872.jpg,3.2282994e-14,0.9999999,8.6737636e-08,1.1799014e-13,slightly_aged
IMG_6874.jpg,slightly_aged,6.0,94.0,4,2025-09-21,2,5,/content/drive/MyDrive/spoilage_dataset/dataset_root/slightly_aged/IMG_6874.jpg,3.087382e-13,0.9999993,7.3904204e-07,1.29999e-12,slightly_aged
IMG_6875.jpg,slightly_aged,6.0,94.0,4,2025-09-21,2,5,/content/drive/MyDrive/spoilage_dataset/dataset_root/slightly_aged/IMG_6875.jpg,3.7167497e-13,0.9999995,5.320969e-07,1.0596904e-12,slightly_aged
IMG_6876.jpg,slightly_aged,6.0,94.0,4,2025-09-21,2,5,/content/drive/MyDrive/spoilage_dataset/dataset_root/slightly_aged/IMG_6876.jpg,2.4747668e-10,0.9997297,0.00027033172,4.9182464e-10,slightly_aged
IMG_6877.jpg,slightly_aged,6.0,94.0,4,2025-09-21,2,5,/content/drive/MyDrive/spoilage_dataset/dataset_root/slightly_aged/IMG_6877.jpg,6.918195e-11,0.9999335,6.646759e-05,6.430854e-11,slightly_aged
IMG_6878.jpg,slightly_aged,6.0,94.0,4,2025-09-21,2,5,/content/drive/MyDrive/spoilage_dataset/dataset_root/slightly_aged/IMG_6878.jpg,3.159113e-14,0.9999994,6.2939677e-07,1.6155134e-13,slightly_aged
IMG_6879.jpg,slightly_aged,6.0,94.0,5,2025-09-21,2,5,/content/drive/MyDrive/spoilage_dataset/dataset_root/slightly_aged/IMG_6879.jpg,1.9136953e-13,0.9999987,1.2715294e-06,1.4811039e-13,slightly_aged
IMG_6880.jpg,slightly_aged,6.0,94.0,5,2025-09-21,2,5,/content/drive/MyDrive/spoilage_dataset/dataset_root/slightly_aged/IMG_6880.jpg,4.1689085e-15,1.0,4.3732545e-08,6.243516e-14,slightly_aged
IMG_6882.jpg,slightly_aged,6.0,94.0,5,2025-09-21,2,5,/content/drive/MyDrive/spoilage_dataset/dataset_root/slightly_aged/IMG_6882.jpg,1.40548e-12,0.9999995,5.2096345e-07,3.574544e-11,slightly_aged
IMG_6883.jpg,slightly_aged,6.0,94.0,5,2025-09-21,2,5,/content/drive/MyDrive/spoilage_dataset/dataset_root/slightly_aged/IMG_6883.jpg,1.7741179e-12,0.99999475,5.2592763e-06,6.986914e-11,slightly_aged
IMG_6884.jpg,slightly_aged,6.0,94.0,5,2025-09-21,2,5,/content/drive/MyDrive/spoilage_dataset/dataset_root/slightly_aged/IMG_6884.jpg,1.0375093e-11,0.9998355,0.00016450357,1.0842633e-09,slightly_aged
IMG_6885.jpg,slightly_aged,6.0,94.0,5,2025-09-21,2,5,/content/drive/MyDrive/spoilage_dataset/dataset_root/slightly_aged/IMG_6885.jpg,1.974861e-13,0.9999989,1.0245236e-06,2.6304425e-12,slightly_aged
IMG_6886.jpg,slightly_aged,6.0,94.0,5,2025-09-21,2,5,/content/drive/MyDrive/spoilage_dataset/dataset_root/slightly_aged/IMG_6886.jpg,6.219881e-14,0.99999917,7.9534584e-07,1.0588738e-12,slightly_aged
IMG_6887.jpg,slightly_aged,6.0,94.0,5,2025-09-21,2,5,/content/drive/MyDrive/spoilage_dataset/dataset_root/slightly_aged/IMG_6887.jpg,2.911107e-13,0.9999975,2.5460686e-06,3.287525e-12,slightly_aged
IMG_6888.jpg,slightly_aged,6.0,94.0,5,2025-09-21,2,5,/content/drive/MyDrive/spoilage_dataset/dataset_root/slightly_aged/IMG_6888.jpg,7.1450154e-13,0.99999857,1.4402023e-06,3.5359619e-12,slightly_aged
IMG_6889.jpg,slightly_aged,6.0,94.0,5,2025-09-21,2,5,/content/drive/MyDrive/spoilage_dataset/dataset_root/slightly_aged/IMG_6889.jpg,2.6246978e-14,0.9999994,5.4963385e-07,3.4127697e-13,slightly_aged
IMG_6890.jpg,slightly_aged,6.0,94.0,5,2025-09-21,2,5,/content/drive/MyDrive/spoilage_dataset/dataset_root/slightly_aged/IMG_6890.jpg,1.7988428e-13,0.99999964,3.484978e-07,3.874448e-13,slightly_aged
IMG_6891.jpg,slightly_aged,6.0,94.0,5,2025-09-21,2,5,/content/drive/MyDrive/spoilage_dataset/dataset_root/slightly_aged/IMG_6891.jpg,9.658371e-13,0.99999785,2.1965766e-06,2.3211689e-12,slightly_aged
IMG_6892.jpg,slightly_aged,6.0,94.0,5,2025-09-21,2,5,/content/drive/MyDrive/spoilage_dataset/dataset_root/slightly_aged/IMG_6892.jpg,9.643361e-15,1.0,4.4573238e-08,2.583831e-13,slightly_aged
IMG_6893.jpg,slightly_aged,6.0,94.0,5,2025-09-21,2,5,/content/drive/MyDrive/spoilage_dataset/dataset_root/slightly_aged/IMG_6893.jpg,1.707885e-14,0.9999999,8.49836e-08,6.580699e-13,slightly_aged
IMG_6894.jpg,slightly_aged,6.0,94.0,5,2025-09-21,2,5,/content/drive/MyDrive/spoilage_dataset/dataset_root/slightly_aged/IMG_6894.jpg,1.3664292e-14,0.9999999,1.3930365e-07,5.4157996e-13,slightly_aged
IMG_6896.jpg,slightly_aged,6.0,94.0,5,2025-09-21,2,5,/content/drive/MyDrive/spoilage_dataset/dataset_root/slightly_aged/IMG_6896.jpg,2.5298305e-10,0.9999882,1.17732525e-05,2.490438e-10,slightly_aged
IMG_6897.jpg,slightly_aged,6.0,94.0,5,2025-09-21,2,5,/content/drive/MyDrive/spoilage_dataset/dataset_root/slightly_aged/IMG_6897.jpg,5.8682603e-10,0.9999901,9.915179e-06,1.2456325e-09,slightly_aged
IMG_6898.jpg,slightly_aged,6.0,94.0,5,2025-09-21,2,5,/content/drive/MyDrive/spoilage_dataset/dataset_root/slightly_aged/IMG_6898.jpg,5.17963e-10,0.9999862,1.3827017e-05,3.5081235e-10,slightly_aged
IMG_6899.jpg,slightly_aged,6.0,94.0,5,2025-09-21,2,5,/content/drive/MyDrive/spoilage_dataset/dataset_root/slightly_aged/IMG_6899.jpg,4.4790373e-11,0.99998593,1.40821085e-05,9.607293e-12,slightly_aged
IMG_6900.jpg,slightly_aged,6.0,94.0,5,2025-09-21,2,5,/content/drive/MyDrive/spoilage_dataset/dataset_root/slightly_aged/IMG_6900.jpg,0.0007767719,0.9991905,3.2646807e-05,9.303362e-08,slightly_aged
IMG_6901.jpg,slightly_aged,6.0,94.0,5,2025-09-21,2,5,/content/drive/MyDrive/spoilage_dataset/dataset_root/slightly_aged/IMG_6901.jpg,0.00081170275,0.99912447,6.35525e-05,1.9998251e-07,slightly_aged
IMG_6902.jpg,slightly_aged,6.0,94.0,5,2025-09-21,2,5,/content/drive/MyDrive/spoilage_dataset/dataset_root/slightly_aged/IMG_6902.jpg,0.000115287716,0.99987817,6.5108834e-06,1.7443753e-08,slightly_aged
IMG_6903.jpg,slightly_aged,6.0,94.0,5,2025-09-21,2,5,/content/drive/MyDrive/spoilage_dataset/dataset_root/slightly_aged/IMG_6903.jpg,0.012574384,0.9861604,0.0012610158,4.0680725e-06,slightly_aged
IMG_6904.jpg,slightly_aged,6.0,94.0,5,2025-09-21,2,5,/content/drive/MyDrive/spoilage_dataset/dataset_root/slightly_aged/IMG_6904.jpg,4.9725673e-05,0.9999263,2.3954235e-05,2.0684252e-09,slightly_aged
IMG_6905.jpg,slightly_aged,6.0,94.0,5,2025-09-21,2,5,/content/drive/MyDrive/spoilage_dataset/dataset_root/slightly_aged/IMG_6905.jpg,0.00066504715,0.99929523,3.96273e-05,4.6409816e-08,slightly_aged
IMG_6906.jpg,slightly_aged,6.0,94.0,5,2025-09-21,2,5,/content/drive/MyDrive/spoilage_dataset/dataset_root/slightly_aged/IMG_6906.jpg,0.00077100156,0.99920624,2.2705157e-05,3.3832116e-08,slightly_aged
IMG_6907.jpg,slightly_aged,6.0,94.0,5,2025-09-21,2,5,/content/drive/MyDrive/spoilage_dataset/dataset_root/slightly_aged/IMG_6907.jpg,7.208291e-05,0.999926,1.9530808e-06,2.8599543e-09,slightly_aged
IMG_6908.jpg,slightly_aged,6.0,94.0,5,2025-09-21,2,5,/content/drive/MyDrive/spoilage_dataset/dataset_root/slightly_aged/IMG_6908.jpg,0.0003065215,0.99968505,8.443594e-06,3.64738e-09,slightly_aged
IMG_6909.jpg,slightly_aged,6.0,94.0,5,2025-09-21,2,5,/content/drive/MyDrive/spoilage_dataset/dataset_root/slightly_aged/IMG_6909.jpg,0.00022675484,0.99976975,3.450819e-06,6.953791e-09,slightly_aged
IMG_6910.jpg,slightly_aged,6.0,94.0,5,2025-09-21,2,5,/content/drive/MyDrive/spoilage_dataset/dataset_root/slightly_aged/IMG_6910.jpg,0.006127966,0.9938332,3.8715454e-05,1.4298391e-07,slightly_aged
IMG_6911.jpg,slightly_aged,6.0,94.0,5,2025-09-21,2,5,/content/drive/MyDrive/spoilage_dataset/dataset_root/slightly_aged/IMG_6911.jpg,0.00033827274,0.99965787,3.7915363e-06,8.945026e-09,slightly_aged
IMG_6912.jpg,slightly_aged,6.0,94.0,5,2025-09-21,2,5,/content/drive/MyDrive/spoilage_dataset/dataset_root/slightly_aged/IMG_6912.jpg,7.562281e-05,0.99992096,3.5154842e-06,8.772042e-10,slightly_aged
IMG_6913.jpg,slightly_aged,6.0,94.0,5,2025-09-21,2,5,/content/drive/MyDrive/spoilage_dataset/dataset_root/slightly_aged/IMG_6913.jpg,0.0001441901,0.9998441,1.1676686e-05,7.483016e-09,slightly_aged
IMG_6914.jpg,slightly_aged,6.0,94.0,5,2025-09-21,2,5,/content/drive/MyDrive/spoilage_dataset/dataset_root/slightly_aged/IMG_6914.jpg,0.00061965623,0.9993705,9.884524e-06,5.7903385e-08,slightly_aged
IMG_6915.jpg,slightly_aged,6.0,94.0,5,2025-09-21,2,5,/content/drive/MyDrive/spoilage_dataset/dataset_root/slightly_aged/IMG_6915.jpg,0.0037749712,0.99620146,2.352162e-05,5.367836e-08,slightly_aged
IMG_6916.jpg,slightly_aged,6.0,94.0,5,2025-09-21,2,5,/content/drive/MyDrive/spoilage_dataset/dataset_root/slightly_aged/IMG_6916.jpg,0.0010192425,0.9989749,5.810828e-06,8.782941e-09,slightly_aged
IMG_6917.jpg,slightly_aged,6.0,94.0,5,2025-09-21,2,5,/content/drive/MyDrive/spoilage_dataset/dataset_root/slightly_aged/IMG_6917.jpg,0.00020864076,0.99978906,2.2382987e-06,1.2823979e-09,slightly_aged
IMG_6918.jpg,slightly_aged,6.0,94.0,5,2025-09-21,2,5,/content/drive/MyDrive/spoilage_dataset/dataset_root/slightly_aged/IMG_6918.jpg,0.0002779917,0.999721,9.3186446e-07,4.737374e-10,slightly_aged
IMG_6919.jpg,slightly_aged,6.0,94.0,5,2025-09-21,2,5,/content/drive/MyDrive/spoilage_dataset/dataset_root/slightly_aged/IMG_6919.jpg,0.0012383785,0.9987582,3.3960312e-06,6.1337997e-09,slightly_aged
IMG_6920.jpg,slightly_aged,6.0,94.0,5,2025-09-21,2,5,/content/drive/MyDrive/spoilage_dataset/dataset_root/slightly_aged/IMG_6920.jpg,0.0005125863,0.99948645,9.779369e-07,1.8410655e-09,slightly_aged
IMG_6921.jpg,slightly_aged,6.0,94.0,5,2025-09-21,2,5,/content/drive/MyDrive/spoilage_dataset/dataset_root/slightly_aged/IMG_6921.jpg,2.9201705e-05,0.9999683,2.561481e-06,9.472487e-10,slightly_aged
IMG_6922.jpg,slightly_aged,6.0,94.0,5,2025-09-21,2,5,/content/drive/MyDrive/spoilage_dataset/dataset_root/slightly_aged/IMG_6922.jpg,0.00018632985,0.99980515,8.535738e-06,1.7893984e-09,slightly_aged
IMG_6923.jpg,slightly_aged,6.0,94.0,5,2025-09-21,2,5,/content/drive/MyDrive/spoilage_dataset/dataset_root/slightly_aged/IMG_6923.jpg,0.000484439,0.9995049,1.0658273e-05,5.150645e-09,slightly_aged
IMG_6924.jpg,slightly_aged,6.0,94.0,5,2025-09-21,2,5,/content/drive/MyDrive/spoilage_dataset/dataset_root/slightly_aged/IMG_6924.jpg,0.00047174623,0.99944764,8.063886e-05,2.7532748e-08,slightly_aged
IMG_6925.jpg,slightly_aged,6.0,94.0,5,2025-09-21,2,5,/content/drive/MyDrive/spoilage_dataset/dataset_root/slightly_aged/IMG_6925.jpg,3.0223118e-05,0.9999417,2.8029897e-05,1.510493e-08,slightly_aged
IMG_6926.jpg,slightly_aged,6.0,94.0,5,2025-09-21,2,5,/content/drive/MyDrive/spoilage_dataset/dataset_root/slightly_aged/IMG_6926.jpg,0.0013713259,0.99837,0.0002586208,8.8509424e-08,slightly_aged
IMG_6927.jpg,slightly_aged,6.0,94.0,5,2025-09-21,2,5,/content/drive/MyDrive/spoilage_dataset/dataset_root/slightly_aged/IMG_6927.jpg,0.00055210205,0.9994104,3.7563692e-05,1.9278433e-08,slightly_aged
IMG_6928.jpg,slightly_aged,6.0,94.0,5,2025-09-21,2,5,/content/drive/MyDrive/spoilage_dataset/dataset_root/slightly_aged/IMG_6928.jpg,0.001609006,0.9980095,0.0003808041,7.1396715e-07,slightly_aged
IMG_6929.jpg,slightly_aged,6.0,94.0,5,2025-09-21,2,5,/content/drive/MyDrive/spoilage_dataset/dataset_root/slightly_aged/IMG_6929.jpg,0.00015428278,0.99975914,8.650708e-05,1.8855927e-08,slightly_aged
IMG_6930.jpg,slightly_aged,6.0,94.0,5,2025-09-21,2,5,/content/drive/MyDrive/spoilage_dataset/dataset_root/slightly_aged/IMG_6930.jpg,0.00036772253,0.9995259,0.00010630038,7.617509e-08,slightly_aged
IMG_6931.jpg,slightly_aged,6.0,94.0,5,2025-09-21,2,5,/content/drive/MyDrive/spoilage_dataset/dataset_root/slightly_aged/IMG_6931.jpg,0.00038215314,0.99897325,0.0006441603,4.3022453e-07,slightly_aged
IMG_6932.jpg,slightly_aged,6.0,94.0,5,2025-09-21,2,5,/content/drive/MyDrive/spoilage_dataset/dataset_root/slightly_aged/IMG_6932.jpg,0.20322984,0.7852395,0.011530011,5.3878e-07,slightly_aged
IMG_6933.jpg,slightly_aged,6.0,94.0,5,2025-09-21,2,5,/content/drive/MyDrive/spoilage_dataset/dataset_root/slightly_aged/IMG_6933.jpg,0.054897435,0.8368857,0.108212985,3.8437524e-06,slightly_aged
IMG_6934.jpg,slightly_aged,6.0,94.0,5,2025-09-21,2,5,/content/drive/MyDrive/spoilage_dataset/dataset_root/slightly_aged/IMG_6934.jpg,0.041528437,0.95440376,0.004067579,2.039132e-07,slightly_aged
IMG_6935.jpg,slightly_aged,6.0,94.0,5,2025-09-21,2,5,/content/drive/MyDrive/spoilage_dataset/dataset_root/slightly_aged/IMG_6935.jpg,0.040697057,0.92126805,0.038034067,8.4104596e-07,slightly_aged
IMG_6936.jpg,slightly_aged,6.0,94.0,5,2025-09-21,2,5,/content/drive/MyDrive/spoilage_dataset/dataset_root/slightly_aged/IMG_6936.jpg,0.024156326,0.9301009,0.045742206,5.1062716e-07,slightly_aged
IMG_6937.jpg,slightly_aged,6.0,94.0,5,2025-09-21,2,5,/content/drive/MyDrive/spoilage_dataset/dataset_root/slightly_aged/IMG_6937.jpg,0.6931733,0.29555598,0.011270116,5.5192476e-07,fresh
IMG_6938.jpg,slightly_aged,6.0,94.0,5,2025-09-21,2,5,/content/drive/MyDrive/spoilage_dataset/dataset_root/slightly_aged/IMG_6938.jpg,0.27361393,0.7172017,0.009184064,2.91807e-07,slightly_aged
IMG_6940.jpg,slightly_aged,6.0,94.0,5,2025-09-21,2,5,/content/drive/MyDrive/spoilage_dataset/dataset_root/slightly_aged/IMG_6940.jpg,0.033099502,0.96687615,2.4272178e-05,4.344509e-08,slightly_aged
IMG_6941.jpg,slightly_aged,6.0,94.0,5,2025-09-21,2,5,/content/drive/MyDrive/spoilage_dataset/dataset_root/slightly_aged/IMG_6941.jpg,0.0095422035,0.9903708,8.681988e-05,1.8253516e-07,slightly_aged
IMG_6942.jpg,slightly_aged,6.0,94.0,5,2025-09-21,2,5,/content/drive/MyDrive/spoilage_dataset/dataset_root/slightly_aged/IMG_6942.jpg,0.38261127,0.61684585,0.0005419359,9.508219e-07,slightly_aged
IMG_6943.jpg,slightly_aged,6.0,94.0,5,2025-09-21,2,5,/content/drive/MyDrive/spoilage_dataset/dataset_root/slightly_aged/IMG_6943.jpg,0.019126302,0.9803427,0.0005305632,4.5542922e-07,slightly_aged
IMG_6944.jpg,slightly_aged,6.0,94.0,5,2025-09-21,2,5,/content/drive/MyDrive/spoilage_dataset/dataset_root/slightly_aged/IMG_6944.jpg,0.047401305,0.9522664,0.0003317426,5.9345615e-07,slightly_aged
IMG_6945.jpg,slightly_aged,6.0,94.0,5,2025-09-21,2,5,/content/drive/MyDrive/spoilage_dataset/dataset_root/slightly_aged/IMG_6945.jpg,0.010065242,0.9897479,0.00018673664,1.6786066e-07,slightly_aged
IMG_6946.jpg,slightly_aged,6.0,94.0,6,2025-09-21,2,5,/content/drive/MyDrive/spoilage_dataset/dataset_root/slightly_aged/IMG_6946.jpg,0.018816441,0.98091793,0.00026470388,9.4025506e-07,slightly_aged
IMG_6947.jpg,slightly_aged,6.0,94.0,6,2025-09-21,2,5,/content/drive/MyDrive/spoilage_dataset/dataset_root/slightly_aged/IMG_6947.jpg,0.012283004,0.98766255,5.4398653e-05,8.715645e-08,slightly_aged
IMG_6948.jpg,slightly_aged,6.0,94.0,6,2025-09-21,2,5,/content/drive/MyDrive/spoilage_dataset/dataset_root/slightly_aged/IMG_6948.jpg,0.0058613853,0.9940836,5.493836e-05,1.4600782e-08,slightly_aged
IMG_6949.jpg,slightly_aged,6.0,94.0,6,2025-09-21,2,5,/content/drive/MyDrive/spoilage_dataset/dataset_root/slightly_aged/IMG_6949.jpg,0.014262746,0.9855957,0.00014163398,3.7231974e-08,slightly_aged
IMG_6950.jpg,slightly_aged,6.0,94.0,6,2025-09-21,2,5,/content/drive/MyDrive/spoilage_dataset/dataset_root/slightly_aged/IMG_6950.jpg,0.037683774,0.95650387,0.0058123963,4.4507114e-08,slightly_aged
IMG_6951.jpg,slightly_aged,6.0,94.0,6,2025-09-21,2,5,/content/drive/MyDrive/spoilage_dataset/dataset_root/slightly_aged/IMG_6951.jpg,0.00011847642,0.99979275,8.884558e-05,4.4674957e-09,slightly_aged
IMG_6952.jpg,slightly_aged,6.0,94.0,6,2025-09-21,2,5,/content/drive/MyDrive/spoilage_dataset/dataset_root/slightly_aged/IMG_6952.jpg,1.3701398e-05,0.99998534,9.480228e-07,1.0490803e-10,slightly_aged
IMG_6954.jpg,slightly_aged,6.0,94.0,6,2025-09-21,2,5,/content/drive/MyDrive/spoilage_dataset/dataset_root/slightly_aged/IMG_6954.jpg,0.0020905328,0.9977295,0.0001797328,2.0392815e-07,slightly_aged
IMG_6955.jpg,slightly_aged,6.0,94.0,6,2025-09-21,2,5,/content/drive/MyDrive/spoilage_dataset/dataset_root/slightly_aged/IMG_6955.jpg,4.3844175e-05,0.9999261,3.0002271e-05,1.5239772e-09,slightly_aged
IMG_6956.jpg,slightly_aged,6.0,94.0,6,2025-09-21,2,5,/content/drive/MyDrive/spoilage_dataset/dataset_root/slightly_aged/IMG_6956.jpg,0.00022282398,0.99965835,0.00011886597,5.7603867e-08,slightly_aged
IMG_6957.jpg,slightly_aged,6.0,94.0,6,2025-09-21,2,5,/content/drive/MyDrive/spoilage_dataset/dataset_root/slightly_aged/IMG_6957.jpg,0.000108579115,0.9997981,9.3296265e-05,5.303148e-08,slightly_aged
IMG_6958.jpg,slightly_aged,6.0,94.0,6,2025-09-21,2,5,/content/drive/MyDrive/spoilage_dataset/dataset_root/slightly_aged/IMG_6958.jpg,5.0715145e-05,0.9999343,1.50340775e-05,4.315865e-09,slightly_aged
IMG_6959.jpg,slightly_aged,6.0,94.0,6,2025-09-21,2,5,/content/drive/MyDrive/spoilage_dataset/dataset_root/slightly_aged/IMG_6959.jpg,0.00010920953,0.99987483,1.6000513e-05,5.6194103e-09,slightly_aged
IMG_6960.jpg,slightly_aged,6.0,94.0,6,2025-09-21,2,5,/content/drive/MyDrive/spoilage_dataset/dataset_root/slightly_aged/IMG_6960.jpg,6.502188e-05,0.9999145,2.0488666e-05,1.714964e-09,slightly_aged
IMG_6962.jpg,slightly_aged,6.0,94.0,6,2025-09-21,2,5,/content/drive/MyDrive/spoilage_dataset/dataset_root/slightly_aged/IMG_6962.jpg,0.00013514557,0.9998118,5.3030264e-05,2.366194e-08,slightly_aged
IMG_6963.jpg,slightly_aged,6.0,94.0,6,2025-09-21,2,5,/content/drive/MyDrive/spoilage_dataset/dataset_root/slightly_aged/IMG_6963.jpg,0.022848424,0.9764947,0.0006551078,1.7186279e-06,slightly_aged
IMG_6964.jpg,slightly_aged,6.0,94.0,6,2025-09-21,2,5,/content/drive/MyDrive/spoilage_dataset/dataset_root/slightly_aged/IMG_6964.jpg,0.0010380689,0.9989159,4.6130383e-05,2.0733397e-08,slightly_aged
IMG_6965.jpg,slightly_aged,6.0,94.0,6,2025-09-21,2,5,/content/drive/MyDrive/spoilage_dataset/dataset_root/slightly_aged/IMG_6965.jpg,0.009979948,0.9899462,7.370827e-05,1.3201482e-07,slightly_aged
IMG_6966.jpg,slightly_aged,6.0,94.0,6,2025-09-21,2,5,/content/drive/MyDrive/spoilage_dataset/dataset_root/slightly_aged/IMG_6966.jpg,0.00724489,0.9926806,7.4151765e-05,2.001436e-07,slightly_aged
IMG_6967.jpg,slightly_aged,6.0,94.0,6,2025-09-21,2,5,/content/drive/MyDrive/spoilage_dataset/dataset_root/slightly_aged/IMG_6967.jpg,0.013756166,0.9859703,0.00027226444,1.2640057e-06,slightly_aged
IMG_6968.jpg,slightly_aged,6.0,94.0,6,2025-09-21,2,5,/content/drive/MyDrive/spoilage_dataset/dataset_root/slightly_aged/IMG_6968.jpg,0.0004989926,0.9994173,8.3798004e-05,2.746263e-08,slightly_aged
IMG_6969.jpg,slightly_aged,6.0,94.0,6,2025-09-21,2,5,/content/drive/MyDrive/spoilage_dataset/dataset_root/slightly_aged/IMG_6969.jpg,0.0012326654,0.9987533,1.4079634e-05,2.5784711e-08,slightly_aged
IMG_6971.jpg,slightly_aged,6.0,94.0,6,2025-09-21,2,5,/content/drive/MyDrive/spoilage_dataset/dataset_root/slightly_aged/IMG_6971.jpg,0.0007812777,0.99917704,4.1550564e-05,1.297419e-07,slightly_aged
IMG_6972.jpg,slightly_aged,6.0,94.0,6,2025-09-21,2,5,/content/drive/MyDrive/spoilage_dataset/dataset_root/slightly_aged/IMG_6972.jpg,0.00023763324,0.9997547,7.632474e-06,2.2135934e-08,slightly_aged
IMG_6973.jpg,slightly_aged,6.0,94.0,6,2025-09-21,2,5,/content/drive/MyDrive/spoilage_dataset/dataset_root/slightly_aged/IMG_6973.jpg,0.00033440307,0.99963653,2.8973767e-05,8.115929e-08,slightly_aged
IMG_6974.jpg,slightly_aged,6.0,94.0,6,2025-09-21,2,5,/content/drive/MyDrive/spoilage_dataset/dataset_root/slightly_aged/IMG_6974.jpg,3.7977028e-05,0.9999434,1.861257e-05,6.113602e-09,slightly_aged
IMG_6975.jpg,slightly_aged,6.0,94.0,6,2025-09-21,2,5,/content/drive/MyDrive/spoilage_dataset/dataset_root/slightly_aged/IMG_6975.jpg,0.00015983416,0.9998343,5.850774e-06,9.700562e-09,slightly_aged
IMG_6976.jpg,slightly_aged,6.0,94.0,6,2025-09-21,2,5,/content/drive/MyDrive/spoilage_dataset/dataset_root/slightly_aged/IMG_6976.jpg,0.00021815437,0.9997557,2.6135906e-05,1.2158381e-07,slightly_aged
IMG_6978.jpg,slightly_aged,6.0,94.0,6,2025-09-21,2,5,/content/drive/MyDrive/spoilage_dataset/dataset_root/slightly_aged/IMG_6978.jpg,4.2822598e-05,0.9999479,9.276523e-06,2.1029088e-08,slightly_aged
IMG_6979.jpg,slightly_aged,6.0,94.0,6,2025-09-21,2,5,/content/drive/MyDrive/spoilage_dataset/dataset_root/slightly_aged/IMG_6979.jpg,0.00013408237,0.99980146,6.446885e-05,5.9508526e-08,slightly_aged
IMG_6980.jpg,slightly_aged,6.0,94.0,6,2025-09-21,2,5,/content/drive/MyDrive/spoilage_dataset/dataset_root/slightly_aged/IMG_6980.jpg,0.00019711589,0.9997917,1.1180695e-05,1.20300125e-08,slightly_aged
IMG_6981.jpg,slightly_aged,6.0,94.0,6,2025-09-21,2,5,/content/drive/MyDrive/spoilage_dataset/dataset_root/slightly_aged/IMG_6981.jpg,0.00031288672,0.9996524,3.4541325e-05,1.5168216e-07,slightly_aged
IMG_6982.jpg,slightly_aged,6.0,94.0,6,2025-09-21,2,5,/content/drive/MyDrive/spoilage_dataset/dataset_root/slightly_aged/IMG_6982.jpg,0.00018590686,0.9997955,1.860827e-05,4.039771e-08,slightly_aged
IMG_6983.jpg,slightly_aged,6.0,94.0,6,2025-09-21,2,5,/content/drive/MyDrive/spoilage_dataset/dataset_root/slightly_aged/IMG_6983.jpg,6.547976e-05,0.99993086,3.706088e-06,5.8429097e-09,slightly_aged
IMG_6984.jpg,slightly_aged,6.0,94.0,6,2025-09-21,2,5,/content/drive/MyDrive/spoilage_dataset/dataset_root/slightly_aged/IMG_6984.jpg,6.0328108e-05,0.99993336,6.260117e-06,7.446735e-09,slightly_aged
IMG_6985.jpg,slightly_aged,6.0,94.0,6,2025-09-21,2,5,/content/drive/MyDrive/spoilage_dataset/dataset_root/slightly_aged/IMG_6985.jpg,0.00032754833,0.9996389,3.3448152e-05,1.726157e-08,slightly_aged
IMG_6986.jpg,slightly_aged,6.0,94.0,6,2025-09-21,2,5,/content/drive/MyDrive/spoilage_dataset/dataset_root/slightly_aged/IMG_6986.jpg,0.000227494,0.9997521,2.039096e-05,3.9470724e-08,slightly_aged
IMG_6987.jpg,slightly_aged,6.0,94.0,6,2025-09-21,2,5,/content/drive/MyDrive/spoilage_dataset/dataset_root/slightly_aged/IMG_6987.jpg,4.2367286e-05,0.9998271,0.00013049682,6.4935534e-08,slightly_aged
IMG_6988.jpg,slightly_aged,6.0,94.0,6,2025-09-21,2,5,/content/drive/MyDrive/spoilage_dataset/dataset_root/slightly_aged/IMG_6988.jpg,0.00043516,0.99952173,4.3135908e-05,1.3720535e-09,slightly_aged
IMG_6989.jpg,slightly_aged,6.0,94.0,6,2025-09-21,2,5,/content/drive/MyDrive/spoilage_dataset/dataset_root/slightly_aged/IMG_6989.jpg,0.00014589913,0.99984527,8.861875e-06,3.000827e-08,slightly_aged
IMG_6990.jpg,slightly_aged,6.0,94.0,6,2025-09-21,2,5,/content/drive/MyDrive/spoilage_dataset/dataset_root/slightly_aged/IMG_6990.jpg,0.000109568384,0.99988043,1.0057758e-05,1.540793e-08,slightly_aged
IMG_6991.jpg,slightly_aged,6.0,94.0,6,2025-09-21,2,5,/content/drive/MyDrive/spoilage_dataset/dataset_root/slightly_aged/IMG_6991.jpg,0.0007053574,0.99927074,2.3851275e-05,6.936273e-08,slightly_aged
IMG_6992.jpg,slightly_aged,6.0,94.0,6,2025-09-21,2,5,/content/drive/MyDrive/spoilage_dataset/dataset_root/slightly_aged/IMG_6992.jpg,0.0014726211,0.99845815,6.9021145e-05,2.7478814e-07,slightly_aged
IMG_6993.jpg,slightly_aged,6.0,94.0,6,2025-09-21,2,5,/content/drive/MyDrive/spoilage_dataset/dataset_root/slightly_aged/IMG_6993.jpg,7.5272634e-05,0.99992025,4.4748094e-06,2.7389628e-09,slightly_aged
IMG_6994.jpg,slightly_aged,6.0,94.0,6,2025-09-21,2,5,/content/drive/MyDrive/spoilage_dataset/dataset_root/slightly_aged/IMG_6994.jpg,1.33236545e-05,0.9999807,5.953833e-06,1.7567073e-09,slightly_aged
IMG_6995.jpg,slightly_aged,6.0,94.0,6,2025-09-21,2,5,/content/drive/MyDrive/spoilage_dataset/dataset_root/slightly_aged/IMG_6995.jpg,2.5038002e-05,0.9999703,4.5925644e-06,5.0824793e-09,slightly_aged
IMG_6996.jpg,slightly_aged,6.0,94.0,6,2025-09-21,2,5,/content/drive/MyDrive/spoilage_dataset/dataset_root/slightly_aged/IMG_6996.jpg,2.5901745e-05,0.99996746,6.681186e-06,6.798146e-09,slightly_aged
IMG_6997.jpg,slightly_aged,6.0,94.0,6,2025-09-21,2,5,/content/drive/MyDrive/spoilage_dataset/dataset_root/slightly_aged/IMG_6997.jpg,4.8395723e-05,0.9999409,1.0759474e-05,5.1876827e-09,slightly_aged
IMG_6998.jpg,slightly_aged,6.0,94.0,6,2025-09-21,2,5,/content/drive/MyDrive/spoilage_dataset/dataset_root/slightly_aged/IMG_6998.jpg,2.2057164e-05,0.9999707,7.2243556e-06,8.397051e-09,slightly_aged
IMG_6999.jpg,slightly_aged,6.0,94.0,6,2025-09-21,2,5,/content/drive/MyDrive/spoilage_dataset/dataset_root/slightly_aged/IMG_6999.jpg,4.197185e-05,0.99995124,6.816431e-06,8.712733e-09,slightly_aged
IMG_7001.jpg,slightly_aged,6.0,94.0,6,2025-09-21,2,5,/content/drive/MyDrive/spoilage_dataset/dataset_root/slightly_aged/IMG_7001.jpg,4.631757e-05,0.99994934,4.312324e-06,2.9638323e-09,slightly_aged
IMG_7003.jpg,slightly_aged,6.0,94.0,6,2025-09-21,2,5,/content/drive/MyDrive/spoilage_dataset/dataset_root/slightly_aged/IMG_7003.jpg,0.0032411502,0.99658716,0.0001714355,2.8148494e-07,slightly_aged
IMG_7004.jpg,slightly_aged,6.0,94.0,6,2025-09-21,2,5,/content/drive/MyDrive/spoilage_dataset/dataset_root/slightly_aged/IMG_7004.jpg,0.003666721,0.99604213,0.0002908787,1.8546335e-07,slightly_aged
IMG_7005.jpg,slightly_aged,6.0,94.0,6,2025-09-21,2,5,/content/drive/MyDrive/spoilage_dataset/dataset_root/slightly_aged/IMG_7005.jpg,0.007280904,0.9925916,0.00012736816,1.5282116e-07,slightly_aged
IMG_7006.jpg,slightly_aged,6.0,94.0,6,2025-09-21,2,5,/content/drive/MyDrive/spoilage_dataset/dataset_root/slightly_aged/IMG_7006.jpg,0.0072501283,0.9922735,0.00047540586,9.307714e-07,slightly_aged
IMG_7007.jpg,slightly_aged,6.0,94.0,6,2025-09-21,2,5,/content/drive/MyDrive/spoilage_dataset/dataset_root/slightly_aged/IMG_7007.jpg,0.015081159,0.9838907,0.0010274036,7.3476525e-07,slightly_aged
IMG_7008.jpg,slightly_aged,6.0,94.0,6,2025-09-21,2,5,/content/drive/MyDrive/spoilage_dataset/dataset_root/slightly_aged/IMG_7008.jpg,0.019609964,0.97922266,0.0011655234,1.7003902e-06,slightly_aged
IMG_7009.jpg,slightly_aged,6.0,94.0,6,2025-09-21,2,5,/content/drive/MyDrive/spoilage_dataset/dataset_root/slightly_aged/IMG_7009.jpg,0.007360627,0.99218434,0.0004546267,3.8536717e-07,slightly_aged
IMG_7011.jpg,slightly_aged,6.0,94.0,6,2025-09-21,2,5,/content/drive/MyDrive/spoilage_dataset/dataset_root/slightly_aged/IMG_7011.jpg,1.6083003e-06,0.9988023,0.0011958949,1.1198653e-07,slightly_aged
IMG_7012.jpg,slightly_aged,6.0,94.0,6,2025-09-21,2,5,/content/drive/MyDrive/spoilage_dataset/dataset_root/slightly_aged/IMG_7012.jpg,5.184921e-06,0.9958402,0.004154487,1.5030275e-07,slightly_aged
IMG_7013.jpg,slightly_aged,6.0,94.0,6,2025-09-21,2,5,/content/drive/MyDrive/spoilage_dataset/dataset_root/slightly_aged/IMG_7013.jpg,5.5169357e-06,0.99650514,0.0034890645,3.7035437e-07,slightly_aged
IMG_7014.jpg,slightly_aged,6.0,94.0,6,2025-09-21,2,5,/content/drive/MyDrive/spoilage_dataset/dataset_root/slightly_aged/IMG_7014.jpg,1.7675273e-05,0.9716017,0.028379485,1.0890743e-06,slightly_aged
IMG_7015.jpg,slightly_aged,6.0,94.0,6,2025-09-21,2,5,/content/drive/MyDrive/spoilage_dataset/dataset_root/slightly_aged/IMG_7015.jpg,1.1978113e-06,0.9935939,0.0064044874,5.157759e-07,slightly_aged
IMG_7016.jpg,slightly_aged,6.0,94.0,6,2025-09-21,2,5,/content/drive/MyDrive/spoilage_dataset/dataset_root/slightly_aged/IMG_7016.jpg,1.690041e-05,0.9641185,0.035863236,1.3924581e-06,slightly_aged
IMG_7017.jpg,slightly_aged,6.0,94.0,6,2025-09-21,2,5,/content/drive/MyDrive/spoilage_dataset/dataset_root/slightly_aged/IMG_7017.jpg,0.0002454153,0.959992,0.03975861,4.0463174e-06,slightly_aged
IMG_7019.jpg,slightly_aged,6.0,94.0,6,2025-09-21,2,5,/content/drive/MyDrive/spoilage_dataset/dataset_root/slightly_aged/IMG_7019.jpg,8.0417536e-05,0.9656513,0.03426752,7.2441554e-07,slightly_aged
IMG_7020.jpg,slightly_aged,6.0,94.0,6,2025-09-21,2,5,/content/drive/MyDrive/spoilage_dataset/dataset_root/slightly_aged/IMG_7020.jpg,9.079357e-05,0.98738945,0.012517938,1.8816452e-06,slightly_aged
IMG_7021.jpg,slightly_aged,6.0,94.0,6,2025-09-21,2,5,/content/drive/MyDrive/spoilage_dataset/dataset_root/slightly_aged/IMG_7021.jpg,0.00015214412,0.9688741,0.030972349,1.4408863e-06,slightly_aged
IMG_7022.jpg,slightly_aged,6.0,94.0,6,2025-09-21,2,5,/content/drive/MyDrive/spoilage_dataset/dataset_root/slightly_aged/IMG_7022.jpg,0.0002993369,0.96174407,0.037953377,3.1927636e-06,slightly_aged
IMG_7023.jpg,slightly_aged,6.0,94.0,6,2025-09-21,2,5,/content/drive/MyDrive/spoilage_dataset/dataset_root/slightly_aged/IMG_7023.jpg,0.00013094721,0.97703016,0.022838373,5.640074e-07,slightly_aged
IMG_7024.jpg,slightly_aged,6.0,94.0,6,2025-09-21,2,5,/content/drive/MyDrive/spoilage_dataset/dataset_root/slightly_aged/IMG_7024.jpg,0.00016860546,0.9748975,0.024932515,1.3500598e-06,slightly_aged
IMG_7025.jpg,slightly_aged,6.0,94.0,6,2025-09-21,2,5,/content/drive/MyDrive/spoilage_dataset/dataset_root/slightly_aged/IMG_7025.jpg,6.164563e-05,0.9899352,0.010002173,1.0256723e-06,slightly_aged
IMG_7027.jpg,slightly_aged,6.0,94.0,6,2025-09-21,2,5,/content/drive/MyDrive/spoilage_dataset/dataset_root/slightly_aged/IMG_7027.jpg,2.827401e-05,0.97218114,0.027790109,4.4827306e-07,slightly_aged
IMG_7028.jpg,slightly_aged,6.0,94.0,6,2025-09-21,2,5,/content/drive/MyDrive/spoilage_dataset/dataset_root/slightly_aged/IMG_7028.jpg,4.5655e-06,0.96708864,0.032906592,1.16528206e-07,slightly_aged
IMG_7029.jpg,slightly_aged,6.0,94.0,6,2025-09-21,2,5,/content/drive/MyDrive/spoilage_dataset/dataset_root/slightly_aged/IMG_7029.jpg,8.799951e-06,0.9893896,0.010601211,3.572235e-07,slightly_aged
IMG_7030.jpg,slightly_aged,6.0,94.0,6,2025-09-21,2,5,/content/drive/MyDrive/spoilage_dataset/dataset_root/slightly_aged/IMG_7030.jpg,9.7867905e-06,0.98505265,0.014937463,1.5830797e-07,slightly_aged
IMG_7032.jpg,slightly_aged,6.0,94.0,6,2025-09-21,2,5,/content/drive/MyDrive/spoilage_dataset/dataset_root/slightly_aged/IMG_7032.jpg,0.013952551,0.9860124,3.5062727e-05,2.928043e-08,slightly_aged
IMG_7033.jpg,slightly_aged,6.0,94.0,6,2025-09-21,2,5,/content/drive/MyDrive/spoilage_dataset/dataset_root/slightly_aged/IMG_7033.jpg,0.0014011943,0.99855286,4.5936908e-05,3.9659742e-08,slightly_aged
IMG_7035.jpg,slightly_aged,6.0,94.0,6,2025-09-21,2,5,/content/drive/MyDrive/spoilage_dataset/dataset_root/slightly_aged/IMG_7035.jpg,0.0068093897,0.9931832,7.4329914e-06,1.0208396e-08,slightly_aged
IMG_7036.jpg,slightly_aged,6.0,94.0,6,2025-09-21,2,5,/content/drive/MyDrive/spoilage_dataset/dataset_root/slightly_aged/IMG_7036.jpg,0.005075548,0.9949019,2.2451984e-05,7.63438e-08,slightly_aged
IMG_7037.jpg,slightly_aged,6.0,94.0,6,2025-09-21,2,5,/content/drive/MyDrive/spoilage_dataset/dataset_root/slightly_aged/IMG_7037.jpg,0.013775534,0.9861953,2.9152654e-05,4.0078838e-08,slightly_aged
IMG_7038.jpg,slightly_aged,6.0,94.0,6,2025-09-21,2,5,/content/drive/MyDrive/spoilage_dataset/dataset_root/slightly_aged/IMG_7038.jpg,0.010179885,0.98980194,1.8199435e-05,4.8918732e-08,slightly_aged
IMG_7039.jpg,slightly_aged,6.0,94.0,6,2025-09-21,2,5,/content/drive/MyDrive/spoilage_dataset/dataset_root/slightly_aged/IMG_7039.jpg,0.010461017,0.9895068,3.2108896e-05,1.0978612e-07,slightly_aged
IMG_7040.jpg,slightly_aged,6.0,94.0,6,2025-09-21,2,5,/content/drive/MyDrive/spoilage_dataset/dataset_root/slightly_aged/IMG_7040.jpg,0.002886162,0.99710387,9.99878e-06,3.74193e-08,slightly_aged
IMG_7041.jpg,slightly_aged,6.0,94.0,6,2025-09-21,2,5,/content/drive/MyDrive/spoilage_dataset/dataset_root/slightly_aged/IMG_7041.jpg,0.0031097424,0.9968767,1.3593078e-05,1.5186004e-08,slightly_aged
IMG_7043.jpg,slightly_aged,6.0,94.0,6,2025-09-21,2,5,/content/drive/MyDrive/spoilage_dataset/dataset_root/slightly_aged/IMG_7043.jpg,0.001313889,0.99867284,1.3284116e-05,8.9754995e-09,slightly_aged
IMG_7044.jpg,slightly_aged,6.0,94.0,6,2025-09-21,2,5,/content/drive/MyDrive/spoilage_dataset/dataset_root/slightly_aged/IMG_7044.jpg,0.001075248,0.9989202,4.5441107e-06,4.868978e-09,slightly_aged
IMG_7045.jpg,slightly_aged,6.0,94.0,6,2025-09-21,2,5,/content/drive/MyDrive/spoilage_dataset/dataset_root/slightly_aged/IMG_7045.jpg,0.0008107282,0.9991862,3.0450112e-06,3.6697403e-09,slightly_aged
IMG_7046.jpg,slightly_aged,6.0,94.0,6,2025-09-21,2,5,/content/drive/MyDrive/spoilage_dataset/dataset_root/slightly_aged/IMG_7046.jpg,0.0017720379,0.99822646,1.5801669e-06,6.75624e-10,slightly_aged
IMG_7047.jpg,slightly_aged,6.0,94.0,6,2025-09-21,2,5,/content/drive/MyDrive/spoilage_dataset/dataset_root/slightly_aged/IMG_7047.jpg,0.0010580454,0.99893886,3.0721244e-06,5.7285603e-09,slightly_aged
IMG_7048.jpg,slightly_aged,6.0,94.0,6,2025-09-21,2,5,/content/drive/MyDrive/spoilage_dataset/dataset_root/slightly_aged/IMG_7048.jpg,0.0009405101,0.9990571,2.3492455e-06,2.7806804e-09,slightly_aged
IMG_7049.jpg,slightly_aged,6.0,94.0,6,2025-09-21,2,5,/content/drive/MyDrive/spoilage_dataset/dataset_root/slightly_aged/IMG_7049.jpg,0.00013401077,0.9998642,1.7352835e-06,1.7708465e-09,slightly_aged
IMG_7051.jpg,slightly_aged,6.0,94.0,6,2025-09-21,2,5,/content/drive/MyDrive/spoilage_dataset/dataset_root/slightly_aged/IMG_7051.jpg,0.010724743,0.98925704,1.8167919e-05,2.8347346e-08,slightly_aged
IMG_7052.jpg,slightly_aged,6.0,94.0,6,2025-09-21,2,5,/content/drive/MyDrive/spoilage_dataset/dataset_root/slightly_aged/IMG_7052.jpg,0.0007436867,0.9992488,7.5135868e-06,6.0863505e-09,slightly_aged
IMG_7053.jpg,slightly_aged,6.0,94.0,6,2025-09-21,2,5,/content/drive/MyDrive/spoilage_dataset/dataset_root/slightly_aged/IMG_7053.jpg,1.0633925e-08,0.99995446,4.5594803e-05,2.9561749e-09,slightly_aged
IMG_7054.jpg,slightly_aged,6.0,94.0,6,2025-09-21,2,5,/content/drive/MyDrive/spoilage_dataset/dataset_root/slightly_aged/IMG_7054.jpg,5.961209e-09,0.99998236,1.7700866e-05,2.9221223e-09,slightly_aged
IMG_7055.jpg,slightly_aged,6.0,94.0,6,2025-09-21,2,5,/content/drive/MyDrive/spoilage_dataset/dataset_root/slightly_aged/IMG_7055.jpg,1.4749971e-09,0.9999945,5.471311e-06,2.4069957e-09,slightly_aged
IMG_7056.jpg,slightly_aged,6.0,94.0,6,2025-09-21,2,5,/content/drive/MyDrive/spoilage_dataset/dataset_root/slightly_aged/IMG_7056.jpg,8.5964796e-10,0.9999945,5.4724587e-06,6.115215e-11,slightly_aged
IMG_7057.jpg,slightly_aged,6.0,94.0,6,2025-09-21,2,5,/content/drive/MyDrive/spoilage_dataset/dataset_root/slightly_aged/IMG_7057.jpg,1.0258011e-09,0.9999924,7.5846515e-06,2.0259053e-11,slightly_aged
IMG_7059.jpg,slightly_aged,6.0,94.0,6,2025-09-21,2,5,/content/drive/MyDrive/spoilage_dataset/dataset_root/slightly_aged/IMG_7059.jpg,9.7172305e-11,0.9999976,2.3785967e-06,1.6281455e-11,slightly_aged
IMG_7060.jpg,slightly_aged,6.0,94.0,6,2025-09-21,2,5,/content/drive/MyDrive/spoilage_dataset/dataset_root/slightly_aged/IMG_7060.jpg,3.973292e-10,0.9999995,4.6983232e-07,1.0709886e-11,slightly_aged
IMG_7061.jpg,slightly_aged,6.0,94.0,6,2025-09-21,2,5,/content/drive/MyDrive/spoilage_dataset/dataset_root/slightly_aged/IMG_7061.jpg,5.626412e-10,0.99999905,9.960737e-07,5.8183347e-11,slightly_aged
IMG_7062.jpg,slightly_aged,6.0,94.0,6,2025-09-21,2,5,/content/drive/MyDrive/spoilage_dataset/dataset_root/slightly_aged/IMG_7062.jpg,3.2539887e-10,0.9999969,3.0898216e-06,1.05719695e-11,slightly_aged
IMG_7063.jpg,slightly_aged,6.0,94.0,6,2025-09-21,2,5,/content/drive/MyDrive/spoilage_dataset/dataset_root/slightly_aged/IMG_7063.jpg,1.5087413e-10,0.9999993,6.7277324e-07,8.1611856e-11,slightly_aged
IMG_7064.jpg,slightly_aged,6.0,94.0,6,2025-09-21,2,5,/content/drive/MyDrive/spoilage_dataset/dataset_root/slightly_aged/IMG_7064.jpg,6.133165e-11,0.99999964,3.0753733e-07,1.5987482e-11,slightly_aged
IMG_7065.jpg,slightly_aged,6.0,94.0,6,2025-09-21,2,5,/content/drive/MyDrive/spoilage_dataset/dataset_root/slightly_aged/IMG_7065.jpg,1.0419128e-09,0.9999938,6.2220743e-06,1.3293158e-10,slightly_aged
IMG_7067.jpg,slightly_aged,6.0,94.0,6,2025-09-21,2,5,/content/drive/MyDrive/spoilage_dataset/dataset_root/slightly_aged/IMG_7067.jpg,2.1135775e-10,0.9999988,1.1741673e-06,2.6690249e-11,slightly_aged
IMG_7068.jpg,slightly_aged,6.0,94.0,6,2025-09-21,2,5,/content/drive/MyDrive/spoilage_dataset/dataset_root/slightly_aged/IMG_7068.jpg,8.6335564e-11,0.9999995,4.831947e-07,9.807552e-12,slightly_aged
IMG_7069.jpg,slightly_aged,6.0,94.0,6,2025-09-21,2,5,/content/drive/MyDrive/spoilage_dataset/dataset_root/slightly_aged/IMG_7069.jpg,2.4304206e-10,0.9999964,3.5878106e-06,1.3237049e-10,slightly_aged
IMG_7070.jpg,slightly_aged,6.0,94.0,6,2025-09-21,2,5,/content/drive/MyDrive/spoilage_dataset/dataset_root/slightly_aged/IMG_7070.jpg,1.5025498e-10,0.9999993,7.5254246e-07,7.782761e-12,slightly_aged
IMG_7071.jpg,slightly_aged,6.0,94.0,6,2025-09-21,2,5,/content/drive/MyDrive/spoilage_dataset/dataset_root/slightly_aged/IMG_7071.jpg,4.1225026e-10,0.99999404,5.925081e-06,1.6824535e-09,slightly_aged
IMG_7072.jpg,slightly_aged,6.0,94.0,6,2025-09-21,2,5,/content/drive/MyDrive/spoilage_dataset/dataset_root/slightly_aged/IMG_7072.jpg,1.6439962e-09,0.9999765,2.3534343e-05,3.4498981e-09,slightly_aged
IMG_7073.jpg,slightly_aged,6.0,94.0,6,2025-09-21,2,5,/content/drive/MyDrive/spoilage_dataset/dataset_root/slightly_aged/IMG_7073.jpg,7.7466733e-10,0.9999988,1.1692094e-06,1.1139338e-11,slightly_aged
IMG_7075.jpg,slightly_aged,6.0,94.0,6,2025-09-21,2,5,/content/drive/MyDrive/spoilage_dataset/dataset_root/slightly_aged/IMG_7075.jpg,1.8433692e-10,0.99999726,2.7863048e-06,6.1289876e-11,slightly_aged
IMG_7076.jpg,slightly_aged,6.0,94.0,6,2025-09-21,2,5,/content/drive/MyDrive/spoilage_dataset/dataset_root/slightly_aged/IMG_7076.jpg,5.7303096e-10,0.9999937,6.287054e-06,2.2534221e-11,slightly_aged
IMG_7077.jpg,slightly_aged,6.0,94.0,6,2025-09-21,2,5,/content/drive/MyDrive/spoilage_dataset/dataset_root/slightly_aged/IMG_7077.jpg,1.6432665e-09,0.9999865,1.3472755e-05,2.1629096e-10,slightly_aged
IMG_7078.jpg,slightly_aged,6.0,94.0,6,2025-09-21,2,5,/content/drive/MyDrive/spoilage_dataset/dataset_root/slightly_aged/IMG_7078.jpg,8.0974943e-10,0.9999937,6.2767435e-06,3.748749e-11,slightly_aged
IMG_7079.jpg,slightly_aged,6.0,94.0,6,2025-09-21,2,5,/content/drive/MyDrive/spoilage_dataset/dataset_root/slightly_aged/IMG_7079.jpg,1.4453376e-10,0.9999989,1.0919132e-06,5.5559793e-12,slightly_aged
IMG_7080.jpg,slightly_aged,6.0,94.0,6,2025-09-21,2,5,/content/drive/MyDrive/spoilage_dataset/dataset_root/slightly_aged/IMG_7080.jpg,7.969824e-11,0.99999964,3.3787452e-07,5.7355644e-12,slightly_aged
IMG_7081.jpg,slightly_aged,6.0,94.0,6,2025-09-21,2,5,/content/drive/MyDrive/spoilage_dataset/dataset_root/slightly_aged/IMG_7081.jpg,1.1761758e-09,0.9999919,8.152169e-06,3.8592067e-11,slightly_aged
IMG_7083.jpg,slightly_aged,6.0,94.0,6,2025-09-21,2,5,/content/drive/MyDrive/spoilage_dataset/dataset_root/slightly_aged/IMG_7083.jpg,1.7442657e-10,0.9999956,4.4159246e-06,1.5336434e-11,slightly_aged
IMG_7084.jpg,slightly_aged,6.0,94.0,6,2025-09-21,2,5,/content/drive/MyDrive/spoilage_dataset/dataset_root/slightly_aged/IMG_7084.jpg,5.649116e-10,0.99999213,7.9035335e-06,8.520122e-12,slightly_aged
IMG_7085.jpg,slightly_aged,6.0,94.0,6,2025-09-21,2,5,/content/drive/MyDrive/spoilage_dataset/dataset_root/slightly_aged/IMG_7085.jpg,2.0930082e-09,0.9999938,6.178743e-06,5.6720552e-11,slightly_aged
IMG_7086.jpg,slightly_aged,6.0,94.0,6,2025-09-21,2,5,/content/drive/MyDrive/spoilage_dataset/dataset_root/slightly_aged/IMG_7086.jpg,1.00496084e-10,0.99999833,1.625256e-06,1.8439117e-11,slightly_aged
IMG_7087.jpg,slightly_aged,6.0,94.0,6,2025-09-21,2,5,/content/drive/MyDrive/spoilage_dataset/dataset_root/slightly_aged/IMG_7087.jpg,3.594344e-10,0.99999726,2.795602e-06,1.18746055e-11,slightly_aged
IMG_7088.jpg,slightly_aged,6.0,94.0,6,2025-09-21,2,5,/content/drive/MyDrive/spoilage_dataset/dataset_root/slightly_aged/IMG_7088.jpg,1.6550344e-09,0.9999888,1.1255882e-05,1.281636e-10,slightly_aged
IMG_7089.jpg,slightly_aged,6.0,94.0,6,2025-09-21,2,5,/content/drive/MyDrive/spoilage_dataset/dataset_root/slightly_aged/IMG_7089.jpg,2.3547977e-09,0.9999702,2.9774845e-05,6.4628425e-10,slightly_aged
IMG_7091.jpg,slightly_aged,6.0,94.0,6,2025-09-21,2,5,/content/drive/MyDrive/spoilage_dataset/dataset_root/slightly_aged/IMG_7091.jpg,1.6051853e-10,0.9999968,3.242966e-06,2.3460116e-12,slightly_aged
IMG_7092.jpg,slightly_aged,6.0,94.0,6,2025-09-21,2,5,/content/drive/MyDrive/spoilage_dataset/dataset_root/slightly_aged/IMG_7092.jpg,1.2365878e-09,0.9999924,7.603764e-06,9.548058e-12,slightly_aged
IMG_7093.jpg,slightly_aged,7.0,93.0,6,2025-09-21,2,5,/content/drive/MyDrive/spoilage_dataset/dataset_root/slightly_aged/IMG_7093.jpg,7.785039e-09,0.99996233,3.762557e-05,2.7199082e-10,slightly_aged
IMG_7094.jpg,slightly_aged,7.0,93.0,6,2025-09-21,2,5,/content/drive/MyDrive/spoilage_dataset/dataset_root/slightly_aged/IMG_7094.jpg,4.391858e-09,0.99997866,2.1392883e-05,1.2933833e-10,slightly_aged
IMG_7095.jpg,slightly_aged,7.0,93.0,6,2025-09-21,2,5,/content/drive/MyDrive/spoilage_dataset/dataset_root/slightly_aged/IMG_7095.jpg,3.2293872e-09,0.99999094,9.0897365e-06,2.2351175e-10,slightly_aged
IMG_7096.jpg,slightly_aged,7.0,93.0,6,2025-09-21,2,5,/content/drive/MyDrive/spoilage_dataset/dataset_root/slightly_aged/IMG_7096.jpg,1.3626226e-08,0.99997854,2.1426611e-05,2.2974388e-10,slightly_aged
IMG_7097.jpg,slightly_aged,7.0,93.0,6,2025-09-21,2,5,/content/drive/MyDrive/spoilage_dataset/dataset_root/slightly_aged/IMG_7097.jpg,2.17891e-09,0.9999788,2.1207568e-05,1.8982718e-10,slightly_aged
IMG_7099.jpg,slightly_aged,7.0,93.0,6,2025-09-21,2,5,/content/drive/MyDrive/spoilage_dataset/dataset_root/slightly_aged/IMG_7099.jpg,1.6563906e-08,0.99997187,2.8154356e-05,8.653236e-10,slightly_aged
IMG_7100.jpg,slightly_aged,7.0,93.0,6,2025-09-21,2,5,/content/drive/MyDrive/spoilage_dataset/dataset_root/slightly_aged/IMG_7100.jpg,6.4535666e-09,0.99997914,2.0827889e-05,1.9815562e-10,slightly_aged
IMG_7101.jpg,slightly_aged,7.0,93.0,6,2025-09-21,2,5,/content/drive/MyDrive/spoilage_dataset/dataset_root/slightly_aged/IMG_7101.jpg,2.1049578e-08,0.9997068,0.00029318774,5.620843e-10,slightly_aged
IMG_7102.jpg,slightly_aged,7.0,93.0,6,2025-09-21,2,5,/content/drive/MyDrive/spoilage_dataset/dataset_root/slightly_aged/IMG_7102.jpg,2.6557958e-09,0.9999728,2.7180973e-05,7.4930125e-11,slightly_aged
IMG_7103.jpg,slightly_aged,7.0,93.0,6,2025-09-21,2,5,/content/drive/MyDrive/spoilage_dataset/dataset_root/slightly_aged/IMG_7103.jpg,8.2832036e-10,0.9999924,7.5875164e-06,2.9208726e-11,slightly_aged
IMG_7104.jpg,slightly_aged,7.0,93.0,6,2025-09-21,2,5,/content/drive/MyDrive/spoilage_dataset/dataset_root/slightly_aged/IMG_7104.jpg,6.3013244e-09,0.99998605,1.3908748e-05,3.2960545e-10,slightly_aged
IMG_7105.jpg,slightly_aged,7.0,93.0,6,2025-09-21,2,5,/content/drive/MyDrive/spoilage_dataset/dataset_root/slightly_aged/IMG_7105.jpg,3.2635468e-09,0.9999807,1.9285784e-05,2.457371e-10,slightly_aged
IMG_7107.jpg,slightly_aged,7.0,93.0,6,2025-09-21,2,5,/content/drive/MyDrive/spoilage_dataset/dataset_root/slightly_aged/IMG_7107.jpg,7.1284825e-07,0.9997484,0.00025067743,2.528562e-07,slightly_aged
IMG_7108.jpg,slightly_aged,7.0,93.0,6,2025-09-21,2,5,/content/drive/MyDrive/spoilage_dataset/dataset_root/slightly_aged/IMG_7108.jpg,8.5669335e-06,0.9974341,0.0025551321,2.286184e-06,slightly_aged
IMG_7109.jpg,slightly_aged,7.0,93.0,6,2025-09-21,2,5,/content/drive/MyDrive/spoilage_dataset/dataset_root/slightly_aged/IMG_7109.jpg,3.256829e-08,0.99998534,1.4690765e-05,4.2609688e-10,slightly_aged
IMG_7110.jpg,slightly_aged,7.0,93.0,6,2025-09-21,2,5,/content/drive/MyDrive/spoilage_dataset/dataset_root/slightly_aged/IMG_7110.jpg,4.6374575e-09,0.999995,4.961154e-06,8.743554e-11,slightly_aged
IMG_7111.jpg,slightly_aged,7.0,93.0,6,2025-09-21,2,5,/content/drive/MyDrive/spoilage_dataset/dataset_root/slightly_aged/IMG_7111.jpg,6.036195e-08,0.99995875,4.1146614e-05,3.5572834e-09,slightly_aged
IMG_7112.jpg,slightly_aged,7.0,93.0,6,2025-09-21,2,5,/content/drive/MyDrive/spoilage_dataset/dataset_root/slightly_aged/IMG_7112.jpg,3.5233196e-09,0.9999974,2.627235e-06,1.35419965e-11,slightly_aged
IMG_7113.jpg,slightly_aged,7.0,93.0,6,2025-09-21,2,5,/content/drive/MyDrive/spoilage_dataset/dataset_root/slightly_aged/IMG_7113.jpg,6.115099e-09,0.99998975,1.0259237e-05,4.7127267e-09,slightly_aged
IMG_7115.jpg,slightly_aged,7.0,93.0,6,2025-09-21,2,5,/content/drive/MyDrive/spoilage_dataset/dataset_root/slightly_aged/IMG_7115.jpg,1.2002539e-10,0.99999917,8.458681e-07,1.0751185e-11,slightly_aged
IMG_7116.jpg,slightly_aged,7.0,93.0,6,2025-09-21,2,5,/content/drive/MyDrive/spoilage_dataset/dataset_root/slightly_aged/IMG_7116.jpg,1.1290455e-09,0.9999974,2.57363e-06,6.1392107e-12,slightly_aged
IMG_7117.jpg,slightly_aged,7.0,93.0,6,2025-09-21,2,5,/content/drive/MyDrive/spoilage_dataset/dataset_root/slightly_aged/IMG_7117.jpg,6.107808e-10,0.9999989,1.1265408e-06,4.4630436e-12,slightly_aged
IMG_7118.jpg,slightly_aged,7.0,93.0,6,2025-09-21,2,5,/content/drive/MyDrive/spoilage_dataset/dataset_root/slightly_aged/IMG_7118.jpg,1.2469889e-10,0.9999994,6.209835e-07,8.4958706e-13,slightly_aged
IMG_7119.jpg,slightly_aged,7.0,93.0,6,2025-09-21,2,5,/content/drive/MyDrive/spoilage_dataset/dataset_root/slightly_aged/IMG_7119.jpg,2.363506e-10,0.9999999,1.7233626e-07,4.142241e-13,slightly_aged
IMG_7120.jpg,slightly_aged,7.0,93.0,6,2025-09-21,2,5,/content/drive/MyDrive/spoilage_dataset/dataset_root/slightly_aged/IMG_7120.jpg,2.7556114e-11,0.99999976,2.1080086e-07,3.744823e-13,slightly_aged
IMG_7121.jpg,slightly_aged,7.0,93.0,6,2025-09-21,2,5,/content/drive/MyDrive/spoilage_dataset/dataset_root/slightly_aged/IMG_7121.jpg,1.4186948e-09,0.99999714,2.880586e-06,4.7130065e-12,slightly_aged
IMG_7123.jpg,slightly_aged,7.0,93.0,6,2025-09-21,2,5,/content/drive/MyDrive/spoilage_dataset/dataset_root/slightly_aged/IMG_7123.jpg,1.6838678e-11,0.9999999,1.554507e-07,8.551307e-14,slightly_aged
IMG_7124.jpg,slightly_aged,7.0,93.0,6,2025-09-21,2,5,/content/drive/MyDrive/spoilage_dataset/dataset_root/slightly_aged/IMG_7124.jpg,1.2208891e-11,1.0,4.1273545e-08,1.5683509e-13,slightly_aged
IMG_7125.jpg,slightly_aged,7.0,93.0,6,2025-09-21,2,5,/content/drive/MyDrive/spoilage_dataset/dataset_root/slightly_aged/IMG_7125.jpg,1.0353044e-08,0.9999877,1.2226746e-05,1.6725418e-11,slightly_aged
IMG_7126.jpg,slightly_aged,7.0,93.0,6,2025-09-21,2,5,/content/drive/MyDrive/spoilage_dataset/dataset_root/slightly_aged/IMG_7126.jpg,3.8804724e-09,0.9999968,3.2007003e-06,1.1141036e-11,slightly_aged
IMG_7129.jpg,slightly_aged,7.0,93.0,6,2025-09-21,2,5,/content/drive/MyDrive/spoilage_dataset/dataset_root/slightly_aged/IMG_7129.jpg,1.0788116e-06,0.93994385,0.060054887,8.012182e-08,slightly_aged
IMG_7130.jpg,slightly_aged,7.0,93.0,6,2025-09-21,2,5,/content/drive/MyDrive/spoilage_dataset/dataset_root/slightly_aged/IMG_7130.jpg,1.8850325e-07,0.99837375,0.0016260277,1.4795183e-09,slightly_aged
IMG_7131.jpg,slightly_aged,7.0,93.0,6,2025-09-21,2,5,/content/drive/MyDrive/spoilage_dataset/dataset_root/slightly_aged/IMG_7131.jpg,1.3396225e-09,0.9998777,0.00012228695,1.9919233e-10,slightly_aged
IMG_7134.jpg,slightly_aged,7.0,93.0,6,2025-09-21,2,5,/content/drive/MyDrive/spoilage_dataset/dataset_root/slightly_aged/IMG_7134.jpg,2.3425208e-08,0.9999591,4.084917e-05,5.2305232e-08,slightly_aged
IMG_7135.jpg,slightly_aged,7.0,93.0,6,2025-09-21,2,5,/content/drive/MyDrive/spoilage_dataset/dataset_root/slightly_aged/IMG_7135.jpg,2.910334e-09,0.999997,3.0153892e-06,1.6437728e-09,slightly_aged
IMG_7136.jpg,slightly_aged,7.0,93.0,6,2025-09-21,2,5,/content/drive/MyDrive/spoilage_dataset/dataset_root/slightly_aged/IMG_7136.jpg,3.8405386e-08,0.9998449,0.00015501177,1.091849e-08,slightly_aged
IMG_7137.jpg,slightly_aged,7.0,93.0,6,2025-09-21,2,5,/content/drive/MyDrive/spoilage_dataset/dataset_root/slightly_aged/IMG_7137.jpg,2.0507905e-07,0.9992198,0.000780009,6.99633e-09,slightly_aged
IMG_7138.jpg,slightly_aged,7.0,93.0,6,2025-09-21,2,5,/content/drive/MyDrive/spoilage_dataset/dataset_root/slightly_aged/IMG_7138.jpg,1.7006906e-08,0.9997999,0.00020012411,5.5546034e-10,slightly_aged
IMG_7139.jpg,slightly_aged,7.0,93.0,6,2025-09-21,2,5,/content/drive/MyDrive/spoilage_dataset/dataset_root/slightly_aged/IMG_7139.jpg,1.9918913e-08,0.99986815,0.00013185438,8.840476e-10,slightly_aged
IMG_7140.jpg,slightly_aged,7.0,93.0,6,2025-09-21,2,5,/content/drive/MyDrive/spoilage_dataset/dataset_root/slightly_aged/IMG_7140.jpg,1.4895802e-09,0.9999356,6.431353e-05,1.9560818e-10,slightly_aged
IMG_7142.jpg,slightly_aged,7.0,93.0,6,2025-09-21,2,5,/content/drive/MyDrive/spoilage_dataset/dataset_root/slightly_aged/IMG_7142.jpg,5.6812484e-09,0.9998785,0.000121469704,7.606495e-10,slightly_aged
IMG_7143.jpg,slightly_aged,7.0,93.0,6,2025-09-21,2,5,/content/drive/MyDrive/spoilage_dataset/dataset_root/slightly_aged/IMG_7143.jpg,8.285213e-10,0.99996793,3.204629e-05,3.3864203e-10,slightly_aged
IMG_7144.jpg,slightly_aged,7.0,93.0,6,2025-09-21,2,5,/content/drive/MyDrive/spoilage_dataset/dataset_root/slightly_aged/IMG_7144.jpg,4.64916e-09,0.99995947,4.0533687e-05,5.943033e-09,slightly_aged
IMG_7145.jpg,slightly_aged,7.0,93.0,7,2025-09-21,2,5,/content/drive/MyDrive/spoilage_dataset/dataset_root/slightly_aged/IMG_7145.jpg,1.2060214e-07,0.9995559,0.0004439497,1.8768669e-09,slightly_aged
IMG_7146.jpg,slightly_aged,7.0,93.0,7,2025-09-21,2,5,/content/drive/MyDrive/spoilage_dataset/dataset_root/slightly_aged/IMG_7146.jpg,3.5907192e-08,0.99996006,3.990994e-05,1.1756001e-09,slightly_aged
IMG_7147.jpg,slightly_aged,7.0,93.0,7,2025-09-21,2,5,/content/drive/MyDrive/spoilage_dataset/dataset_root/slightly_aged/IMG_7147.jpg,3.108326e-08,0.99979204,0.00020798222,1.0460535e-08,slightly_aged
IMG_7148.jpg,slightly_aged,7.0,93.0,7,2025-09-21,2,5,/content/drive/MyDrive/spoilage_dataset/dataset_root/slightly_aged/IMG_7148.jpg,6.3466365e-09,0.99998343,1.6623324e-05,2.9733493e-09,slightly_aged
IMG_7150.jpg,slightly_aged,7.0,93.0,7,2025-09-21,2,5,/content/drive/MyDrive/spoilage_dataset/dataset_root/slightly_aged/IMG_7150.jpg,1.8066746e-08,0.99990106,9.8925884e-05,1.304216e-08,slightly_aged
IMG_7151.jpg,slightly_aged,7.0,93.0,7,2025-09-21,2,5,/content/drive/MyDrive/spoilage_dataset/dataset_root/slightly_aged/IMG_7151.jpg,8.3469075e-08,0.99947983,0.00052013586,2.7960239e-08,slightly_aged
IMG_7152.jpg,slightly_aged,7.0,93.0,7,2025-09-21,2,5,/content/drive/MyDrive/spoilage_dataset/dataset_root/slightly_aged/IMG_7152.jpg,2.3615574e-09,0.9999585,4.1439747e-05,5.287199e-09,slightly_aged
IMG_7153.jpg,slightly_aged,7.0,93.0,7,2025-09-21,2,5,/content/drive/MyDrive/spoilage_dataset/dataset_root/slightly_aged/IMG_7153.jpg,3.6593633e-09,0.99996483,3.5147015e-05,2.1470885e-09,slightly_aged
IMG_7154.jpg,slightly_aged,7.0,93.0,7,2025-09-21,2,5,/content/drive/MyDrive/spoilage_dataset/dataset_root/slightly_aged/IMG_7154.jpg,6.025019e-09,0.9999486,5.140823e-05,4.9885823e-10,slightly_aged
IMG_7155.jpg,slightly_aged,7.0,93.0,7,2025-09-21,2,5,/content/drive/MyDrive/spoilage_dataset/dataset_root/slightly_aged/IMG_7155.jpg,1.1498697e-08,0.9999776,2.2386303e-05,1.4265986e-09,slightly_aged
IMG_7156.jpg,slightly_aged,7.0,93.0,7,2025-09-21,2,5,/content/drive/MyDrive/spoilage_dataset/dataset_root/slightly_aged/IMG_7156.jpg,1.5031729e-08,0.9999455,5.4459753e-05,1.2816765e-09,slightly_aged
IMG_7158.jpg,slightly_aged,7.0,93.0,7,2025-09-21,2,5,/content/drive/MyDrive/spoilage_dataset/dataset_root/slightly_aged/IMG_7158.jpg,4.3124884e-10,0.99997234,2.7613052e-05,1.7069322e-11,slightly_aged
IMG_7159.jpg,slightly_aged,7.0,93.0,7,2025-09-21,2,5,/content/drive/MyDrive/spoilage_dataset/dataset_root/slightly_aged/IMG_7159.jpg,4.6240163e-09,0.9997054,0.00029459485,2.3696112e-10,slightly_aged
IMG_7160.jpg,slightly_aged,7.0,93.0,7,2025-09-21,2,5,/content/drive/MyDrive/spoilage_dataset/dataset_root/slightly_aged/IMG_7160.jpg,1.0787196e-09,0.9999355,6.4470485e-05,2.1679869e-10,slightly_aged
IMG_7161.jpg,slightly_aged,7.0,93.0,7,2025-09-21,2,5,/content/drive/MyDrive/spoilage_dataset/dataset_root/slightly_aged/IMG_7161.jpg,3.0394782e-09,0.9999713,2.8756134e-05,8.185389e-10,slightly_aged
IMG_7162.jpg,slightly_aged,7.0,93.0,7,2025-09-21,2,5,/content/drive/MyDrive/spoilage_dataset/dataset_root/slightly_aged/IMG_7162.jpg,6.255638e-08,0.99928755,0.0007123353,3.618145e-08,slightly_aged
IMG_7163.jpg,slightly_aged,7.0,93.0,7,2025-09-21,2,5,/content/drive/MyDrive/spoilage_dataset/dataset_root/slightly_aged/IMG_7163.jpg,3.994722e-08,0.9995584,0.000441571,7.426382e-10,slightly_aged
IMG_7164.jpg,slightly_aged,7.0,93.0,7,2025-09-21,2,5,/content/drive/MyDrive/spoilage_dataset/dataset_root/slightly_aged/IMG_7164.jpg,2.5775907e-07,0.9991375,0.00086224725,1.4281222e-08,slightly_aged
IMG_7166.jpg,slightly_aged,7.0,93.0,7,2025-09-21,2,5,/content/drive/MyDrive/spoilage_dataset/dataset_root/slightly_aged/IMG_7166.jpg,1.9807953e-10,0.9999975,2.4767432e-06,2.379885e-10,slightly_aged
IMG_7167.jpg,slightly_aged,7.0,93.0,7,2025-09-21,2,5,/content/drive/MyDrive/spoilage_dataset/dataset_root/slightly_aged/IMG_7167.jpg,4.534965e-09,0.99907935,0.0009205929,3.5746645e-10,slightly_aged
IMG_7168.jpg,slightly_aged,7.0,93.0,7,2025-09-21,2,5,/content/drive/MyDrive/spoilage_dataset/dataset_root/slightly_aged/IMG_7168.jpg,1.1236216e-08,0.9998124,0.00018761361,3.0672676e-09,slightly_aged
IMG_7169.jpg,slightly_aged,7.0,93.0,7,2025-09-21,2,5,/content/drive/MyDrive/spoilage_dataset/dataset_root/slightly_aged/IMG_7169.jpg,3.0605205e-09,0.99967027,0.000329763,1.020519e-08,slightly_aged
IMG_7170.jpg,slightly_aged,7.0,93.0,7,2025-09-21,2,5,/content/drive/MyDrive/spoilage_dataset/dataset_root/slightly_aged/IMG_7170.jpg,2.3239353e-09,0.99994004,5.9912374e-05,9.2496377e-10,slightly_aged
IMG_7171.jpg,slightly_aged,7.0,93.0,7,2025-09-21,2,5,/content/drive/MyDrive/spoilage_dataset/dataset_root/slightly_aged/IMG_7171.jpg,2.8601133e-07,0.9899775,0.010022242,2.340789e-08,slightly_aged
IMG_7172.jpg,slightly_aged,7.0,93.0,7,2025-09-21,2,5,/content/drive/MyDrive/spoilage_dataset/dataset_root/slightly_aged/IMG_7172.jpg,1.3779563e-08,0.9997857,0.00021432278,1.6621888e-09,slightly_aged
IMG_7174.jpg,slightly_aged,7.0,93.0,7,2025-09-21,2,5,/content/drive/MyDrive/spoilage_dataset/dataset_root/slightly_aged/IMG_7174.jpg,7.846817e-10,0.9999267,7.334291e-05,1.1959582e-09,slightly_aged
IMG_7175.jpg,slightly_aged,7.0,93.0,7,2025-09-21,2,5,/content/drive/MyDrive/spoilage_dataset/dataset_root/slightly_aged/IMG_7175.jpg,1.7463497e-09,0.99980456,0.00019544385,2.4547647e-10,slightly_aged
IMG_7176.jpg,slightly_aged,7.0,93.0,7,2025-09-21,2,5,/content/drive/MyDrive/spoilage_dataset/dataset_root/slightly_aged/IMG_7176.jpg,1.2912288e-08,0.99982303,0.00017693837,1.306021e-08,slightly_aged
IMG_7177.jpg,slightly_aged,7.0,93.0,7,2025-09-21,2,5,/content/drive/MyDrive/spoilage_dataset/dataset_root/slightly_aged/IMG_7177.jpg,5.9973814e-08,0.9989538,0.0010460847,5.5362914e-08,slightly_aged
IMG_7178.jpg,slightly_aged,7.0,93.0,7,2025-09-21,2,5,/content/drive/MyDrive/spoilage_dataset/dataset_root/slightly_aged/IMG_7178.jpg,1.6694492e-09,0.99995565,4.43921e-05,1.2077465e-08,slightly_aged
IMG_7179.jpg,slightly_aged,7.0,93.0,7,2025-09-21,2,5,/content/drive/MyDrive/spoilage_dataset/dataset_root/slightly_aged/IMG_7179.jpg,3.363847e-09,0.99998176,1.8285138e-05,3.828073e-09,slightly_aged
IMG_7180.jpg,slightly_aged,7.0,93.0,7,2025-09-21,2,5,/content/drive/MyDrive/spoilage_dataset/dataset_root/slightly_aged/IMG_7180.jpg,1.3209361e-08,0.99963915,0.00036086893,1.4458686e-09,slightly_aged
IMG_7182.jpg,slightly_aged,7.0,93.0,7,2025-09-21,2,5,/content/drive/MyDrive/spoilage_dataset/dataset_root/slightly_aged/IMG_7182.jpg,1.2086526e-08,0.99996173,3.7976857e-05,2.6504557e-07,slightly_aged
IMG_7183.jpg,slightly_aged,7.0,93.0,7,2025-09-21,2,5,/content/drive/MyDrive/spoilage_dataset/dataset_root/slightly_aged/IMG_7183.jpg,1.4052683e-09,0.9999695,3.049964e-05,4.5720405e-09,slightly_aged
IMG_7184.jpg,slightly_aged,7.0,93.0,7,2025-09-21,2,5,/content/drive/MyDrive/spoilage_dataset/dataset_root/slightly_aged/IMG_7184.jpg,3.1686969e-09,0.99992263,7.732213e-05,1.9985444e-09,slightly_aged
IMG_7185.jpg,slightly_aged,7.0,93.0,7,2025-09-21,2,5,/content/drive/MyDrive/spoilage_dataset/dataset_root/slightly_aged/IMG_7185.jpg,1.2759988e-08,0.999526,0.0004740025,1.7464494e-09,slightly_aged
IMG_7186.jpg,slightly_aged,7.0,93.0,7,2025-09-21,2,5,/content/drive/MyDrive/spoilage_dataset/dataset_root/slightly_aged/IMG_7186.jpg,7.9195726e-09,0.9997217,0.00027827043,3.1802003e-08,slightly_aged
IMG_7187.jpg,slightly_aged,7.0,93.0,7,2025-09-21,2,5,/content/drive/MyDrive/spoilage_dataset/dataset_root/slightly_aged/IMG_7187.jpg,4.173398e-09,0.9994312,0.0005687949,2.7182472e-09,slightly_aged
IMG_7188.jpg,slightly_aged,7.0,93.0,7,2025-09-21,2,5,/content/drive/MyDrive/spoilage_dataset/dataset_root/slightly_aged/IMG_7188.jpg,8.861619e-09,0.99872476,0.0012752734,9.568362e-09,slightly_aged
IMG_7190.jpg,slightly_aged,7.0,93.0,7,2025-09-21,2,5,/content/drive/MyDrive/spoilage_dataset/dataset_root/slightly_aged/IMG_7190.jpg,0.47574297,0.503574,0.02066801,1.5036628e-05,slightly_aged
IMG_7191.jpg,slightly_aged,7.0,93.0,7,2025-09-21,2,5,/content/drive/MyDrive/spoilage_dataset/dataset_root/slightly_aged/IMG_7191.jpg,0.20567286,0.7789799,0.015327625,1.957021e-05,slightly_aged
IMG_7192.jpg,slightly_aged,7.0,93.0,7,2025-09-21,2,5,/content/drive/MyDrive/spoilage_dataset/dataset_root/slightly_aged/IMG_7192.jpg,0.043978978,0.92700046,0.028957225,6.335384e-05,slightly_aged
IMG_7193.jpg,slightly_aged,7.0,93.0,7,2025-09-21,2,5,/content/drive/MyDrive/spoilage_dataset/dataset_root/slightly_aged/IMG_7193.jpg,0.60986453,0.372992,0.017137144,6.317505e-06,fresh
IMG_7194.jpg,slightly_aged,7.0,93.0,7,2025-09-21,2,5,/content/drive/MyDrive/spoilage_dataset/dataset_root/slightly_aged/IMG_7194.jpg,0.24058129,0.756435,0.0029816804,2.1148521e-06,slightly_aged
IMG_7195.jpg,slightly_aged,7.0,93.0,7,2025-09-21,2,5,/content/drive/MyDrive/spoilage_dataset/dataset_root/slightly_aged/IMG_7195.jpg,0.053658955,0.94583344,0.0005068698,7.7774524e-07,slightly_aged
IMG_7196.jpg,slightly_aged,7.0,93.0,7,2025-09-21,2,5,/content/drive/MyDrive/spoilage_dataset/dataset_root/slightly_aged/IMG_7196.jpg,0.06754123,0.9294993,0.002944053,1.5272888e-05,slightly_aged
IMG_7198.jpg,slightly_aged,7.0,93.0,7,2025-09-21,2,5,/content/drive/MyDrive/spoilage_dataset/dataset_root/slightly_aged/IMG_7198.jpg,0.013459487,0.98594487,0.0005949017,7.631552e-07,slightly_aged
IMG_7199.jpg,slightly_aged,7.0,93.0,7,2025-09-21,2,5,/content/drive/MyDrive/spoilage_dataset/dataset_root/slightly_aged/IMG_7199.jpg,0.030905286,0.96841097,0.0006827707,1.006193e-06,slightly_aged
IMG_7200.jpg,slightly_aged,7.0,93.0,7,2025-09-21,2,5,/content/drive/MyDrive/spoilage_dataset/dataset_root/slightly_aged/IMG_7200.jpg,0.037582733,0.9609138,0.0015012966,2.1405137e-06,slightly_aged
IMG_7201.jpg,slightly_aged,7.0,93.0,7,2025-09-21,2,5,/content/drive/MyDrive/spoilage_dataset/dataset_root/slightly_aged/IMG_7201.jpg,0.009069213,0.9883294,0.002598395,3.0901715e-06,slightly_aged
IMG_7202.jpg,slightly_aged,7.0,93.0,7,2025-09-21,2,5,/content/drive/MyDrive/spoilage_dataset/dataset_root/slightly_aged/IMG_7202.jpg,0.04743031,0.95196205,0.0006072766,3.0916144e-07,slightly_aged
IMG_7203.jpg,slightly_aged,7.0,93.0,7,2025-09-21,2,5,/content/drive/MyDrive/spoilage_dataset/dataset_root/slightly_aged/IMG_7203.jpg,0.33708337,0.6603543,0.0025618526,4.5572324e-07,slightly_aged
IMG_7204.jpg,slightly_aged,7.0,93.0,7,2025-09-21,2,5,/content/drive/MyDrive/spoilage_dataset/dataset_root/slightly_aged/IMG_7204.jpg,0.10354431,0.89521235,0.0012427801,5.3147363e-07,slightly_aged
IMG_7206.jpg,slightly_aged,7.0,93.0,7,2025-09-21,2,5,/content/drive/MyDrive/spoilage_dataset/dataset_root/slightly_aged/IMG_7206.jpg,0.03609235,0.9635992,0.00030831114,1.0092947e-07,slightly_aged
IMG_7207.jpg,slightly_aged,7.0,93.0,7,2025-09-21,2,5,/content/drive/MyDrive/spoilage_dataset/dataset_root/slightly_aged/IMG_7207.jpg,0.015584076,0.9842726,0.0001433041,7.7921785e-09,slightly_aged
IMG_7208.jpg,slightly_aged,7.0,93.0,7,2025-09-21,2,5,/content/drive/MyDrive/spoilage_dataset/dataset_root/slightly_aged/IMG_7208.jpg,0.1547086,0.8442114,0.0010792984,6.6974263e-07,slightly_aged
IMG_7209.jpg,slightly_aged,7.0,93.0,7,2025-09-21,2,5,/content/drive/MyDrive/spoilage_dataset/dataset_root/slightly_aged/IMG_7209.jpg,0.0144192325,0.98547816,0.00010238754,9.73609e-08,slightly_aged
IMG_7210.jpg,slightly_aged,7.0,93.0,7,2025-09-21,2,5,/content/drive/MyDrive/spoilage_dataset/dataset_root/slightly_aged/IMG_7210.jpg,0.113534436,0.88598835,0.00047686032,2.8910821e-07,slightly_aged
IMG_7211.jpg,slightly_aged,7.0,93.0,7,2025-09-21,2,5,/content/drive/MyDrive/spoilage_dataset/dataset_root/slightly_aged/IMG_7211.jpg,0.036936298,0.96223015,0.0008332217,3.830952e-07,slightly_aged
IMG_7212.jpg,slightly_aged,7.0,93.0,7,2025-09-21,2,5,/content/drive/MyDrive/spoilage_dataset/dataset_root/slightly_aged/IMG_7212.jpg,0.039873064,0.9595983,0.0005283607,2.4515754e-07,slightly_aged
IMG_7214.jpg,slightly_aged,7.0,93.0,7,2025-09-21,2,5,/content/drive/MyDrive/spoilage_dataset/dataset_root/slightly_aged/IMG_7214.jpg,7.356572e-06,0.9956429,0.0043479553,1.8291465e-06,slightly_aged
IMG_7215.jpg,slightly_aged,7.0,93.0,7,2025-09-21,2,5,/content/drive/MyDrive/spoilage_dataset/dataset_root/slightly_aged/IMG_7215.jpg,1.6196421e-07,0.999907,9.281971e-05,2.6521855e-08,slightly_aged
IMG_7216.jpg,slightly_aged,7.0,93.0,7,2025-09-21,2,5,/content/drive/MyDrive/spoilage_dataset/dataset_root/slightly_aged/IMG_7216.jpg,3.4894137e-07,0.99983263,0.00016676204,2.2339681e-07,slightly_aged
IMG_7217.jpg,slightly_aged,7.0,93.0,7,2025-09-21,2,5,/content/drive/MyDrive/spoilage_dataset/dataset_root/slightly_aged/IMG_7217.jpg,1.9330967e-08,0.9999591,4.088553e-05,1.9184924e-08,slightly_aged
IMG_7218.jpg,slightly_aged,7.0,93.0,7,2025-09-21,2,5,/content/drive/MyDrive/spoilage_dataset/dataset_root/slightly_aged/IMG_7218.jpg,1.7874823e-09,0.9999907,9.319795e-06,2.273848e-09,slightly_aged
IMG_7219.jpg,slightly_aged,7.0,93.0,7,2025-09-21,2,5,/content/drive/MyDrive/spoilage_dataset/dataset_root/slightly_aged/IMG_7219.jpg,9.8260525e-11,0.99999917,8.721472e-07,5.668354e-11,slightly_aged
IMG_7220.jpg,slightly_aged,7.0,93.0,7,2025-09-21,2,5,/content/drive/MyDrive/spoilage_dataset/dataset_root/slightly_aged/IMG_7220.jpg,7.446779e-09,0.9999393,6.0681952e-05,3.5404277e-09,slightly_aged
IMG_7222.jpg,slightly_aged,7.0,93.0,7,2025-09-21,2,5,/content/drive/MyDrive/spoilage_dataset/dataset_root/slightly_aged/IMG_7222.jpg,5.174876e-08,0.99998057,1.9463512e-05,5.3821254e-09,slightly_aged
IMG_7223.jpg,slightly_aged,7.0,93.0,7,2025-09-21,2,5,/content/drive/MyDrive/spoilage_dataset/dataset_root/slightly_aged/IMG_7223.jpg,1.1263678e-08,0.999997,3.0209849e-06,1.3299496e-09,slightly_aged
IMG_7224.jpg,slightly_aged,7.0,93.0,7,2025-09-21,2,5,/content/drive/MyDrive/spoilage_dataset/dataset_root/slightly_aged/IMG_7224.jpg,3.1039942e-08,0.9999634,3.6539917e-05,1.0998882e-08,slightly_aged
IMG_7225.jpg,slightly_aged,7.0,93.0,7,2025-09-21,2,5,/content/drive/MyDrive/spoilage_dataset/dataset_root/slightly_aged/IMG_7225.jpg,9.1894213e-07,0.9995584,0.00044055475,1.6647218e-07,slightly_aged
IMG_7226.jpg,slightly_aged,7.0,93.0,7,2025-09-21,2,5,/content/drive/MyDrive/spoilage_dataset/dataset_root/slightly_aged/IMG_7226.jpg,5.18814e-10,0.9999989,1.0158433e-06,8.1756135e-10,slightly_aged
IMG_7227.jpg,slightly_aged,7.0,93.0,7,2025-09-21,2,5,/content/drive/MyDrive/spoilage_dataset/dataset_root/slightly_aged/IMG_7227.jpg,9.47028e-10,0.99999845,1.5813031e-06,7.707423e-10,slightly_aged
IMG_7228.jpg,slightly_aged,7.0,93.0,7,2025-09-21,2,5,/content/drive/MyDrive/spoilage_dataset/dataset_root/slightly_aged/IMG_7228.jpg,3.01243e-11,0.9999999,1.3154448e-07,4.5539913e-12,slightly_aged
IMG_7230.jpg,slightly_aged,7.0,93.0,7,2025-09-21,2,5,/content/drive/MyDrive/spoilage_dataset/dataset_root/slightly_aged/IMG_7230.jpg,3.5959982e-09,0.9999914,8.589129e-06,8.6184526e-10,slightly_aged
IMG_7231.jpg,slightly_aged,7.0,93.0,7,2025-09-21,2,5,/content/drive/MyDrive/spoilage_dataset/dataset_root/slightly_aged/IMG_7231.jpg,7.5314033e-10,0.99999964,3.1355245e-07,9.783027e-11,slightly_aged
IMG_7232.jpg,slightly_aged,7.0,93.0,7,2025-09-21,2,5,/content/drive/MyDrive/spoilage_dataset/dataset_root/slightly_aged/IMG_7232.jpg,3.9933343e-10,0.9999995,4.2176472e-07,9.5553045e-12,slightly_aged
IMG_7233.jpg,slightly_aged,7.0,93.0,7,2025-09-21,2,5,/content/drive/MyDrive/spoilage_dataset/dataset_root/slightly_aged/IMG_7233.jpg,1.1140586e-10,0.99999976,2.6873792e-07,1.3588316e-11,slightly_aged
IMG_7234.jpg,slightly_aged,7.0,93.0,7,2025-09-21,2,5,/content/drive/MyDrive/spoilage_dataset/dataset_root/slightly_aged/IMG_7234.jpg,2.2125963e-09,0.999997,2.9602463e-06,3.3210235e-10,slightly_aged
IMG_7235.jpg,slightly_aged,7.0,93.0,7,2025-09-21,2,5,/content/drive/MyDrive/spoilage_dataset/dataset_root/slightly_aged/IMG_7235.jpg,8.403922e-10,0.9999995,5.3355785e-07,2.3520913e-10,slightly_aged
IMG_7236.jpg,slightly_aged,7.0,93.0,7,2025-09-21,2,5,/content/drive/MyDrive/spoilage_dataset/dataset_root/slightly_aged/IMG_7236.jpg,4.865981e-10,0.9999981,1.955723e-06,3.7284725e-10,slightly_aged
IMG_7238.jpg,slightly_aged,7.0,93.0,7,2025-09-21,2,5,/content/drive/MyDrive/spoilage_dataset/dataset_root/slightly_aged/IMG_7238.jpg,1.1854283e-09,0.9999962,3.8038713e-06,2.2421359e-10,slightly_aged
IMG_7239.jpg,slightly_aged,7.0,93.0,7,2025-09-21,2,5,/content/drive/MyDrive/spoilage_dataset/dataset_root/slightly_aged/IMG_7239.jpg,5.916415e-10,0.99999917,8.4820186e-07,1.301445e-10,slightly_aged
IMG_7240.jpg,slightly_aged,7.0,93.0,7,2025-09-21,2,5,/content/drive/MyDrive/spoilage_dataset/dataset_root/slightly_aged/IMG_7240.jpg,4.670051e-09,0.9999664,3.356224e-05,2.2408648e-09,slightly_aged
IMG_7241.jpg,slightly_aged,7.0,93.0,7,2025-09-21,2,5,/content/drive/MyDrive/spoilage_dataset/dataset_root/slightly_aged/IMG_7241.jpg,3.819952e-08,0.99993277,6.7269e-05,9.18798e-09,slightly_aged
IMG_7242.jpg,slightly_aged,7.0,93.0,7,2025-09-21,2,5,/content/drive/MyDrive/spoilage_dataset/dataset_root/slightly_aged/IMG_7242.jpg,2.5946871e-11,0.9999994,5.730236e-07,2.1000637e-11,slightly_aged
IMG_7243.jpg,slightly_aged,7.0,93.0,7,2025-09-21,2,5,/content/drive/MyDrive/spoilage_dataset/dataset_root/slightly_aged/IMG_7243.jpg,6.3086905e-12,1.0,2.3359908e-08,6.7008773e-12,slightly_aged
IMG_7244.jpg,slightly_aged,7.0,93.0,7,2025-09-21,2,5,/content/drive/MyDrive/spoilage_dataset/dataset_root/slightly_aged/IMG_7244.jpg,4.9481603e-11,0.9999995,4.3851614e-07,1.8633166e-11,slightly_aged
IMG_7246.jpg,slightly_aged,7.0,93.0,7,2025-09-21,2,5,/content/drive/MyDrive/spoilage_dataset/dataset_root/slightly_aged/IMG_7246.jpg,2.0111712e-10,0.9999995,4.347108e-07,5.031108e-11,slightly_aged
IMG_7247.jpg,slightly_aged,7.0,93.0,7,2025-09-21,2,5,/content/drive/MyDrive/spoilage_dataset/dataset_root/slightly_aged/IMG_7247.jpg,2.9171762e-10,0.99999976,2.4449434e-07,3.5656048e-11,slightly_aged
IMG_7249.jpg,slightly_aged,7.0,93.0,7,2025-09-21,2,5,/content/drive/MyDrive/spoilage_dataset/dataset_root/slightly_aged/IMG_7249.jpg,9.901708e-09,0.99999297,7.051355e-06,1.8285576e-08,slightly_aged
IMG_7250.jpg,slightly_aged,7.0,93.0,7,2025-09-21,2,5,/content/drive/MyDrive/spoilage_dataset/dataset_root/slightly_aged/IMG_7250.jpg,7.037236e-10,0.99999905,9.91012e-07,4.2548062e-10,slightly_aged
IMG_7251.jpg,slightly_aged,7.0,93.0,7,2025-09-21,2,5,/content/drive/MyDrive/spoilage_dataset/dataset_root/slightly_aged/IMG_7251.jpg,2.145661e-09,0.99999785,2.1788737e-06,9.565401e-10,slightly_aged
IMG_7252.jpg,slightly_aged,7.0,93.0,7,2025-09-21,2,5,/content/drive/MyDrive/spoilage_dataset/dataset_root/slightly_aged/IMG_7252.jpg,3.4651944e-09,0.9999888,1.1217904e-05,5.432549e-10,slightly_aged
IMG_7254.jpg,slightly_aged,7.0,93.0,7,2025-09-21,2,5,/content/drive/MyDrive/spoilage_dataset/dataset_root/slightly_aged/IMG_7254.jpg,1.9547024e-09,0.99997354,2.64133e-05,1.6702412e-08,slightly_aged
IMG_7255.jpg,slightly_aged,7.0,93.0,7,2025-09-21,2,5,/content/drive/MyDrive/spoilage_dataset/dataset_root/slightly_aged/IMG_7255.jpg,4.3764072e-09,0.9999105,8.950147e-05,1.7767285e-08,slightly_aged
IMG_7256.jpg,slightly_aged,7.0,93.0,7,2025-09-21,2,5,/content/drive/MyDrive/spoilage_dataset/dataset_root/slightly_aged/IMG_7256.jpg,2.8628755e-10,0.9999975,2.4996368e-06,8.9765695e-11,slightly_aged
IMG_7257.jpg,slightly_aged,7.0,93.0,7,2025-09-21,2,5,/content/drive/MyDrive/spoilage_dataset/dataset_root/slightly_aged/IMG_7257.jpg,8.669524e-09,0.99994445,5.5600216e-05,1.8758246e-09,slightly_aged
IMG_7258.jpg,slightly_aged,7.0,93.0,7,2025-09-21,2,5,/content/drive/MyDrive/spoilage_dataset/dataset_root/slightly_aged/IMG_7258.jpg,4.6845194e-11,0.9999994,5.4104237e-07,5.0633356e-12,slightly_aged
IMG_7259.jpg,slightly_aged,7.0,93.0,7,2025-09-21,2,5,/content/drive/MyDrive/spoilage_dataset/dataset_root/slightly_aged/IMG_7259.jpg,3.041435e-08,0.9999715,2.8548064e-05,4.7512813e-08,slightly_aged
IMG_7260.jpg,slightly_aged,7.0,93.0,7,2025-09-21,2,5,/content/drive/MyDrive/spoilage_dataset/dataset_root/slightly_aged/IMG_7260.jpg,2.3984295e-08,0.99998224,1.7738212e-05,2.1899181e-08,slightly_aged
IMG_7261.jpg,slightly_aged,7.0,93.0,7,2025-09-21,2,5,/content/drive/MyDrive/spoilage_dataset/dataset_root/slightly_aged/IMG_7261.jpg,3.0105562e-10,0.99999905,9.3254243e-07,5.3712156e-11,slightly_aged
IMG_7262.jpg,slightly_aged,7.0,93.0,7,2025-09-21,2,5,/content/drive/MyDrive/spoilage_dataset/dataset_root/slightly_aged/IMG_7262.jpg,3.1605245e-09,0.9999876,1.2398164e-05,2.278382e-09,slightly_aged
IMG_7263.jpg,slightly_aged,7.0,93.0,7,2025-09-21,2,5,/content/drive/MyDrive/spoilage_dataset/dataset_root/slightly_aged/IMG_7263.jpg,1.8105959e-09,0.9999907,9.243855e-06,1.0481963e-09,slightly_aged
IMG_7264.jpg,slightly_aged,7.0,93.0,7,2025-09-21,2,5,/content/drive/MyDrive/spoilage_dataset/dataset_root/slightly_aged/IMG_7264.jpg,2.2033017e-10,0.9999993,7.291784e-07,1.2741999e-11,slightly_aged
IMG_7265.jpg,slightly_aged,7.0,93.0,7,2025-09-21,2,5,/content/drive/MyDrive/spoilage_dataset/dataset_root/slightly_aged/IMG_7265.jpg,5.168914e-09,0.99999,1.0011345e-05,5.7101696e-10,slightly_aged
IMG_7266.jpg,slightly_aged,7.0,93.0,7,2025-09-21,2,5,/content/drive/MyDrive/spoilage_dataset/dataset_root/slightly_aged/IMG_7266.jpg,1.4381305e-09,0.9999987,1.3118158e-06,2.389125e-10,slightly_aged
IMG_7267.jpg,slightly_aged,7.0,93.0,7,2025-09-21,2,5,/content/drive/MyDrive/spoilage_dataset/dataset_root/slightly_aged/IMG_7267.jpg,1.23256e-10,0.9999995,4.173733e-07,3.876571e-12,slightly_aged
IMG_7268.jpg,slightly_aged,7.0,93.0,7,2025-09-21,2,5,/content/drive/MyDrive/spoilage_dataset/dataset_root/slightly_aged/IMG_7268.jpg,6.71707e-10,0.99999785,2.1506487e-06,4.9379414e-11,slightly_aged
IMG_7269.jpg,slightly_aged,7.0,93.0,7,2025-09-21,2,5,/content/drive/MyDrive/spoilage_dataset/dataset_root/slightly_aged/IMG_7269.jpg,5.620558e-11,0.9999999,1.1051778e-07,2.0666299e-12,slightly_aged
IMG_7270.jpg,slightly_aged,7.0,93.0,7,2025-09-21,2,5,/content/drive/MyDrive/spoilage_dataset/dataset_root/slightly_aged/IMG_7270.jpg,3.3179737e-10,0.9999995,4.5869882e-07,9.4307695e-12,slightly_aged
IMG_7271.jpg,slightly_aged,7.0,93.0,7,2025-09-21,2,5,/content/drive/MyDrive/spoilage_dataset/dataset_root/slightly_aged/IMG_7271.jpg,5.9898914e-10,0.9999993,6.6161306e-07,2.3552096e-11,slightly_aged
IMG_7272.jpg,slightly_aged,7.0,93.0,7,2025-09-21,2,5,/content/drive/MyDrive/spoilage_dataset/dataset_root/slightly_aged/IMG_7272.jpg,1.5294871e-10,0.9999994,5.902545e-07,5.5230378e-12,slightly_aged
IMG_7273.jpg,slightly_aged,7.0,93.0,7,2025-09-21,2,5,/content/drive/MyDrive/spoilage_dataset/dataset_root/slightly_aged/IMG_7273.jpg,1.1423735e-09,0.9999988,1.1877668e-06,6.359245e-11,slightly_aged
IMG_7274.jpg,slightly_aged,7.0,93.0,7,2025-09-21,2,5,/content/drive/MyDrive/spoilage_dataset/dataset_root/slightly_aged/IMG_7274.jpg,3.8681894e-11,0.9999994,6.3240026e-07,4.0789937e-12,slightly_aged
IMG_7275.jpg,slightly_aged,7.0,93.0,7,2025-09-21,2,5,/content/drive/MyDrive/spoilage_dataset/dataset_root/slightly_aged/IMG_7275.jpg,8.737893e-10,0.99999917,8.3458593e-07,1.173069e-11,slightly_aged
IMG_7276.jpg,slightly_aged,7.0,93.0,7,2025-09-21,2,5,/content/drive/MyDrive/spoilage_dataset/dataset_root/slightly_aged/IMG_7276.jpg,2.856063e-11,0.99999976,2.8749713e-07,1.587226e-12,slightly_aged
IMG_7277.jpg,slightly_aged,7.0,93.0,7,2025-09-21,2,5,/content/drive/MyDrive/spoilage_dataset/dataset_root/slightly_aged/IMG_7277.jpg,3.0399447e-10,0.9999975,2.557299e-06,2.966506e-11,slightly_aged
IMG_7278.jpg,slightly_aged,7.0,93.0,7,2025-09-21,2,5,/content/drive/MyDrive/spoilage_dataset/dataset_root/slightly_aged/IMG_7278.jpg,6.930101e-10,0.9999988,1.2283137e-06,5.7153457e-12,slightly_aged
IMG_7279.jpg,slightly_aged,7.0,93.0,7,2025-09-21,2,5,/content/drive/MyDrive/spoilage_dataset/dataset_root/slightly_aged/IMG_7279.jpg,5.0835275e-10,0.9999995,4.4452298e-07,1.153047e-11,slightly_aged
IMG_7280.jpg,slightly_aged,7.0,93.0,7,2025-09-21,2,5,/content/drive/MyDrive/spoilage_dataset/dataset_root/slightly_aged/IMG_7280.jpg,7.469896e-10,0.9999989,1.0853228e-06,2.2621197e-11,slightly_aged
IMG_7281.jpg,slightly_aged,7.0,93.0,7,2025-09-21,2,5,/content/drive/MyDrive/spoilage_dataset/dataset_root/slightly_aged/IMG_7281.jpg,8.656868e-11,0.99999905,9.0299386e-07,5.234414e-12,slightly_aged
IMG_7282.jpg,slightly_aged,7.0,93.0,7,2025-09-21,2,5,/content/drive/MyDrive/spoilage_dataset/dataset_root/slightly_aged/IMG_7282.jpg,2.2572553e-09,0.99999475,5.265173e-06,8.7164935e-11,slightly_aged
IMG_7283.jpg,slightly_aged,7.0,93.0,7,2025-09-21,2,5,/content/drive/MyDrive/spoilage_dataset/dataset_root/slightly_aged/IMG_7283.jpg,4.7776476e-09,0.9999976,2.4372848e-06,8.504846e-11,slightly_aged
IMG_7285.jpg,slightly_aged,7.0,93.0,7,2025-09-21,2,5,/content/drive/MyDrive/spoilage_dataset/dataset_root/slightly_aged/IMG_7285.jpg,3.5491223e-09,0.99999845,1.5442894e-06,6.065868e-11,slightly_aged
IMG_7286.jpg,slightly_aged,7.0,93.0,7,2025-09-21,2,5,/content/drive/MyDrive/spoilage_dataset/dataset_root/slightly_aged/IMG_7286.jpg,1.6397987e-09,0.9999988,1.1580191e-06,5.6133095e-11,slightly_aged
IMG_7287.jpg,slightly_aged,7.0,93.0,7,2025-09-21,2,5,/content/drive/MyDrive/spoilage_dataset/dataset_root/slightly_aged/IMG_7287.jpg,7.222638e-10,0.99999905,9.206177e-07,1.0918698e-11,slightly_aged
IMG_7288.jpg,slightly_aged,7.0,93.0,7,2025-09-21,2,5,/content/drive/MyDrive/spoilage_dataset/dataset_root/slightly_aged/IMG_7288.jpg,5.280073e-09,0.99999833,1.7196766e-06,4.7566336e-11,slightly_aged
IMG_7289.jpg,slightly_aged,7.0,93.0,7,2025-09-21,2,5,/content/drive/MyDrive/spoilage_dataset/dataset_root/slightly_aged/IMG_7289.jpg,1.273224e-09,0.9999988,1.1730582e-06,7.594532e-11,slightly_aged
IMG_7290.jpg,slightly_aged,7.0,93.0,7,2025-09-21,2,5,/content/drive/MyDrive/spoilage_dataset/dataset_root/slightly_aged/IMG_7290.jpg,1.5598914e-09,0.9999988,1.137723e-06,2.0354e-11,slightly_aged
IMG_7291.jpg,slightly_aged,7.0,93.0,7,2025-09-21,2,5,/content/drive/MyDrive/spoilage_dataset/dataset_root/slightly_aged/IMG_7291.jpg,5.7066088e-11,1.0,5.396964e-08,1.047477e-12,slightly_aged
IMG_7293.jpg,slightly_aged,7.0,93.0,7,2025-09-21,2,5,/content/drive/MyDrive/spoilage_dataset/dataset_root/slightly_aged/IMG_7293.jpg,5.859514e-10,0.99999964,4.1276425e-07,1.4052449e-11,slightly_aged
IMG_7294.jpg,slightly_aged,7.0,93.0,7,2025-09-21,2,5,/content/drive/MyDrive/spoilage_dataset/dataset_root/slightly_aged/IMG_7294.jpg,7.1698786e-11,0.9999999,1.2819493e-07,8.458303e-12,slightly_aged
IMG_7295.jpg,slightly_aged,7.0,93.0,7,2025-09-21,2,5,/content/drive/MyDrive/spoilage_dataset/dataset_root/slightly_aged/IMG_7295.jpg,1.7683753e-10,0.999998,2.0156597e-06,9.455182e-11,slightly_aged
IMG_7296.jpg,slightly_aged,7.0,93.0,7,2025-09-21,2,5,/content/drive/MyDrive/spoilage_dataset/dataset_root/slightly_aged/IMG_7296.jpg,3.014555e-10,0.9999989,1.0934898e-06,7.488065e-11,slightly_aged
IMG_7297.jpg,slightly_aged,7.0,93.0,7,2025-09-21,2,5,/content/drive/MyDrive/spoilage_dataset/dataset_root/slightly_aged/IMG_7297.jpg,1.9561737e-10,0.99999976,2.3301175e-07,6.74599e-12,slightly_aged
IMG_7298.jpg,slightly_aged,7.0,93.0,7,2025-09-21,2,5,/content/drive/MyDrive/spoilage_dataset/dataset_root/slightly_aged/IMG_7298.jpg,4.511492e-10,0.9999974,2.6801847e-06,1.111591e-11,slightly_aged
IMG_7299.jpg,slightly_aged,7.0,93.0,7,2025-09-21,2,5,/content/drive/MyDrive/spoilage_dataset/dataset_root/slightly_aged/IMG_7299.jpg,1.2959901e-12,0.9999999,1.0836405e-07,2.1978682e-13,slightly_aged
IMG_7301.jpg,slightly_aged,7.0,93.0,7,2025-09-21,2,5,/content/drive/MyDrive/spoilage_dataset/dataset_root/slightly_aged/IMG_7301.jpg,1.7279014e-10,0.9999995,4.8049776e-07,1.7788505e-11,slightly_aged
IMG_7302.jpg,slightly_aged,7.0,93.0,7,2025-09-21,2,5,/content/drive/MyDrive/spoilage_dataset/dataset_root/slightly_aged/IMG_7302.jpg,1.3759528e-10,0.9999987,1.2566175e-06,1.5407052e-11,slightly_aged
IMG_7303.jpg,slightly_aged,7.0,93.0,7,2025-09-21,2,5,/content/drive/MyDrive/spoilage_dataset/dataset_root/slightly_aged/IMG_7303.jpg,4.4599855e-11,0.99999964,3.0383066e-07,2.5859367e-12,slightly_aged
IMG_7304.jpg,slightly_aged,7.0,93.0,7,2025-09-21,2,5,/content/drive/MyDrive/spoilage_dataset/dataset_root/slightly_aged/IMG_7304.jpg,1.3137258e-10,0.9999994,5.509306e-07,6.6382603e-12,slightly_aged
IMG_7305.jpg,slightly_aged,7.0,93.0,7,2025-09-21,2,5,/content/drive/MyDrive/spoilage_dataset/dataset_root/slightly_aged/IMG_7305.jpg,4.0505663e-10,0.999997,3.007394e-06,1.2210927e-11,slightly_aged
IMG_7306.jpg,slightly_aged,7.0,93.0,7,2025-09-21,2,5,/content/drive/MyDrive/spoilage_dataset/dataset_root/slightly_aged/IMG_7306.jpg,7.183046e-11,0.99999976,2.558633e-07,8.561075e-12,slightly_aged
IMG_7307.jpg,slightly_aged,7.0,93.0,7,2025-09-21,2,5,/content/drive/MyDrive/spoilage_dataset/dataset_root/slightly_aged/IMG_7307.jpg,1.7868556e-11,0.99999964,3.1627337e-07,2.7475272e-12,slightly_aged
IMG_7309.jpg,slightly_aged,7.0,93.0,7,2025-09-21,2,5,/content/drive/MyDrive/spoilage_dataset/dataset_root/slightly_aged/IMG_7309.jpg,1.3139147e-10,0.9999982,1.7891323e-06,1.9451642e-11,slightly_aged
IMG_7310.jpg,slightly_aged,7.0,93.0,7,2025-09-21,2,5,/content/drive/MyDrive/spoilage_dataset/dataset_root/slightly_aged/IMG_7310.jpg,4.8184224e-11,0.99999964,3.9302714e-07,3.770828e-12,slightly_aged
IMG_7311.jpg,slightly_aged,7.0,93.0,7,2025-09-21,2,5,/content/drive/MyDrive/spoilage_dataset/dataset_root/slightly_aged/IMG_7311.jpg,8.3379303e-10,0.9999896,1.0394869e-05,1.266394e-10,slightly_aged
IMG_7312.jpg,slightly_aged,7.0,93.0,7,2025-09-21,2,5,/content/drive/MyDrive/spoilage_dataset/dataset_root/slightly_aged/IMG_7312.jpg,2.4681462e-10,0.9999881,1.195603e-05,2.6476047e-11,slightly_aged
IMG_7313.jpg,slightly_aged,7.0,93.0,7,2025-09-21,2,5,/content/drive/MyDrive/spoilage_dataset/dataset_root/slightly_aged/IMG_7313.jpg,2.6195473e-11,0.9999982,1.8092331e-06,1.5005627e-11,slightly_aged
IMG_7314.jpg,slightly_aged,7.0,93.0,7,2025-09-21,2,5,/content/drive/MyDrive/spoilage_dataset/dataset_root/slightly_aged/IMG_7314.jpg,5.9713495e-10,0.99999845,1.4958205e-06,9.215319e-12,slightly_aged
IMG_7315.jpg,slightly_aged,7.0,93.0,7,2025-09-21,2,5,/content/drive/MyDrive/spoilage_dataset/dataset_root/slightly_aged/IMG_7315.jpg,2.8099825e-10,0.9999993,7.685502e-07,8.420342e-12,slightly_aged
IMG_7317.jpg,slightly_aged,7.0,93.0,7,2025-09-21,2,5,/content/drive/MyDrive/spoilage_dataset/dataset_root/slightly_aged/IMG_7317.jpg,1.3182244e-10,0.9999999,1.1770179e-07,5.3745996e-12,slightly_aged
IMG_7318.jpg,slightly_aged,7.0,93.0,7,2025-09-21,2,5,/content/drive/MyDrive/spoilage_dataset/dataset_root/slightly_aged/IMG_7318.jpg,4.9482796e-11,0.999997,2.9838736e-06,8.088452e-12,slightly_aged
IMG_7319.jpg,slightly_aged,7.0,93.0,7,2025-09-21,2,5,/content/drive/MyDrive/spoilage_dataset/dataset_root/slightly_aged/IMG_7319.jpg,2.1421363e-11,0.9999989,1.0146117e-06,1.7452413e-12,slightly_aged
IMG_7320.jpg,slightly_aged,7.0,93.0,7,2025-09-21,2,5,/content/drive/MyDrive/spoilage_dataset/dataset_root/slightly_aged/IMG_7320.jpg,1.41268395e-11,0.9999999,9.7225694e-08,4.0470654e-13,slightly_aged
IMG_7321.jpg,slightly_aged,7.0,93.0,7,2025-09-21,2,5,/content/drive/MyDrive/spoilage_dataset/dataset_root/slightly_aged/IMG_7321.jpg,3.356879e-11,0.99999964,3.2149944e-07,3.0651586e-12,slightly_aged
IMG_7322.jpg,slightly_aged,7.0,93.0,7,2025-09-21,2,5,/content/drive/MyDrive/spoilage_dataset/dataset_root/slightly_aged/IMG_7322.jpg,1.8097782e-09,0.99998915,1.0903515e-05,2.1457776e-09,slightly_aged
IMG_7323.jpg,slightly_aged,7.0,93.0,7,2025-09-21,2,5,/content/drive/MyDrive/spoilage_dataset/dataset_root/slightly_aged/IMG_7323.jpg,0.0077410582,0.9918534,0.00040558176,2.3262107e-08,slightly_aged
IMG_7325.jpg,slightly_aged,7.0,93.0,7,2025-09-21,2,5,/content/drive/MyDrive/spoilage_dataset/dataset_root/slightly_aged/IMG_7325.jpg,0.037501074,0.9621166,0.0003824027,1.7453006e-08,slightly_aged
IMG_7326.jpg,slightly_aged,7.0,93.0,7,2025-09-21,2,5,/content/drive/MyDrive/spoilage_dataset/dataset_root/slightly_aged/IMG_7326.jpg,0.009897086,0.98965865,0.0004442136,7.1732956e-08,slightly_aged
IMG_7327.jpg,slightly_aged,7.0,93.0,7,2025-09-21,2,5,/content/drive/MyDrive/spoilage_dataset/dataset_root/slightly_aged/IMG_7327.jpg,0.002774281,0.9969997,0.00022610373,5.453913e-09,slightly_aged
IMG_7328.jpg,slightly_aged,7.0,93.0,7,2025-09-21,2,5,/content/drive/MyDrive/spoilage_dataset/dataset_root/slightly_aged/IMG_7328.jpg,0.028735526,0.970509,0.00075537805,6.525242e-08,slightly_aged
IMG_7329.jpg,slightly_aged,7.0,93.0,7,2025-09-21,2,5,/content/drive/MyDrive/spoilage_dataset/dataset_root/slightly_aged/IMG_7329.jpg,0.02209348,0.9773022,0.0006043443,3.2574466e-08,slightly_aged
IMG_7330.jpg,slightly_aged,7.0,93.0,7,2025-09-21,2,5,/content/drive/MyDrive/spoilage_dataset/dataset_root/slightly_aged/IMG_7330.jpg,0.013101688,0.9862505,0.0006477648,3.7135532e-08,slightly_aged
IMG_7331.jpg,slightly_aged,7.0,93.0,7,2025-09-21,2,5,/content/drive/MyDrive/spoilage_dataset/dataset_root/slightly_aged/IMG_7331.jpg,0.004603835,0.99529934,9.683631e-05,6.289281e-09,slightly_aged
IMG_7333.jpg,slightly_aged,7.0,93.0,7,2025-09-21,2,5,/content/drive/MyDrive/spoilage_dataset/dataset_root/slightly_aged/IMG_7333.jpg,0.014891016,0.9848952,0.00021363272,1.0443119e-08,slightly_aged
IMG_7334.jpg,slightly_aged,7.0,93.0,7,2025-09-21,2,5,/content/drive/MyDrive/spoilage_dataset/dataset_root/slightly_aged/IMG_7334.jpg,0.039969895,0.95938224,0.0006478001,9.38432e-08,slightly_aged
IMG_7335.jpg,slightly_aged,7.0,93.0,7,2025-09-21,2,5,/content/drive/MyDrive/spoilage_dataset/dataset_root/slightly_aged/IMG_7335.jpg,0.05624757,0.94298345,0.00076879037,2.415192e-07,slightly_aged
IMG_7337.jpg,slightly_aged,7.0,93.0,7,2025-09-21,2,5,/content/drive/MyDrive/spoilage_dataset/dataset_root/slightly_aged/IMG_7337.jpg,3.5580563e-11,0.9999939,6.1305727e-06,1.4430681e-11,slightly_aged
IMG_7338.jpg,slightly_aged,7.0,93.0,7,2025-09-21,2,5,/content/drive/MyDrive/spoilage_dataset/dataset_root/slightly_aged/IMG_7338.jpg,2.0268826e-10,0.9999763,2.3739694e-05,3.0973408e-11,slightly_aged
IMG_7339.jpg,slightly_aged,7.0,93.0,8,2025-09-21,2,5,/content/drive/MyDrive/spoilage_dataset/dataset_root/slightly_aged/IMG_7339.jpg,2.8350308e-10,0.99997795,2.2041282e-05,5.08294e-11,slightly_aged
IMG_7340.jpg,slightly_aged,7.0,93.0,8,2025-09-21,2,5,/content/drive/MyDrive/spoilage_dataset/dataset_root/slightly_aged/IMG_7340.jpg,6.665661e-13,0.9999993,7.076322e-07,4.83475e-12,slightly_aged
IMG_7342.jpg,slightly_aged,7.0,93.0,8,2025-09-21,2,5,/content/drive/MyDrive/spoilage_dataset/dataset_root/slightly_aged/IMG_7342.jpg,2.1748504e-11,0.9999956,4.397551e-06,1.6946607e-11,slightly_aged
IMG_7343.jpg,slightly_aged,7.0,93.0,8,2025-09-21,2,5,/content/drive/MyDrive/spoilage_dataset/dataset_root/slightly_aged/IMG_7343.jpg,3.8892227e-12,0.9999982,1.7485023e-06,6.472985e-12,slightly_aged
IMG_7344.jpg,slightly_aged,7.0,93.0,8,2025-09-21,2,5,/content/drive/MyDrive/spoilage_dataset/dataset_root/slightly_aged/IMG_7344.jpg,1.602087e-11,0.9999993,6.82624e-07,1.1104108e-11,slightly_aged
IMG_7345.jpg,slightly_aged,7.0,93.0,8,2025-09-21,2,5,/content/drive/MyDrive/spoilage_dataset/dataset_root/slightly_aged/IMG_7345.jpg,5.230359e-11,0.99999785,2.1752342e-06,6.7741666e-11,slightly_aged
IMG_7346.jpg,slightly_aged,7.0,93.0,8,2025-09-21,2,5,/content/drive/MyDrive/spoilage_dataset/dataset_root/slightly_aged/IMG_7346.jpg,1.5937849e-12,0.9999999,1.6321309e-07,3.4552155e-12,slightly_aged
IMG_7347.jpg,slightly_aged,7.0,93.0,8,2025-09-21,2,5,/content/drive/MyDrive/spoilage_dataset/dataset_root/slightly_aged/IMG_7347.jpg,9.617817e-10,0.99998474,1.527096e-05,1.4095465e-10,slightly_aged
IMG_7348.jpg,slightly_aged,7.0,93.0,8,2025-09-21,2,5,/content/drive/MyDrive/spoilage_dataset/dataset_root/slightly_aged/IMG_7348.jpg,4.911712e-10,0.99998343,1.651787e-05,1.9451624e-10,slightly_aged
IMG_7350.jpg,slightly_aged,7.0,93.0,8,2025-09-21,2,5,/content/drive/MyDrive/spoilage_dataset/dataset_root/slightly_aged/IMG_7350.jpg,1.378119e-05,0.9937535,0.006232774,2.698083e-08,slightly_aged
IMG_7351.jpg,slightly_aged,7.0,93.0,8,2025-09-21,2,5,/content/drive/MyDrive/spoilage_dataset/dataset_root/slightly_aged/IMG_7351.jpg,4.6886842e-05,0.99589807,0.0040549585,4.7356377e-08,slightly_aged
IMG_7352.jpg,slightly_aged,7.0,93.0,8,2025-09-21,2,5,/content/drive/MyDrive/spoilage_dataset/dataset_root/slightly_aged/IMG_7352.jpg,1.9187755e-05,0.98775625,0.012224422,1.5791787e-07,slightly_aged
IMG_7353.jpg,slightly_aged,7.0,93.0,8,2025-09-21,2,5,/content/drive/MyDrive/spoilage_dataset/dataset_root/slightly_aged/IMG_7353.jpg,2.4681349e-05,0.976441,0.023534011,2.0001025e-07,slightly_aged
IMG_7354.jpg,slightly_aged,7.0,93.0,8,2025-09-21,2,5,/content/drive/MyDrive/spoilage_dataset/dataset_root/slightly_aged/IMG_7354.jpg,0.00027594782,0.992258,0.0074653034,7.175492e-07,slightly_aged
IMG_7355.jpg,slightly_aged,7.0,93.0,8,2025-09-21,2,5,/content/drive/MyDrive/spoilage_dataset/dataset_root/slightly_aged/IMG_7355.jpg,0.00056317943,0.99238014,0.0070561506,4.3242832e-07,slightly_aged
IMG_7356.jpg,slightly_aged,7.0,93.0,8,2025-09-21,2,5,/content/drive/MyDrive/spoilage_dataset/dataset_root/slightly_aged/IMG_7356.jpg,0.00034199236,0.99784064,0.0018171351,2.2499391e-07,slightly_aged
IMG_7357.jpg,slightly_aged,7.0,93.0,8,2025-09-21,2,5,/content/drive/MyDrive/spoilage_dataset/dataset_root/slightly_aged/IMG_7357.jpg,0.0001259207,0.9873936,0.012479913,4.428494e-07,slightly_aged
IMG_7358.jpg,slightly_aged,7.0,93.0,8,2025-09-21,2,5,/content/drive/MyDrive/spoilage_dataset/dataset_root/slightly_aged/IMG_7358.jpg,0.00013621534,0.9833977,0.016465656,2.969075e-07,slightly_aged
IMG_7359.jpg,slightly_aged,7.0,93.0,8,2025-09-21,2,5,/content/drive/MyDrive/spoilage_dataset/dataset_root/slightly_aged/IMG_7359.jpg,4.4789085e-05,0.974098,0.025856772,3.2390798e-07,slightly_aged
IMG_7360.jpg,slightly_aged,7.0,93.0,8,2025-09-21,2,5,/content/drive/MyDrive/spoilage_dataset/dataset_root/slightly_aged/IMG_7360.jpg,8.342722e-05,0.98632413,0.013592087,1.9059318e-07,slightly_aged
IMG_7361.jpg,slightly_aged,7.0,93.0,8,2025-09-21,2,5,/content/drive/MyDrive/spoilage_dataset/dataset_root/slightly_aged/IMG_7361.jpg,5.85456e-05,0.9262285,0.07371202,9.537071e-07,slightly_aged
IMG_7363.jpg,slightly_aged,7.0,93.0,8,2025-09-21,2,5,/content/drive/MyDrive/spoilage_dataset/dataset_root/slightly_aged/IMG_7363.jpg,0.0005376461,0.99919385,0.00026843188,1.5524238e-08,slightly_aged
IMG_7364.jpg,slightly_aged,7.0,93.0,8,2025-09-21,2,5,/content/drive/MyDrive/spoilage_dataset/dataset_root/slightly_aged/IMG_7364.jpg,0.018470343,0.98138845,0.0001412283,3.4373844e-08,slightly_aged
IMG_7365.jpg,slightly_aged,7.0,93.0,8,2025-09-21,2,5,/content/drive/MyDrive/spoilage_dataset/dataset_root/slightly_aged/IMG_7365.jpg,0.02584052,0.974046,0.00011342769,3.317034e-09,slightly_aged
IMG_7366.jpg,slightly_aged,7.0,93.0,8,2025-09-21,2,5,/content/drive/MyDrive/spoilage_dataset/dataset_root/slightly_aged/IMG_7366.jpg,0.01108869,0.9888536,5.77999e-05,4.0946646e-09,slightly_aged
IMG_7367.jpg,slightly_aged,7.0,93.0,8,2025-09-21,2,5,/content/drive/MyDrive/spoilage_dataset/dataset_root/slightly_aged/IMG_7367.jpg,0.017982591,0.98190606,0.00011134275,1.9002112e-08,slightly_aged
IMG_7368.jpg,slightly_aged,7.0,93.0,8,2025-09-21,2,5,/content/drive/MyDrive/spoilage_dataset/dataset_root/slightly_aged/IMG_7368.jpg,0.015852237,0.98409355,5.421914e-05,7.37575e-09,slightly_aged
IMG_7369.jpg,slightly_aged,7.0,93.0,8,2025-09-21,2,5,/content/drive/MyDrive/spoilage_dataset/dataset_root/slightly_aged/IMG_7369.jpg,0.026676537,0.9732834,4.0024763e-05,1.2292521e-08,slightly_aged
IMG_7370.jpg,slightly_aged,7.0,93.0,8,2025-09-21,2,5,/content/drive/MyDrive/spoilage_dataset/dataset_root/slightly_aged/IMG_7370.jpg,0.033269174,0.9666558,7.497792e-05,1.5211747e-08,slightly_aged
IMG_7371.jpg,slightly_aged,7.0,93.0,8,2025-09-21,2,5,/content/drive/MyDrive/spoilage_dataset/dataset_root/slightly_aged/IMG_7371.jpg,7.9882684e-11,0.9999995,4.6627966e-07,5.0441373e-11,slightly_aged
IMG_7372.jpg,slightly_aged,7.0,93.0,8,2025-09-21,2,5,/content/drive/MyDrive/spoilage_dataset/dataset_root/slightly_aged/IMG_7372.jpg,1.9356713e-10,0.99999785,2.1075214e-06,6.5377587e-10,slightly_aged
IMG_7373.jpg,slightly_aged,7.0,93.0,8,2025-09-21,2,5,/content/drive/MyDrive/spoilage_dataset/dataset_root/slightly_aged/IMG_7373.jpg,2.1118562e-13,1.0,3.3374008e-08,1.4979702e-13,slightly_aged
IMG_7374.jpg,slightly_aged,7.0,93.0,8,2025-09-21,2,5,/content/drive/MyDrive/spoilage_dataset/dataset_root/slightly_aged/IMG_7374.jpg,9.2759506e-14,1.0,2.2731504e-08,4.1628978e-13,slightly_aged
IMG_7375.jpg,slightly_aged,7.0,93.0,8,2025-09-21,2,5,/content/drive/MyDrive/spoilage_dataset/dataset_root/slightly_aged/IMG_7375.jpg,4.1341964e-14,1.0,9.604072e-09,1.06971005e-13,slightly_aged
IMG_7376.jpg,slightly_aged,7.0,93.0,8,2025-09-21,2,5,/content/drive/MyDrive/spoilage_dataset/dataset_root/slightly_aged/IMG_7376.jpg,2.0043986e-13,1.0,2.6736688e-08,2.9125248e-13,slightly_aged
IMG_7377.jpg,slightly_aged,7.0,93.0,8,2025-09-21,2,5,/content/drive/MyDrive/spoilage_dataset/dataset_root/slightly_aged/IMG_7377.jpg,7.683436e-14,1.0,1.0271563e-08,7.857786e-14,slightly_aged
IMG_7378.jpg,slightly_aged,7.0,93.0,8,2025-09-21,2,5,/content/drive/MyDrive/spoilage_dataset/dataset_root/slightly_aged/IMG_7378.jpg,6.974451e-14,1.0,1.603711e-08,3.287218e-13,slightly_aged
IMG_7379.jpg,slightly_aged,7.0,93.0,8,2025-09-21,2,5,/content/drive/MyDrive/spoilage_dataset/dataset_root/slightly_aged/IMG_7379.jpg,2.3358914e-13,1.0,4.391602e-08,2.5440636e-13,slightly_aged
IMG_7380.jpg,slightly_aged,7.0,93.0,8,2025-09-21,2,5,/content/drive/MyDrive/spoilage_dataset/dataset_root/slightly_aged/IMG_7380.jpg,3.1088447e-14,1.0,1.3772452e-08,7.622334e-14,slightly_aged
IMG_7381.jpg,slightly_aged,7.0,93.0,8,2025-09-21,2,5,/content/drive/MyDrive/spoilage_dataset/dataset_root/slightly_aged/IMG_7381.jpg,2.8092285e-14,1.0,5.257962e-09,2.8949515e-13,slightly_aged
IMG_7382.jpg,slightly_aged,7.0,93.0,8,2025-09-21,2,5,/content/drive/MyDrive/spoilage_dataset/dataset_root/slightly_aged/IMG_7382.jpg,1.8813991e-14,1.0,2.7926423e-09,4.478444e-14,slightly_aged
IMG_7383.jpg,slightly_aged,7.0,93.0,8,2025-09-21,2,5,/content/drive/MyDrive/spoilage_dataset/dataset_root/slightly_aged/IMG_7383.jpg,1.3694168e-14,1.0,1.1029915e-08,3.6167107e-14,slightly_aged
IMG_7384.jpg,slightly_aged,7.0,93.0,8,2025-09-21,2,5,/content/drive/MyDrive/spoilage_dataset/dataset_root/slightly_aged/IMG_7384.jpg,1.3713177e-13,1.0,3.190431e-08,5.6840296e-13,slightly_aged
IMG_7385.jpg,slightly_aged,7.0,93.0,8,2025-09-21,2,5,/content/drive/MyDrive/spoilage_dataset/dataset_root/slightly_aged/IMG_7385.jpg,2.4228729e-12,0.9999999,1.4868957e-07,5.818536e-12,slightly_aged
IMG_7386.jpg,slightly_aged,7.0,93.0,8,2025-09-21,2,5,/content/drive/MyDrive/spoilage_dataset/dataset_root/slightly_aged/IMG_7386.jpg,2.3846342e-14,1.0,1.1268181e-08,5.8268826e-14,slightly_aged
IMG_7388.jpg,slightly_aged,7.0,93.0,8,2025-09-21,2,5,/content/drive/MyDrive/spoilage_dataset/dataset_root/slightly_aged/IMG_7388.jpg,7.758778e-14,1.0,6.1919554e-09,4.0659116e-14,slightly_aged
IMG_7389.jpg,slightly_aged,7.0,93.0,8,2025-09-21,2,5,/content/drive/MyDrive/spoilage_dataset/dataset_root/slightly_aged/IMG_7389.jpg,5.2200967e-14,1.0,9.21605e-09,1.0061117e-13,slightly_aged
IMG_7390.jpg,slightly_aged,7.0,93.0,8,2025-09-21,2,5,/content/drive/MyDrive/spoilage_dataset/dataset_root/slightly_aged/IMG_7390.jpg,2.0184158e-14,1.0,5.9939675e-09,3.248411e-14,slightly_aged
IMG_7391.jpg,slightly_aged,7.0,93.0,8,2025-09-21,2,5,/content/drive/MyDrive/spoilage_dataset/dataset_root/slightly_aged/IMG_7391.jpg,4.970438e-15,1.0,5.511022e-09,4.7225533e-14,slightly_aged
IMG_7392.jpg,slightly_aged,7.0,93.0,8,2025-09-21,2,5,/content/drive/MyDrive/spoilage_dataset/dataset_root/slightly_aged/IMG_7392.jpg,4.967239e-13,0.9999999,1.2119473e-07,1.11511e-12,slightly_aged
IMG_7393.jpg,slightly_aged,7.0,93.0,8,2025-09-21,2,5,/content/drive/MyDrive/spoilage_dataset/dataset_root/slightly_aged/IMG_7393.jpg,3.2463795e-14,1.0,1.9309132e-08,2.395988e-13,slightly_aged
IMG_7394.jpg,slightly_aged,7.0,93.0,8,2025-09-21,2,5,/content/drive/MyDrive/spoilage_dataset/dataset_root/slightly_aged/IMG_7394.jpg,3.0596437e-13,0.9999999,7.91195e-08,3.5237246e-13,slightly_aged
IMG_7395.jpg,slightly_aged,7.0,93.0,8,2025-09-21,2,5,/content/drive/MyDrive/spoilage_dataset/dataset_root/slightly_aged/IMG_7395.jpg,6.6703174e-14,1.0,2.2942235e-08,5.742591e-13,slightly_aged
IMG_7396.jpg,slightly_aged,7.0,93.0,8,2025-09-21,2,5,/content/drive/MyDrive/spoilage_dataset/dataset_root/slightly_aged/IMG_7396.jpg,3.896957e-13,0.9999999,9.22636e-08,3.6597982e-13,slightly_aged
IMG_7397.jpg,slightly_aged,7.0,93.0,8,2025-09-21,2,5,/content/drive/MyDrive/spoilage_dataset/dataset_root/slightly_aged/IMG_7397.jpg,2.3915531e-14,1.0,1.7343922e-08,6.865405e-14,slightly_aged
IMG_7398.jpg,slightly_aged,7.0,93.0,8,2025-09-21,2,5,/content/drive/MyDrive/spoilage_dataset/dataset_root/slightly_aged/IMG_7398.jpg,1.3943023e-14,1.0,5.2337983e-09,2.6377377e-14,slightly_aged
IMG_7399.jpg,slightly_aged,7.0,93.0,8,2025-09-21,2,5,/content/drive/MyDrive/spoilage_dataset/dataset_root/slightly_aged/IMG_7399.jpg,8.392696e-14,1.0,3.1701585e-08,1.5275558e-13,slightly_aged
IMG_7400.jpg,slightly_aged,7.0,93.0,8,2025-09-21,2,5,/content/drive/MyDrive/spoilage_dataset/dataset_root/slightly_aged/IMG_7400.jpg,2.7791292e-13,0.9999999,1.6066095e-07,5.604056e-13,slightly_aged
IMG_7401.jpg,slightly_aged,7.0,93.0,8,2025-09-21,2,5,/content/drive/MyDrive/spoilage_dataset/dataset_root/slightly_aged/IMG_7401.jpg,2.0656042e-13,0.9999999,9.369401e-08,3.5407495e-13,slightly_aged
IMG_7402.jpg,slightly_aged,7.0,93.0,8,2025-09-21,2,5,/content/drive/MyDrive/spoilage_dataset/dataset_root/slightly_aged/IMG_7402.jpg,1.0814992e-11,0.9999999,7.2244426e-08,2.5011543e-10,slightly_aged
IMG_7403.jpg,slightly_aged,7.0,93.0,8,2025-09-21,2,5,/content/drive/MyDrive/spoilage_dataset/dataset_root/slightly_aged/IMG_7403.jpg,3.6749865e-12,0.9999999,9.170026e-08,5.3094938e-11,slightly_aged
IMG_7404.jpg,slightly_aged,7.0,93.0,8,2025-09-21,2,5,/content/drive/MyDrive/spoilage_dataset/dataset_root/slightly_aged/IMG_7404.jpg,8.235073e-15,1.0,1.2538327e-09,8.560594e-14,slightly_aged
IMG_7405.jpg,slightly_aged,7.0,93.0,8,2025-09-21,2,5,/content/drive/MyDrive/spoilage_dataset/dataset_root/slightly_aged/IMG_7405.jpg,2.8665035e-15,1.0,9.571169e-10,1.2702103e-13,slightly_aged
IMG_7406.jpg,slightly_aged,7.0,93.0,8,2025-09-21,2,5,/content/drive/MyDrive/spoilage_dataset/dataset_root/slightly_aged/IMG_7406.jpg,1.8396404e-14,1.0,3.5688477e-09,1.9963176e-13,slightly_aged
IMG_7407.jpg,slightly_aged,8.0,91.0,8,2025-09-21,2,5,/content/drive/MyDrive/spoilage_dataset/dataset_root/slightly_aged/IMG_7407.jpg,2.557089e-15,1.0,1.1566347e-09,2.675284e-13,slightly_aged
IMG_7408.jpg,slightly_aged,8.0,91.0,8,2025-09-21,2,5,/content/drive/MyDrive/spoilage_dataset/dataset_root/slightly_aged/IMG_7408.jpg,3.676182e-14,1.0,5.185744e-09,1.9214884e-13,slightly_aged
IMG_7409.jpg,slightly_aged,8.0,91.0,8,2025-09-21,2,5,/content/drive/MyDrive/spoilage_dataset/dataset_root/slightly_aged/IMG_7409.jpg,2.7552887e-13,1.0,3.3765865e-08,1.3556032e-12,slightly_aged
IMG_7410.jpg,slightly_aged,8.0,91.0,8,2025-09-21,2,5,/content/drive/MyDrive/spoilage_dataset/dataset_root/slightly_aged/IMG_7410.jpg,6.231524e-14,1.0,2.0111013e-08,8.665689e-13,slightly_aged
IMG_7411.jpg,slightly_aged,8.0,91.0,8,2025-09-21,2,5,/content/drive/MyDrive/spoilage_dataset/dataset_root/slightly_aged/IMG_7411.jpg,2.5813963e-14,1.0,1.44500705e-08,2.5324155e-13,slightly_aged
IMG_7412.jpg,slightly_aged,8.0,91.0,8,2025-09-21,2,5,/content/drive/MyDrive/spoilage_dataset/dataset_root/slightly_aged/IMG_7412.jpg,1.7033056e-13,0.9999999,1.2431028e-07,5.9493656e-12,slightly_aged
IMG_7413.jpg,slightly_aged,8.0,91.0,8,2025-09-21,2,5,/content/drive/MyDrive/spoilage_dataset/dataset_root/slightly_aged/IMG_7413.jpg,2.700497e-13,0.9999999,1.2575222e-07,2.9822427e-12,slightly_aged
IMG_7414.jpg,slightly_aged,8.0,91.0,8,2025-09-21,2,5,/content/drive/MyDrive/spoilage_dataset/dataset_root/slightly_aged/IMG_7414.jpg,4.4488847e-14,1.0,2.5921057e-08,5.874379e-13,slightly_aged
IMG_7415.jpg,slightly_aged,8.0,91.0,8,2025-09-21,2,5,/content/drive/MyDrive/spoilage_dataset/dataset_root/slightly_aged/IMG_7415.jpg,4.5798922e-14,0.9999999,1.00843934e-07,1.0078753e-12,slightly_aged
IMG_7416.jpg,slightly_aged,8.0,91.0,8,2025-09-21,2,5,/content/drive/MyDrive/spoilage_dataset/dataset_root/slightly_aged/IMG_7416.jpg,3.367586e-13,0.9999999,1.5394824e-07,8.86825e-12,slightly_aged
IMG_7417.jpg,slightly_aged,8.0,91.0,8,2025-09-21,2,5,/content/drive/MyDrive/spoilage_dataset/dataset_root/slightly_aged/IMG_7417.jpg,2.2345554e-12,0.999998,2.0546233e-06,3.076905e-11,slightly_aged
IMG_7418.jpg,slightly_aged,8.0,91.0,8,2025-09-21,2,5,/content/drive/MyDrive/spoilage_dataset/dataset_root/slightly_aged/IMG_7418.jpg,1.4118696e-12,0.99999976,1.9695592e-07,9.287022e-12,slightly_aged
IMG_7419.jpg,slightly_aged,8.0,91.0,8,2025-09-21,2,5,/content/drive/MyDrive/spoilage_dataset/dataset_root/slightly_aged/IMG_7419.jpg,2.076319e-12,0.99999857,1.4837625e-06,3.0246316e-11,slightly_aged
IMG_7420.jpg,slightly_aged,8.0,91.0,8,2025-09-21,2,5,/content/drive/MyDrive/spoilage_dataset/dataset_root/slightly_aged/IMG_7420.jpg,6.583686e-13,0.99999976,2.0225654e-07,5.1836877e-12,slightly_aged
IMG_7421.jpg,slightly_aged,8.0,91.0,8,2025-09-21,2,5,/content/drive/MyDrive/spoilage_dataset/dataset_root/slightly_aged/IMG_7421.jpg,6.120966e-13,0.99999905,9.72443e-07,1.2373922e-11,slightly_aged
IMG_7422.jpg,slightly_aged,8.0,91.0,8,2025-09-21,2,5,/content/drive/MyDrive/spoilage_dataset/dataset_root/slightly_aged/IMG_7422.jpg,1.676898e-13,0.99999976,2.5991264e-07,4.715716e-12,slightly_aged
IMG_7423.jpg,slightly_aged,8.0,91.0,8,2025-09-21,2,5,/content/drive/MyDrive/spoilage_dataset/dataset_root/slightly_aged/IMG_7423.jpg,6.253646e-14,1.0,5.0502507e-08,6.01075e-13,slightly_aged
IMG_7424.jpg,slightly_aged,8.0,91.0,8,2025-09-21,2,5,/content/drive/MyDrive/spoilage_dataset/dataset_root/slightly_aged/IMG_7424.jpg,7.823896e-14,0.9999999,1.4684758e-07,6.706602e-13,slightly_aged
IMG_7425.jpg,slightly_aged,8.0,91.0,8,2025-09-21,2,5,/content/drive/MyDrive/spoilage_dataset/dataset_root/slightly_aged/IMG_7425.jpg,1.5487253e-13,0.9999999,8.983301e-08,2.7262717e-12,slightly_aged
IMG_7426.jpg,slightly_aged,8.0,91.0,8,2025-09-21,2,5,/content/drive/MyDrive/spoilage_dataset/dataset_root/slightly_aged/IMG_7426.jpg,6.313835e-14,0.9999999,1.0385354e-07,2.3085108e-12,slightly_aged
IMG_7427.jpg,slightly_aged,8.0,91.0,8,2025-09-21,2,5,/content/drive/MyDrive/spoilage_dataset/dataset_root/slightly_aged/IMG_7427.jpg,4.2590724e-14,1.0,2.7033334e-08,3.503947e-13,slightly_aged
IMG_7428.jpg,slightly_aged,8.0,91.0,8,2025-09-21,2,5,/content/drive/MyDrive/spoilage_dataset/dataset_root/slightly_aged/IMG_7428.jpg,4.5978876e-14,0.9999999,6.62612e-08,1.0676721e-12,slightly_aged
IMG_7429.jpg,slightly_aged,8.0,91.0,8,2025-09-21,2,5,/content/drive/MyDrive/spoilage_dataset/dataset_root/slightly_aged/IMG_7429.jpg,3.036882e-13,1.0,5.8295797e-08,2.190203e-12,slightly_aged
IMG_7430.jpg,slightly_aged,8.0,91.0,8,2025-09-21,2,5,/content/drive/MyDrive/spoilage_dataset/dataset_root/slightly_aged/IMG_7430.jpg,7.913805e-09,0.9999144,8.557803e-05,2.9070218e-08,slightly_aged
IMG_7431.jpg,slightly_aged,8.0,91.0,8,2025-09-21,2,5,/content/drive/MyDrive/spoilage_dataset/dataset_root/slightly_aged/IMG_7431.jpg,2.2229848e-07,0.99990606,9.300694e-05,7.560963e-07,slightly_aged
IMG_7432.jpg,slightly_aged,8.0,91.0,8,2025-09-21,2,5,/content/drive/MyDrive/spoilage_dataset/dataset_root/slightly_aged/IMG_7432.jpg,6.761377e-08,0.9999548,4.4895343e-05,1.2829237e-07,slightly_aged
IMG_7433.jpg,slightly_aged,8.0,91.0,8,2025-09-21,2,5,/content/drive/MyDrive/spoilage_dataset/dataset_root/slightly_aged/IMG_7433.jpg,3.7853377e-07,0.99973303,0.00026528776,1.3073602e-06,slightly_aged
IMG_7434.jpg,slightly_aged,8.0,91.0,8,2025-09-21,2,5,/content/drive/MyDrive/spoilage_dataset/dataset_root/slightly_aged/IMG_7434.jpg,2.0139176e-10,0.99999845,1.5369885e-06,3.5251768e-10,slightly_aged
IMG_7435.jpg,slightly_aged,8.0,91.0,8,2025-09-21,2,5,/content/drive/MyDrive/spoilage_dataset/dataset_root/slightly_aged/IMG_7435.jpg,3.6012228e-11,0.99999857,1.3788507e-06,1.866307e-10,slightly_aged
IMG_7436.jpg,slightly_aged,8.0,91.0,8,2025-09-21,2,5,/content/drive/MyDrive/spoilage_dataset/dataset_root/slightly_aged/IMG_7436.jpg,2.271721e-09,0.99999523,4.734554e-06,4.2022216e-10,slightly_aged
IMG_7437.jpg,slightly_aged,8.0,91.0,8,2025-09-21,2,5,/content/drive/MyDrive/spoilage_dataset/dataset_root/slightly_aged/IMG_7437.jpg,1.0151952e-11,0.9999994,6.3796654e-07,5.6943627e-11,slightly_aged
IMG_7438.jpg,slightly_aged,8.0,91.0,8,2025-09-21,2,5,/content/drive/MyDrive/spoilage_dataset/dataset_root/slightly_aged/IMG_7438.jpg,3.673697e-11,0.9999994,6.4099936e-07,9.418998e-11,slightly_aged
IMG_7439.jpg,slightly_aged,8.0,91.0,8,2025-09-21,2,5,/content/drive/MyDrive/spoilage_dataset/dataset_root/slightly_aged/IMG_7439.jpg,2.0734438e-10,0.99999654,3.413866e-06,2.1033059e-10,slightly_aged
IMG_7440.jpg,slightly_aged,8.0,91.0,8,2025-09-21,2,5,/content/drive/MyDrive/spoilage_dataset/dataset_root/slightly_aged/IMG_7440.jpg,1.2110919e-10,0.99999905,9.627622e-07,1.6521205e-10,slightly_aged
IMG_7441.jpg,slightly_aged,8.0,91.0,8,2025-09-21,2,5,/content/drive/MyDrive/spoilage_dataset/dataset_root/slightly_aged/IMG_7441.jpg,2.3787597e-10,0.9999995,4.3959645e-07,1.0961486e-10,slightly_aged
IMG_7442.jpg,slightly_aged,8.0,91.0,8,2025-09-21,2,5,/content/drive/MyDrive/spoilage_dataset/dataset_root/slightly_aged/IMG_7442.jpg,1.9535434e-11,0.9999994,5.772299e-07,2.15665e-11,slightly_aged
IMG_7443.jpg,slightly_aged,8.0,91.0,8,2025-09-21,2,5,/content/drive/MyDrive/spoilage_dataset/dataset_root/slightly_aged/IMG_7443.jpg,4.7460846e-10,0.99999774,2.248448e-06,1.1967736e-09,slightly_aged
IMG_7444.jpg,slightly_aged,8.0,91.0,8,2025-09-21,2,5,/content/drive/MyDrive/spoilage_dataset/dataset_root/slightly_aged/IMG_7444.jpg,5.2620436e-10,0.99999833,1.6586522e-06,1.1472335e-09,slightly_aged
IMG_7445.jpg,slightly_aged,8.0,91.0,8,2025-09-21,2,5,/content/drive/MyDrive/spoilage_dataset/dataset_root/slightly_aged/IMG_7445.jpg,1.5756325e-10,0.9999995,4.742951e-07,1.2654913e-10,slightly_aged
IMG_7446.jpg,slightly_aged,8.0,91.0,8,2025-09-21,2,5,/content/drive/MyDrive/spoilage_dataset/dataset_root/slightly_aged/IMG_7446.jpg,1.0008834e-10,0.9999993,6.657766e-07,2.7977037e-10,slightly_aged
IMG_7447.jpg,slightly_aged,8.0,91.0,8,2025-09-21,2,5,/content/drive/MyDrive/spoilage_dataset/dataset_root/slightly_aged/IMG_7447.jpg,1.1866731e-11,0.9999995,5.3474116e-07,6.4833514e-11,slightly_aged
IMG_7448.jpg,slightly_aged,8.0,91.0,8,2025-09-21,2,5,/content/drive/MyDrive/spoilage_dataset/dataset_root/slightly_aged/IMG_7448.jpg,2.838522e-10,0.9999956,4.4136636e-06,1.6321922e-09,slightly_aged
IMG_7449.jpg,slightly_aged,8.0,91.0,8,2025-09-21,2,5,/content/drive/MyDrive/spoilage_dataset/dataset_root/slightly_aged/IMG_7449.jpg,2.582569e-10,0.9999944,5.554165e-06,3.2476805e-10,slightly_aged
IMG_7450.jpg,slightly_aged,8.0,91.0,8,2025-09-21,2,5,/content/drive/MyDrive/spoilage_dataset/dataset_root/slightly_aged/IMG_7450.jpg,4.98477e-09,0.99996364,3.6328736e-05,4.2860733e-09,slightly_aged
IMG_7451.jpg,slightly_aged,8.0,91.0,8,2025-09-21,2,5,/content/drive/MyDrive/spoilage_dataset/dataset_root/slightly_aged/IMG_7451.jpg,1.2283301e-09,0.9999908,9.1345155e-06,1.5563365e-09,slightly_aged
IMG_7452.jpg,slightly_aged,8.0,91.0,8,2025-09-21,2,5,/content/drive/MyDrive/spoilage_dataset/dataset_root/slightly_aged/IMG_7452.jpg,4.2341575e-09,0.99998987,1.0088487e-05,7.8877244e-10,slightly_aged
IMG_7453.jpg,slightly_aged,8.0,91.0,8,2025-09-21,2,5,/content/drive/MyDrive/spoilage_dataset/dataset_root/slightly_aged/IMG_7453.jpg,1.552454e-08,0.9999682,3.1836626e-05,9.204918e-09,slightly_aged
IMG_7454.jpg,slightly_aged,8.0,91.0,8,2025-09-21,2,5,/content/drive/MyDrive/spoilage_dataset/dataset_root/slightly_aged/IMG_7454.jpg,5.944659e-08,0.99993503,6.501676e-05,3.818482e-08,slightly_aged
IMG_7455.jpg,slightly_aged,8.0,91.0,8,2025-09-21,2,5,/content/drive/MyDrive/spoilage_dataset/dataset_root/slightly_aged/IMG_7455.jpg,1.2134388e-08,0.99988556,0.00011447105,2.4672461e-08,slightly_aged
IMG_7456.jpg,slightly_aged,8.0,91.0,8,2025-09-21,2,5,/content/drive/MyDrive/spoilage_dataset/dataset_root/slightly_aged/IMG_7456.jpg,3.3525943e-08,0.99996066,3.9311908e-05,1.1314968e-08,slightly_aged
IMG_7457.jpg,slightly_aged,8.0,91.0,8,2025-09-21,2,5,/content/drive/MyDrive/spoilage_dataset/dataset_root/slightly_aged/IMG_7457.jpg,6.710045e-10,0.99999285,7.178022e-06,1.244781e-09,slightly_aged
IMG_7458.jpg,slightly_aged,8.0,91.0,8,2025-09-21,2,5,/content/drive/MyDrive/spoilage_dataset/dataset_root/slightly_aged/IMG_7458.jpg,7.090426e-11,0.9999956,4.3558784e-06,4.718941e-10,slightly_aged
IMG_7459.jpg,slightly_aged,8.0,91.0,8,2025-09-21,2,5,/content/drive/MyDrive/spoilage_dataset/dataset_root/slightly_aged/IMG_7459.jpg,1.5821533e-09,0.9999825,1.7577917e-05,5.418648e-10,slightly_aged
IMG_7460.jpg,slightly_aged,8.0,91.0,8,2025-09-21,2,5,/content/drive/MyDrive/spoilage_dataset/dataset_root/slightly_aged/IMG_7460.jpg,2.4131977e-10,0.99999535,4.6831456e-06,6.980591e-11,slightly_aged
IMG_7461.jpg,slightly_aged,8.0,91.0,8,2025-09-21,2,5,/content/drive/MyDrive/spoilage_dataset/dataset_root/slightly_aged/IMG_7461.jpg,6.8114145e-09,0.999928,7.1949675e-05,1.5036512e-08,slightly_aged
IMG_7462.jpg,slightly_aged,8.0,91.0,8,2025-09-21,2,5,/content/drive/MyDrive/spoilage_dataset/dataset_root/slightly_aged/IMG_7462.jpg,7.637116e-08,0.99978286,0.00021709228,3.379435e-08,slightly_aged
IMG_7463.jpg,slightly_aged,8.0,91.0,8,2025-09-21,2,5,/content/drive/MyDrive/spoilage_dataset/dataset_root/slightly_aged/IMG_7463.jpg,7.757377e-09,0.9999428,5.7197027e-05,8.144498e-09,slightly_aged
IMG_7464.jpg,slightly_aged,8.0,91.0,8,2025-09-21,2,5,/content/drive/MyDrive/spoilage_dataset/dataset_root/slightly_aged/IMG_7464.jpg,4.4216847e-08,0.99992967,7.0301176e-05,2.8021365e-08,slightly_aged
IMG_7465.jpg,slightly_aged,8.0,91.0,8,2025-09-21,2,5,/content/drive/MyDrive/spoilage_dataset/dataset_root/slightly_aged/IMG_7465.jpg,1.9761926e-07,0.999905,9.4755625e-05,3.112409e-08,slightly_aged
IMG_7466.jpg,slightly_aged,8.0,91.0,8,2025-09-21,2,5,/content/drive/MyDrive/spoilage_dataset/dataset_root/slightly_aged/IMG_7466.jpg,1.9961517e-09,0.99995685,4.3143576e-05,2.865559e-08,slightly_aged
IMG_7467.jpg,slightly_aged,8.0,91.0,8,2025-09-21,2,5,/content/drive/MyDrive/spoilage_dataset/dataset_root/slightly_aged/IMG_7467.jpg,5.5360636e-09,0.9999846,1.539509e-05,4.99664e-09,slightly_aged
IMG_7468.jpg,slightly_aged,8.0,91.0,8,2025-09-21,2,5,/content/drive/MyDrive/spoilage_dataset/dataset_root/slightly_aged/IMG_7468.jpg,1.8335339e-08,0.9999641,3.5829096e-05,2.334041e-08,slightly_aged
IMG_7469.jpg,slightly_aged,8.0,91.0,8,2025-09-21,2,5,/content/drive/MyDrive/spoilage_dataset/dataset_root/slightly_aged/IMG_7469.jpg,7.03609e-09,0.99997115,2.881433e-05,8.4565235e-09,slightly_aged
IMG_7470.jpg,slightly_aged,8.0,91.0,8,2025-09-21,2,5,/content/drive/MyDrive/spoilage_dataset/dataset_root/slightly_aged/IMG_7470.jpg,2.4315996e-08,0.9999502,4.9885697e-05,2.8212323e-08,slightly_aged
IMG_7471.jpg,slightly_aged,8.0,91.0,8,2025-09-21,2,5,/content/drive/MyDrive/spoilage_dataset/dataset_root/slightly_aged/IMG_7471.jpg,1.8797377e-09,0.9999875,1.2548794e-05,9.493638e-09,slightly_aged
IMG_7472.jpg,slightly_aged,8.0,91.0,8,2025-09-21,2,5,/content/drive/MyDrive/spoilage_dataset/dataset_root/slightly_aged/IMG_7472.jpg,7.3897373e-09,0.999887,0.000113051516,1.3359767e-08,slightly_aged
IMG_7473.jpg,slightly_aged,8.0,91.0,8,2025-09-21,2,5,/content/drive/MyDrive/spoilage_dataset/dataset_root/slightly_aged/IMG_7473.jpg,5.5649205e-09,0.99998796,1.20787145e-05,2.3353868e-09,slightly_aged
IMG_7474.jpg,slightly_aged,8.0,91.0,8,2025-09-21,2,5,/content/drive/MyDrive/spoilage_dataset/dataset_root/slightly_aged/IMG_7474.jpg,1.4616735e-08,0.9999627,3.731018e-05,1.1092668e-08,slightly_aged
IMG_7475.jpg,slightly_aged,8.0,91.0,8,2025-09-21,2,5,/content/drive/MyDrive/spoilage_dataset/dataset_root/slightly_aged/IMG_7475.jpg,7.567605e-09,0.9999784,2.1572696e-05,5.9239964e-09,slightly_aged
IMG_7476.jpg,slightly_aged,8.0,91.0,8,2025-09-21,2,5,/content/drive/MyDrive/spoilage_dataset/dataset_root/slightly_aged/IMG_7476.jpg,1.5599907e-08,0.9999207,7.920833e-05,2.054041e-08,slightly_aged
IMG_7477.jpg,slightly_aged,8.0,91.0,8,2025-09-21,2,5,/content/drive/MyDrive/spoilage_dataset/dataset_root/slightly_aged/IMG_7477.jpg,3.744122e-08,0.9999665,3.3496533e-05,1.8991958e-08,slightly_aged
IMG_7479.jpg,slightly_aged,8.0,91.0,8,2025-09-21,2,5,/content/drive/MyDrive/spoilage_dataset/dataset_root/slightly_aged/IMG_7479.jpg,0.00050611934,0.96513265,0.034355216,5.987951e-06,slightly_aged
IMG_7480.jpg,slightly_aged,8.0,91.0,8,2025-09-21,2,5,/content/drive/MyDrive/spoilage_dataset/dataset_root/slightly_aged/IMG_7480.jpg,1.0706297e-05,0.9991523,0.00083668163,2.9188283e-07,slightly_aged
IMG_7481.jpg,slightly_aged,8.0,91.0,8,2025-09-21,2,5,/content/drive/MyDrive/spoilage_dataset/dataset_root/slightly_aged/IMG_7481.jpg,1.6086248e-06,0.9989104,0.0010878476,9.042773e-08,slightly_aged
IMG_7482.jpg,slightly_aged,8.0,91.0,8,2025-09-21,2,5,/content/drive/MyDrive/spoilage_dataset/dataset_root/slightly_aged/IMG_7482.jpg,6.640949e-08,0.9999294,7.050615e-05,7.911388e-09,slightly_aged
IMG_7483.jpg,slightly_aged,8.0,91.0,8,2025-09-21,2,5,/content/drive/MyDrive/spoilage_dataset/dataset_root/slightly_aged/IMG_7483.jpg,4.104219e-08,0.999933,6.693836e-05,1.633374e-08,slightly_aged
IMG_7484.jpg,slightly_aged,8.0,91.0,8,2025-09-21,2,5,/content/drive/MyDrive/spoilage_dataset/dataset_root/slightly_aged/IMG_7484.jpg,1.5785611e-06,0.99954563,0.0004523059,4.3258595e-07,slightly_aged
IMG_7485.jpg,slightly_aged,8.0,91.0,8,2025-09-21,2,5,/content/drive/MyDrive/spoilage_dataset/dataset_root/slightly_aged/IMG_7485.jpg,1.194203e-06,0.9995857,0.00041280987,3.4346536e-07,slightly_aged
IMG_7486.jpg,slightly_aged,8.0,91.0,8,2025-09-21,2,5,/content/drive/MyDrive/spoilage_dataset/dataset_root/slightly_aged/IMG_7486.jpg,1.6664393e-07,0.999941,5.8813715e-05,1.3993362e-07,slightly_aged
IMG_7487.jpg,slightly_aged,8.0,91.0,8,2025-09-21,2,5,/content/drive/MyDrive/spoilage_dataset/dataset_root/slightly_aged/IMG_7487.jpg,7.468212e-08,0.9999442,5.5680754e-05,7.605373e-09,slightly_aged
IMG_7488.jpg,slightly_aged,8.0,91.0,8,2025-09-21,2,5,/content/drive/MyDrive/spoilage_dataset/dataset_root/slightly_aged/IMG_7488.jpg,1.7331603e-08,0.9999819,1.810872e-05,9.365691e-09,slightly_aged
IMG_7489.jpg,slightly_aged,8.0,91.0,8,2025-09-21,2,5,/content/drive/MyDrive/spoilage_dataset/dataset_root/slightly_aged/IMG_7489.jpg,6.142722e-08,0.9999416,5.8261416e-05,2.2531617e-08,slightly_aged
IMG_7490.jpg,slightly_aged,8.0,91.0,8,2025-09-21,2,5,/content/drive/MyDrive/spoilage_dataset/dataset_root/slightly_aged/IMG_7490.jpg,5.9672416e-08,0.99997103,2.8821965e-05,6.4036345e-09,slightly_aged
IMG_7491.jpg,slightly_aged,8.0,91.0,8,2025-09-21,2,5,/content/drive/MyDrive/spoilage_dataset/dataset_root/slightly_aged/IMG_7491.jpg,0.6186785,0.3770215,0.0042951736,4.817002e-06,fresh
IMG_7492.jpg,slightly_aged,8.0,91.0,8,2025-09-21,2,5,/content/drive/MyDrive/spoilage_dataset/dataset_root/slightly_aged/IMG_7492.jpg,0.7276064,0.26316875,0.009221938,2.9697846e-06,fresh
IMG_7493.jpg,slightly_aged,8.0,91.0,8,2025-09-21,2,5,/content/drive/MyDrive/spoilage_dataset/dataset_root/slightly_aged/IMG_7493.jpg,0.52752316,0.4201081,0.052363712,5.037682e-06,fresh
IMG_7494.jpg,slightly_aged,8.0,91.0,8,2025-09-21,2,5,/content/drive/MyDrive/spoilage_dataset/dataset_root/slightly_aged/IMG_7494.jpg,0.7722398,0.2006292,0.027129252,1.7502955e-06,fresh
IMG_7495.jpg,slightly_aged,8.0,91.0,8,2025-09-21,2,5,/content/drive/MyDrive/spoilage_dataset/dataset_root/slightly_aged/IMG_7495.jpg,0.80358386,0.19218075,0.004234234,1.1162658e-06,fresh
IMG_7496.jpg,slightly_aged,8.0,91.0,8,2025-09-21,2,5,/content/drive/MyDrive/spoilage_dataset/dataset_root/slightly_aged/IMG_7496.jpg,0.4647231,0.45964205,0.075633734,1.1065094e-06,fresh
IMG_7497.jpg,slightly_aged,8.0,91.0,8,2025-09-21,2,5,/content/drive/MyDrive/spoilage_dataset/dataset_root/slightly_aged/IMG_7497.jpg,0.861212,0.13484035,0.0039471877,5.6462363e-07,fresh
IMG_7498.jpg,slightly_aged,8.0,91.0,8,2025-09-21,2,5,/content/drive/MyDrive/spoilage_dataset/dataset_root/slightly_aged/IMG_7498.jpg,0.4313166,0.5479919,0.020690622,9.050509e-07,slightly_aged
IMG_7499.jpg,slightly_aged,8.0,91.0,8,2025-09-21,2,5,/content/drive/MyDrive/spoilage_dataset/dataset_root/slightly_aged/IMG_7499.jpg,0.14443384,0.85045016,0.005115588,3.583912e-07,slightly_aged
IMG_7500.jpg,slightly_aged,8.0,91.0,8,2025-09-21,2,5,/content/drive/MyDrive/spoilage_dataset/dataset_root/slightly_aged/IMG_7500.jpg,0.81364167,0.1779156,0.008442078,6.335039e-07,fresh
IMG_7501.jpg,slightly_aged,8.0,91.0,8,2025-09-21,2,5,/content/drive/MyDrive/spoilage_dataset/dataset_root/slightly_aged/IMG_7501.jpg,0.7093347,0.28574577,0.004919285,2.26718e-07,fresh
IMG_7502.jpg,slightly_aged,8.0,91.0,8,2025-09-21,2,5,/content/drive/MyDrive/spoilage_dataset/dataset_root/slightly_aged/IMG_7502.jpg,0.19511455,0.7420765,0.06280767,1.2378932e-06,slightly_aged
IMG_7503.jpg,slightly_aged,8.0,91.0,8,2025-09-21,2,5,/content/drive/MyDrive/spoilage_dataset/dataset_root/slightly_aged/IMG_7503.jpg,0.16468127,0.8235134,0.011803903,1.4065258e-06,slightly_aged
IMG_7504.jpg,slightly_aged,8.0,91.0,8,2025-09-21,2,5,/content/drive/MyDrive/spoilage_dataset/dataset_root/slightly_aged/IMG_7504.jpg,1.8545465e-05,0.99777406,0.0022065416,8.2630453e-07,slightly_aged
IMG_7505.jpg,slightly_aged,8.0,91.0,8,2025-09-21,2,5,/content/drive/MyDrive/spoilage_dataset/dataset_root/slightly_aged/IMG_7505.jpg,4.2886524e-05,0.9377147,0.06223939,2.9989528e-06,slightly_aged
IMG_7506.jpg,slightly_aged,8.0,91.0,8,2025-09-21,2,5,/content/drive/MyDrive/spoilage_dataset/dataset_root/slightly_aged/IMG_7506.jpg,0.0015890616,0.7568319,0.24153793,4.1115047e-05,slightly_aged
IMG_7507.jpg,slightly_aged,8.0,91.0,8,2025-09-21,2,5,/content/drive/MyDrive/spoilage_dataset/dataset_root/slightly_aged/IMG_7507.jpg,0.00024794077,0.9507294,0.049013782,8.875181e-06,slightly_aged
IMG_7508.jpg,slightly_aged,8.0,91.0,8,2025-09-21,2,5,/content/drive/MyDrive/spoilage_dataset/dataset_root/slightly_aged/IMG_7508.jpg,0.00013364172,0.94716483,0.052698534,2.904929e-06,slightly_aged
IMG_7509.jpg,slightly_aged,8.0,91.0,8,2025-09-21,2,5,/content/drive/MyDrive/spoilage_dataset/dataset_root/slightly_aged/IMG_7509.jpg,1.691379e-05,0.9922753,0.0077072247,5.9256655e-07,slightly_aged
IMG_7510.jpg,slightly_aged,8.0,91.0,8,2025-09-21,2,5,/content/drive/MyDrive/spoilage_dataset/dataset_root/slightly_aged/IMG_7510.jpg,5.6736593e-05,0.99406284,0.00588031,1.1577239e-07,slightly_aged
IMG_7511.jpg,slightly_aged,8.0,91.0,8,2025-09-21,2,5,/content/drive/MyDrive/spoilage_dataset/dataset_root/slightly_aged/IMG_7511.jpg,0.00013585658,0.9950075,0.004856265,3.8415098e-07,slightly_aged
IMG_7512.jpg,slightly_aged,8.0,91.0,8,2025-09-21,2,5,/content/drive/MyDrive/spoilage_dataset/dataset_root/slightly_aged/IMG_7512.jpg,0.0016104762,0.95803446,0.040351886,3.1866969e-06,slightly_aged
IMG_7513.jpg,slightly_aged,8.0,91.0,8,2025-09-21,2,5,/content/drive/MyDrive/spoilage_dataset/dataset_root/slightly_aged/IMG_7513.jpg,0.00041149417,0.9942128,0.005375194,5.327893e-07,slightly_aged
IMG_7514.jpg,slightly_aged,8.0,91.0,8,2025-09-21,2,5,/content/drive/MyDrive/spoilage_dataset/dataset_root/slightly_aged/IMG_7514.jpg,0.0027064988,0.9867339,0.010558981,5.428514e-07,slightly_aged
IMG_7515.jpg,slightly_aged,8.0,91.0,9,2025-09-21,2,5,/content/drive/MyDrive/spoilage_dataset/dataset_root/slightly_aged/IMG_7515.jpg,0.00028188512,0.9982699,0.0014478646,1.7873887e-07,slightly_aged
IMG_7516.jpg,slightly_aged,8.0,91.0,9,2025-09-21,2,5,/content/drive/MyDrive/spoilage_dataset/dataset_root/slightly_aged/IMG_7516.jpg,0.00046349372,0.98147607,0.018059326,1.1118408e-06,slightly_aged
IMG_7517.jpg,slightly_aged,8.0,91.0,9,2025-09-21,2,5,/content/drive/MyDrive/spoilage_dataset/dataset_root/slightly_aged/IMG_7517.jpg,2.5345531e-05,0.9960467,0.003927855,1.4047747e-07,slightly_aged
IMG_7518.jpg,slightly_aged,8.0,91.0,9,2025-09-21,2,5,/content/drive/MyDrive/spoilage_dataset/dataset_root/slightly_aged/IMG_7518.jpg,3.7065158e-05,0.99988556,7.733003e-05,5.774326e-08,slightly_aged
IMG_7519.jpg,slightly_aged,8.0,91.0,9,2025-09-21,2,5,/content/drive/MyDrive/spoilage_dataset/dataset_root/slightly_aged/IMG_7519.jpg,5.484836e-06,0.98971367,0.0102802785,5.927499e-07,slightly_aged
IMG_7520.jpg,slightly_aged,8.0,91.0,9,2025-09-21,2,5,/content/drive/MyDrive/spoilage_dataset/dataset_root/slightly_aged/IMG_7520.jpg,1.6862665e-05,0.9776023,0.022379918,7.837482e-07,slightly_aged
IMG_7521.jpg,slightly_aged,8.0,91.0,9,2025-09-21,2,5,/content/drive/MyDrive/spoilage_dataset/dataset_root/slightly_aged/IMG_7521.jpg,5.5585447e-06,0.9778581,0.022135705,6.1581574e-07,slightly_aged
IMG_7522.jpg,slightly_aged,8.0,91.0,9,2025-09-21,2,5,/content/drive/MyDrive/spoilage_dataset/dataset_root/slightly_aged/IMG_7522.jpg,1.7582123e-06,0.98099136,0.019004377,2.5402326e-06,slightly_aged
IMG_7523.jpg,slightly_aged,8.0,91.0,9,2025-09-21,2,5,/content/drive/MyDrive/spoilage_dataset/dataset_root/slightly_aged/IMG_7523.jpg,1.5347382e-06,0.9925208,0.007476829,8.2020074e-07,slightly_aged
IMG_7524.jpg,slightly_aged,8.0,91.0,9,2025-09-21,2,5,/content/drive/MyDrive/spoilage_dataset/dataset_root/slightly_aged/IMG_7524.jpg,6.5988556e-06,0.9326674,0.067316145,9.901804e-06,slightly_aged
IMG_7525.jpg,slightly_aged,8.0,91.0,9,2025-09-21,2,5,/content/drive/MyDrive/spoilage_dataset/dataset_root/slightly_aged/IMG_7525.jpg,1.0276957e-05,0.9740767,0.025912197,8.072336e-07,slightly_aged
IMG_7526.jpg,slightly_aged,8.0,91.0,9,2025-09-21,2,5,/content/drive/MyDrive/spoilage_dataset/dataset_root/slightly_aged/IMG_7526.jpg,9.009658e-06,0.9435566,0.05642239,1.2051795e-05,slightly_aged
IMG_7527.jpg,slightly_aged,8.0,91.0,9,2025-09-21,2,5,/content/drive/MyDrive/spoilage_dataset/dataset_root/slightly_aged/IMG_7527.jpg,1.6884143e-05,0.9861692,0.013810777,3.0771253e-06,slightly_aged
IMG_7528.jpg,slightly_aged,8.0,91.0,9,2025-09-21,2,5,/content/drive/MyDrive/spoilage_dataset/dataset_root/slightly_aged/IMG_7528.jpg,2.0064783e-05,0.95417136,0.045801688,6.9777075e-06,slightly_aged
IMG_7529.jpg,slightly_aged,8.0,91.0,9,2025-09-21,2,5,/content/drive/MyDrive/spoilage_dataset/dataset_root/slightly_aged/IMG_7529.jpg,2.0560474e-05,0.7848737,0.21510278,2.913899e-06,slightly_aged
IMG_7530.jpg,slightly_aged,8.0,91.0,9,2025-09-21,2,5,/content/drive/MyDrive/spoilage_dataset/dataset_root/slightly_aged/IMG_7530.jpg,7.785203e-06,0.8425897,0.15739906,3.3974045e-06,slightly_aged
IMG_7531.jpg,slightly_aged,8.0,91.0,9,2025-09-21,2,5,/content/drive/MyDrive/spoilage_dataset/dataset_root/slightly_aged/IMG_7531.jpg,2.2699485e-05,0.9781628,0.021813042,1.3667195e-06,slightly_aged
IMG_7532.jpg,slightly_aged,8.0,91.0,9,2025-09-21,2,5,/content/drive/MyDrive/spoilage_dataset/dataset_root/slightly_aged/IMG_7532.jpg,8.5511124e-07,0.98558444,0.014414202,5.1749157e-07,slightly_aged
IMG_7533.jpg,slightly_aged,8.0,91.0,9,2025-09-21,2,5,/content/drive/MyDrive/spoilage_dataset/dataset_root/slightly_aged/IMG_7533.jpg,8.455638e-07,0.98561513,0.014383726,3.5138126e-07,slightly_aged
IMG_7534.jpg,slightly_aged,8.0,91.0,9,2025-09-21,2,5,/content/drive/MyDrive/spoilage_dataset/dataset_root/slightly_aged/IMG_7534.jpg,1.1985644e-07,0.99951804,0.0004815414,3.0902584e-07,slightly_aged
IMG_7535.jpg,slightly_aged,8.0,91.0,9,2025-09-21,2,5,/content/drive/MyDrive/spoilage_dataset/dataset_root/slightly_aged/IMG_7535.jpg,8.807342e-09,0.99980336,0.00019613504,4.700319e-07,slightly_aged
IMG_7536.jpg,slightly_aged,8.0,91.0,9,2025-09-21,2,5,/content/drive/MyDrive/spoilage_dataset/dataset_root/slightly_aged/IMG_7536.jpg,4.956141e-08,0.9998281,0.00017144588,4.174347e-07,slightly_aged
IMG_7537.jpg,slightly_aged,8.0,91.0,9,2025-09-21,2,5,/content/drive/MyDrive/spoilage_dataset/dataset_root/slightly_aged/IMG_7537.jpg,1.275912e-08,0.9999825,1.7364002e-05,8.900615e-08,slightly_aged
IMG_7538.jpg,slightly_aged,8.0,91.0,9,2025-09-21,2,5,/content/drive/MyDrive/spoilage_dataset/dataset_root/slightly_aged/IMG_7538.jpg,9.545101e-09,0.9998871,0.00011228745,5.416486e-07,slightly_aged
IMG_7539.jpg,slightly_aged,8.0,91.0,9,2025-09-21,2,5,/content/drive/MyDrive/spoilage_dataset/dataset_root/slightly_aged/IMG_7539.jpg,1.2177844e-07,0.9985362,0.0014631863,4.2943756e-07,slightly_aged
IMG_7540.jpg,slightly_aged,8.0,91.0,9,2025-09-21,2,5,/content/drive/MyDrive/spoilage_dataset/dataset_root/slightly_aged/IMG_7540.jpg,2.6425974e-07,0.99710065,0.0028975345,1.55783e-06,slightly_aged
IMG_7541.jpg,slightly_aged,8.0,91.0,9,2025-09-21,2,5,/content/drive/MyDrive/spoilage_dataset/dataset_root/slightly_aged/IMG_7541.jpg,3.1656626e-08,0.99983966,0.0001602109,1.6425616e-07,slightly_aged
IMG_7542.jpg,slightly_aged,8.0,91.0,9,2025-09-21,2,5,/content/drive/MyDrive/spoilage_dataset/dataset_root/slightly_aged/IMG_7542.jpg,8.4718394e-08,0.99957913,0.00042049287,2.2614982e-07,slightly_aged
IMG_7543.jpg,slightly_aged,8.0,91.0,9,2025-09-21,2,5,/content/drive/MyDrive/spoilage_dataset/dataset_root/slightly_aged/IMG_7543.jpg,2.3606455e-07,0.9993693,0.00063003105,4.2349902e-07,slightly_aged
IMG_7544.jpg,slightly_aged,8.0,91.0,9,2025-09-21,2,5,/content/drive/MyDrive/spoilage_dataset/dataset_root/slightly_aged/IMG_7544.jpg,3.2543136e-07,0.99923444,0.0007647814,5.218303e-07,slightly_aged
IMG_7545.jpg,slightly_aged,8.0,91.0,9,2025-09-21,2,5,/content/drive/MyDrive/spoilage_dataset/dataset_root/slightly_aged/IMG_7545.jpg,5.084526e-08,0.9991043,0.0008952984,3.7583465e-07,slightly_aged
IMG_7546.jpg,slightly_aged,8.0,91.0,9,2025-09-21,2,5,/content/drive/MyDrive/spoilage_dataset/dataset_root/slightly_aged/IMG_7546.jpg,4.2130957e-08,0.99989116,0.000108645574,2.340927e-07,slightly_aged
IMG_7547.jpg,slightly_aged,8.0,91.0,9,2025-09-21,2,5,/content/drive/MyDrive/spoilage_dataset/dataset_root/slightly_aged/IMG_7547.jpg,1.6572557e-08,0.99990666,9.3229275e-05,7.694709e-08,slightly_aged
IMG_7548.jpg,slightly_aged,8.0,91.0,9,2025-09-21,2,5,/content/drive/MyDrive/spoilage_dataset/dataset_root/slightly_aged/IMG_7548.jpg,1.1071457e-09,0.99997175,2.8131915e-05,1.249561e-07,slightly_aged
IMG_7549.jpg,slightly_aged,8.0,91.0,9,2025-09-21,2,5,/content/drive/MyDrive/spoilage_dataset/dataset_root/slightly_aged/IMG_7549.jpg,2.4367756e-08,0.9999403,5.931561e-05,3.0132446e-07,slightly_aged
IMG_7550.jpg,slightly_aged,8.0,91.0,9,2025-09-21,2,5,/content/drive/MyDrive/spoilage_dataset/dataset_root/slightly_aged/IMG_7550.jpg,6.584337e-09,0.99990594,9.366991e-05,3.9838835e-07,slightly_aged
IMG_7551.jpg,slightly_aged,8.0,91.0,9,2025-09-21,2,5,/content/drive/MyDrive/spoilage_dataset/dataset_root/slightly_aged/IMG_7551.jpg,6.468571e-09,0.99991345,8.649684e-05,4.989706e-08,slightly_aged
IMG_7552.jpg,slightly_aged,8.0,91.0,9,2025-09-21,2,5,/content/drive/MyDrive/spoilage_dataset/dataset_root/slightly_aged/IMG_7552.jpg,1.1609988e-07,0.9997558,0.00024397395,7.937525e-08,slightly_aged
IMG_7553.jpg,slightly_aged,8.0,91.0,9,2025-09-21,2,5,/content/drive/MyDrive/spoilage_dataset/dataset_root/slightly_aged/IMG_7553.jpg,2.8035554e-08,0.99956626,0.00043362752,9.37558e-08,slightly_aged
IMG_7554.jpg,slightly_aged,8.0,91.0,9,2025-09-21,2,5,/content/drive/MyDrive/spoilage_dataset/dataset_root/slightly_aged/IMG_7554.jpg,2.0861455e-07,0.9994,0.00059900153,6.9807754e-07,slightly_aged
IMG_7555.jpg,slightly_aged,8.0,91.0,9,2025-09-21,2,5,/content/drive/MyDrive/spoilage_dataset/dataset_root/slightly_aged/IMG_7555.jpg,3.1439788e-12,0.9999988,1.1427729e-06,6.4465666e-10,slightly_aged
IMG_7556.jpg,slightly_aged,8.0,91.0,9,2025-09-21,2,5,/content/drive/MyDrive/spoilage_dataset/dataset_root/slightly_aged/IMG_7556.jpg,9.9337094e-11,0.99999726,2.732882e-06,7.308324e-09,slightly_aged
IMG_7557.jpg,slightly_aged,8.0,91.0,9,2025-09-21,2,5,/content/drive/MyDrive/spoilage_dataset/dataset_root/slightly_aged/IMG_7557.jpg,4.764939e-11,0.99999964,4.159651e-07,8.667418e-10,slightly_aged
IMG_7558.jpg,slightly_aged,8.0,91.0,9,2025-09-21,2,5,/content/drive/MyDrive/spoilage_dataset/dataset_root/slightly_aged/IMG_7558.jpg,7.4138605e-11,0.9999999,8.070138e-08,4.7981213e-10,slightly_aged
IMG_7559.jpg,slightly_aged,8.0,91.0,9,2025-09-21,2,5,/content/drive/MyDrive/spoilage_dataset/dataset_root/slightly_aged/IMG_7559.jpg,9.95433e-12,1.0,5.6256184e-08,4.5610898e-10,slightly_aged
IMG_7560.jpg,slightly_aged,8.0,91.0,9,2025-09-21,2,5,/content/drive/MyDrive/spoilage_dataset/dataset_root/slightly_aged/IMG_7560.jpg,1.08791955e-10,0.9999999,9.890249e-08,1.1571951e-09,slightly_aged
IMG_7561.jpg,slightly_aged,8.0,91.0,9,2025-09-21,2,5,/content/drive/MyDrive/spoilage_dataset/dataset_root/slightly_aged/IMG_7561.jpg,8.013325e-12,1.0,2.994133e-08,1.06138716e-10,slightly_aged
IMG_7562.jpg,slightly_aged,8.0,91.0,9,2025-09-21,2,5,/content/drive/MyDrive/spoilage_dataset/dataset_root/slightly_aged/IMG_7562.jpg,1.674733e-11,1.0,3.1202003e-08,1.8833202e-10,slightly_aged
IMG_7563.jpg,slightly_aged,8.0,91.0,9,2025-09-21,2,5,/content/drive/MyDrive/spoilage_dataset/dataset_root/slightly_aged/IMG_7563.jpg,3.0439895e-10,0.99999964,3.6882315e-07,4.9534257e-09,slightly_aged
IMG_7564.jpg,slightly_aged,8.0,91.0,9,2025-09-21,2,5,/content/drive/MyDrive/spoilage_dataset/dataset_root/slightly_aged/IMG_7564.jpg,2.9639854e-10,0.99999976,2.1696889e-07,2.9773137e-09,slightly_aged
IMG_7565.jpg,slightly_aged,8.0,91.0,9,2025-09-21,2,5,/content/drive/MyDrive/spoilage_dataset/dataset_root/slightly_aged/IMG_7565.jpg,4.3332865e-10,0.9999999,1.09427475e-07,3.8160697e-09,slightly_aged
IMG_7566.jpg,slightly_aged,8.0,91.0,9,2025-09-21,2,5,/content/drive/MyDrive/spoilage_dataset/dataset_root/slightly_aged/IMG_7566.jpg,1.7698289e-11,1.0,3.2966636e-08,2.0452502e-09,slightly_aged
IMG_7567.jpg,slightly_aged,8.0,91.0,9,2025-09-21,2,5,/content/drive/MyDrive/spoilage_dataset/dataset_root/slightly_aged/IMG_7567.jpg,1.0262425e-10,0.99999976,2.5718364e-07,6.664953e-09,slightly_aged
IMG_7568.jpg,slightly_aged,8.0,91.0,9,2025-09-21,2,5,/content/drive/MyDrive/spoilage_dataset/dataset_root/slightly_aged/IMG_7568.jpg,4.5708845e-10,0.9999994,5.623998e-07,1.2427116e-08,slightly_aged
IMG_7569.jpg,slightly_aged,8.0,91.0,9,2025-09-21,2,5,/content/drive/MyDrive/spoilage_dataset/dataset_root/slightly_aged/IMG_7569.jpg,1.450049e-10,0.9999994,5.37109e-07,6.9931894e-10,slightly_aged
IMG_7570.jpg,slightly_aged,8.0,91.0,9,2025-09-21,2,5,/content/drive/MyDrive/spoilage_dataset/dataset_root/slightly_aged/IMG_7570.jpg,3.1900801e-10,0.99999976,2.3735406e-07,4.7249515e-09,slightly_aged
IMG_7571.jpg,slightly_aged,8.0,91.0,9,2025-09-21,2,5,/content/drive/MyDrive/spoilage_dataset/dataset_root/slightly_aged/IMG_7571.jpg,1.9626788e-10,0.9999989,1.0949101e-06,7.3217303e-09,slightly_aged
IMG_7572.jpg,slightly_aged,8.0,91.0,9,2025-09-21,2,5,/content/drive/MyDrive/spoilage_dataset/dataset_root/slightly_aged/IMG_7572.jpg,9.722776e-11,0.99999976,2.3635182e-07,8.123874e-10,slightly_aged
IMG_7573.jpg,slightly_aged,8.0,91.0,9,2025-09-21,2,5,/content/drive/MyDrive/spoilage_dataset/dataset_root/slightly_aged/IMG_7573.jpg,7.34003e-10,0.99999905,9.500206e-07,1.1844695e-08,slightly_aged
IMG_7574.jpg,slightly_aged,8.0,91.0,9,2025-09-21,2,5,/content/drive/MyDrive/spoilage_dataset/dataset_root/slightly_aged/IMG_7574.jpg,2.1253753e-10,0.9999995,4.5093535e-07,2.4918505e-09,slightly_aged
IMG_7575.jpg,slightly_aged,8.0,91.0,9,2025-09-21,2,5,/content/drive/MyDrive/spoilage_dataset/dataset_root/slightly_aged/IMG_7575.jpg,4.0934617e-10,0.9999989,1.0770441e-06,8.5137275e-09,slightly_aged
IMG_7576.jpg,slightly_aged,8.0,91.0,9,2025-09-21,2,5,/content/drive/MyDrive/spoilage_dataset/dataset_root/slightly_aged/IMG_7576.jpg,2.452581e-09,0.9999974,2.6044688e-06,3.7409396e-08,slightly_aged
IMG_7577.jpg,slightly_aged,8.0,91.0,9,2025-09-21,2,5,/content/drive/MyDrive/spoilage_dataset/dataset_root/slightly_aged/IMG_7577.jpg,2.88822e-10,0.9999994,6.2185643e-07,8.264329e-09,slightly_aged
IMG_7578.jpg,slightly_aged,8.0,91.0,9,2025-09-21,2,5,/content/drive/MyDrive/spoilage_dataset/dataset_root/slightly_aged/IMG_7578.jpg,4.3693363e-10,0.99999917,8.5230965e-07,7.979654e-09,slightly_aged
IMG_7579.jpg,slightly_aged,8.0,91.0,9,2025-09-21,2,5,/content/drive/MyDrive/spoilage_dataset/dataset_root/slightly_aged/IMG_7579.jpg,3.9760947e-10,0.9999989,1.1054831e-06,1.1043881e-08,slightly_aged
IMG_7580.jpg,slightly_aged,8.0,91.0,9,2025-09-21,2,5,/content/drive/MyDrive/spoilage_dataset/dataset_root/slightly_aged/IMG_7580.jpg,8.795815e-11,0.9999995,4.2669444e-07,3.3851986e-09,slightly_aged
IMG_7581.jpg,slightly_aged,8.0,91.0,9,2025-09-21,2,5,/content/drive/MyDrive/spoilage_dataset/dataset_root/slightly_aged/IMG_7581.jpg,1.4480733e-10,0.99999976,2.8265498e-07,1.0905564e-09,slightly_aged
IMG_7582.jpg,slightly_aged,8.0,91.0,9,2025-09-21,2,5,/content/drive/MyDrive/spoilage_dataset/dataset_root/slightly_aged/IMG_7582.jpg,8.027278e-11,0.99999976,2.445832e-07,2.9753269e-09,slightly_aged
IMG_7583.jpg,slightly_aged,8.0,91.0,9,2025-09-21,2,5,/content/drive/MyDrive/spoilage_dataset/dataset_root/slightly_aged/IMG_7583.jpg,3.4512785e-11,0.9999999,1.5131452e-07,8.2036133e-10,slightly_aged
IMG_7584.jpg,slightly_aged,8.0,91.0,9,2025-09-21,2,5,/content/drive/MyDrive/spoilage_dataset/dataset_root/slightly_aged/IMG_7584.jpg,2.99802e-10,0.9999995,5.222174e-07,3.0841283e-09,slightly_aged
IMG_7585.jpg,slightly_aged,8.0,91.0,9,2025-09-21,2,5,/content/drive/MyDrive/spoilage_dataset/dataset_root/slightly_aged/IMG_7585.jpg,6.69759e-09,0.99999416,5.8087076e-06,3.259959e-08,slightly_aged
IMG_7586.jpg,slightly_aged,8.0,91.0,9,2025-09-21,2,5,/content/drive/MyDrive/spoilage_dataset/dataset_root/slightly_aged/IMG_7586.jpg,2.0725524e-10,0.9999995,4.3256367e-07,7.0898936e-09,slightly_aged
IMG_7587.jpg,slightly_aged,8.0,91.0,9,2025-09-21,2,5,/content/drive/MyDrive/spoilage_dataset/dataset_root/slightly_aged/IMG_7587.jpg,5.542055e-10,0.9999987,1.3453846e-06,5.9035425e-09,slightly_aged
IMG_7588.jpg,slightly_aged,8.0,91.0,9,2025-09-21,2,5,/content/drive/MyDrive/spoilage_dataset/dataset_root/slightly_aged/IMG_7588.jpg,1.1825234e-10,0.99999976,2.3277387e-07,1.098448e-08,slightly_aged
IMG_7589.jpg,slightly_aged,8.0,91.0,9,2025-09-21,2,5,/content/drive/MyDrive/spoilage_dataset/dataset_root/slightly_aged/IMG_7589.jpg,7.9882996e-11,0.99999964,4.151032e-07,2.3758604e-08,slightly_aged
IMG_7590.jpg,slightly_aged,8.0,91.0,9,2025-09-21,2,5,/content/drive/MyDrive/spoilage_dataset/dataset_root/slightly_aged/IMG_7590.jpg,8.953882e-11,0.9999999,9.8447025e-08,5.896415e-09,slightly_aged
IMG_7591.jpg,slightly_aged,8.0,91.0,9,2025-09-21,2,5,/content/drive/MyDrive/spoilage_dataset/dataset_root/slightly_aged/IMG_7591.jpg,9.689324e-11,0.9999999,1.3085818e-07,2.1598241e-08,slightly_aged
IMG_7592.jpg,slightly_aged,8.0,91.0,9,2025-09-21,2,5,/content/drive/MyDrive/spoilage_dataset/dataset_root/slightly_aged/IMG_7592.jpg,6.193825e-11,0.99999964,3.2977616e-07,6.024557e-09,slightly_aged
IMG_7593.jpg,slightly_aged,8.0,91.0,9,2025-09-21,2,5,/content/drive/MyDrive/spoilage_dataset/dataset_root/slightly_aged/IMG_7593.jpg,3.6466242e-12,1.0,2.1559348e-08,8.3190344e-10,slightly_aged
IMG_7594.jpg,slightly_aged,8.0,91.0,9,2025-09-21,2,5,/content/drive/MyDrive/spoilage_dataset/dataset_root/slightly_aged/IMG_7594.jpg,2.694145e-10,0.9999989,1.0362198e-06,3.757085e-08,slightly_aged
IMG_7595.jpg,slightly_aged,8.0,91.0,9,2025-09-21,2,5,/content/drive/MyDrive/spoilage_dataset/dataset_root/slightly_aged/IMG_7595.jpg,8.967179e-10,0.9999975,2.0852888e-06,5.228363e-07,slightly_aged
IMG_7596.jpg,slightly_aged,8.0,91.0,9,2025-09-21,2,5,/content/drive/MyDrive/spoilage_dataset/dataset_root/slightly_aged/IMG_7596.jpg,2.4261253e-11,1.0,4.017451e-08,2.9739433e-09,slightly_aged
IMG_7597.jpg,slightly_aged,8.0,91.0,9,2025-09-21,2,5,/content/drive/MyDrive/spoilage_dataset/dataset_root/slightly_aged/IMG_7597.jpg,0.000461112,0.748377,0.25115976,2.041718e-06,slightly_aged
IMG_7598.jpg,slightly_aged,8.0,91.0,9,2025-09-21,2,5,/content/drive/MyDrive/spoilage_dataset/dataset_root/slightly_aged/IMG_7598.jpg,0.00031692052,0.9847973,0.014882913,2.8194831e-06,slightly_aged
IMG_7599.jpg,slightly_aged,8.0,91.0,9,2025-09-21,2,5,/content/drive/MyDrive/spoilage_dataset/dataset_root/slightly_aged/IMG_7599.jpg,4.8455346e-05,0.9943568,0.0055945455,1.0990335e-07,slightly_aged
IMG_7600.jpg,slightly_aged,8.0,91.0,9,2025-09-21,2,5,/content/drive/MyDrive/spoilage_dataset/dataset_root/slightly_aged/IMG_7600.jpg,0.00056126335,0.99752086,0.0019170974,7.408577e-07,slightly_aged
IMG_7601.jpg,slightly_aged,8.0,91.0,9,2025-09-21,2,5,/content/drive/MyDrive/spoilage_dataset/dataset_root/slightly_aged/IMG_7601.jpg,7.955682e-05,0.9903066,0.009613211,5.8220775e-07,slightly_aged
IMG_7602.jpg,slightly_aged,8.0,91.0,9,2025-09-21,2,5,/content/drive/MyDrive/spoilage_dataset/dataset_root/slightly_aged/IMG_7602.jpg,0.0002647649,0.9591858,0.040548123,1.2874098e-06,slightly_aged
IMG_7603.jpg,slightly_aged,8.0,91.0,9,2025-09-21,2,5,/content/drive/MyDrive/spoilage_dataset/dataset_root/slightly_aged/IMG_7603.jpg,0.0016016202,0.9650352,0.0333605,2.628945e-06,slightly_aged
IMG_7604.jpg,slightly_aged,8.0,91.0,9,2025-09-21,2,5,/content/drive/MyDrive/spoilage_dataset/dataset_root/slightly_aged/IMG_7604.jpg,0.0008001564,0.99052376,0.008675512,5.9853943e-07,slightly_aged
IMG_7605.jpg,slightly_aged,8.0,91.0,9,2025-09-21,2,5,/content/drive/MyDrive/spoilage_dataset/dataset_root/slightly_aged/IMG_7605.jpg,9.580475e-05,0.9582889,0.041612513,2.7213664e-06,slightly_aged
IMG_7606.jpg,slightly_aged,8.0,91.0,9,2025-09-21,2,5,/content/drive/MyDrive/spoilage_dataset/dataset_root/slightly_aged/IMG_7606.jpg,0.00064152677,0.9698686,0.029488249,1.5740071e-06,slightly_aged
IMG_7607.jpg,slightly_aged,8.0,91.0,9,2025-09-21,2,5,/content/drive/MyDrive/spoilage_dataset/dataset_root/slightly_aged/IMG_7607.jpg,0.00035513102,0.9722892,0.02732246,3.3192497e-05,slightly_aged
IMG_7608.jpg,slightly_aged,8.0,91.0,9,2025-09-21,2,5,/content/drive/MyDrive/spoilage_dataset/dataset_root/slightly_aged/IMG_7608.jpg,0.002480209,0.98442626,0.013093333,2.2832485e-07,slightly_aged
IMG_7609.jpg,slightly_aged,8.0,91.0,9,2025-09-21,2,5,/content/drive/MyDrive/spoilage_dataset/dataset_root/slightly_aged/IMG_7609.jpg,0.008565339,0.98385185,0.007582336,4.8264604e-07,slightly_aged
IMG_7610.jpg,slightly_aged,8.0,91.0,9,2025-09-21,2,5,/content/drive/MyDrive/spoilage_dataset/dataset_root/slightly_aged/IMG_7610.jpg,0.00848049,0.989631,0.0018881295,3.3257976e-07,slightly_aged
IMG_7611.jpg,slightly_aged,8.0,91.0,9,2025-09-21,2,5,/content/drive/MyDrive/spoilage_dataset/dataset_root/slightly_aged/IMG_7611.jpg,0.003831498,0.99425346,0.0019149216,1.1455059e-07,slightly_aged
IMG_7612.jpg,slightly_aged,8.0,91.0,9,2025-09-21,2,5,/content/drive/MyDrive/spoilage_dataset/dataset_root/slightly_aged/IMG_7612.jpg,0.0016654975,0.9932823,0.005051881,1.8657097e-07,slightly_aged
IMG_7613.jpg,slightly_aged,8.0,91.0,9,2025-09-21,2,5,/content/drive/MyDrive/spoilage_dataset/dataset_root/slightly_aged/IMG_7613.jpg,0.001714209,0.97196287,0.02632264,2.399727e-07,slightly_aged
IMG_7614.jpg,slightly_aged,8.0,91.0,9,2025-09-21,2,5,/content/drive/MyDrive/spoilage_dataset/dataset_root/slightly_aged/IMG_7614.jpg,0.004759787,0.99111325,0.0041265357,4.378018e-07,slightly_aged
IMG_7615.jpg,slightly_aged,8.0,91.0,9,2025-09-21,2,5,/content/drive/MyDrive/spoilage_dataset/dataset_root/slightly_aged/IMG_7615.jpg,0.00558674,0.9884289,0.005983911,4.521103e-07,slightly_aged
IMG_7616.jpg,slightly_aged,8.0,91.0,9,2025-09-21,2,5,/content/drive/MyDrive/spoilage_dataset/dataset_root/slightly_aged/IMG_7616.jpg,0.013447358,0.8850784,0.10147347,7.8966735e-07,slightly_aged
IMG_7617.jpg,slightly_aged,8.0,91.0,9,2025-09-21,2,5,/content/drive/MyDrive/spoilage_dataset/dataset_root/slightly_aged/IMG_7617.jpg,0.009621741,0.98633665,0.0040411036,4.985147e-07,slightly_aged
IMG_7618.jpg,slightly_aged,8.0,91.0,9,2025-09-21,2,5,/content/drive/MyDrive/spoilage_dataset/dataset_root/slightly_aged/IMG_7618.jpg,0.06411398,0.93181485,0.0040707975,4.021138e-07,slightly_aged
IMG_7619.jpg,slightly_aged,8.0,91.0,9,2025-09-21,2,5,/content/drive/MyDrive/spoilage_dataset/dataset_root/slightly_aged/IMG_7619.jpg,0.022035016,0.97605294,0.0019119611,1.2688257e-07,slightly_aged
IMG_7620.jpg,slightly_aged,8.0,91.0,9,2025-09-21,2,5,/content/drive/MyDrive/spoilage_dataset/dataset_root/slightly_aged/IMG_7620.jpg,0.10604955,0.8856814,0.008268163,8.21414e-07,slightly_aged
IMG_7621.jpg,slightly_aged,8.0,91.0,9,2025-09-21,2,5,/content/drive/MyDrive/spoilage_dataset/dataset_root/slightly_aged/IMG_7621.jpg,0.12669477,0.86734843,0.0059562996,4.988154e-07,slightly_aged
IMG_7622.jpg,slightly_aged,8.0,91.0,9,2025-09-21,2,5,/content/drive/MyDrive/spoilage_dataset/dataset_root/slightly_aged/IMG_7622.jpg,0.09172406,0.90618294,0.002092857,1.3134738e-07,slightly_aged
IMG_7623.jpg,slightly_aged,8.0,91.0,9,2025-09-21,2,5,/content/drive/MyDrive/spoilage_dataset/dataset_root/slightly_aged/IMG_7623.jpg,0.09457941,0.90024704,0.0051731034,3.8542592e-07,slightly_aged
IMG_7624.jpg,slightly_aged,8.0,91.0,9,2025-09-21,2,5,/content/drive/MyDrive/spoilage_dataset/dataset_root/slightly_aged/IMG_7624.jpg,0.10551551,0.89091974,0.0035639522,8.053387e-07,slightly_aged
IMG_7625.jpg,slightly_aged,8.0,91.0,9,2025-09-21,2,5,/content/drive/MyDrive/spoilage_dataset/dataset_root/slightly_aged/IMG_7625.jpg,0.14640972,0.8456528,0.007936766,6.916875e-07,slightly_aged
IMG_7626.jpg,slightly_aged,8.0,91.0,9,2025-09-21,2,5,/content/drive/MyDrive/spoilage_dataset/dataset_root/slightly_aged/IMG_7626.jpg,0.11288275,0.88491046,0.0022066354,9.9830785e-08,slightly_aged
IMG_7627.jpg,slightly_aged,8.0,91.0,9,2025-09-21,2,5,/content/drive/MyDrive/spoilage_dataset/dataset_root/slightly_aged/IMG_7627.jpg,0.16236591,0.81929743,0.018336399,3.2303694e-07,slightly_aged
IMG_7628.jpg,slightly_aged,8.0,91.0,9,2025-09-21,2,5,/content/drive/MyDrive/spoilage_dataset/dataset_root/slightly_aged/IMG_7628.jpg,0.031268317,0.9572914,0.011439957,2.0244231e-07,slightly_aged
IMG_7629.jpg,slightly_aged,8.0,91.0,9,2025-09-21,2,5,/content/drive/MyDrive/spoilage_dataset/dataset_root/slightly_aged/IMG_7629.jpg,0.12297774,0.86621517,0.010806408,6.3319453e-07,slightly_aged
IMG_7630.jpg,slightly_aged,8.0,91.0,9,2025-09-21,2,5,/content/drive/MyDrive/spoilage_dataset/dataset_root/slightly_aged/IMG_7630.jpg,0.011515969,0.9854106,0.003073433,4.7302358e-08,slightly_aged
IMG_7631.jpg,slightly_aged,8.0,91.0,9,2025-09-21,2,5,/content/drive/MyDrive/spoilage_dataset/dataset_root/slightly_aged/IMG_7631.jpg,0.039071925,0.9491401,0.011787931,1.6755168e-07,slightly_aged
IMG_7632.jpg,slightly_aged,8.0,91.0,9,2025-09-21,2,5,/content/drive/MyDrive/spoilage_dataset/dataset_root/slightly_aged/IMG_7632.jpg,0.031413585,0.9574004,0.011185887,2.4697843e-07,slightly_aged
IMG_7633.jpg,slightly_aged,8.0,91.0,9,2025-09-21,2,5,/content/drive/MyDrive/spoilage_dataset/dataset_root/slightly_aged/IMG_7633.jpg,0.034802724,0.91933227,0.0458648,2.3847807e-07,slightly_aged
IMG_7634.jpg,slightly_aged,8.0,91.0,9,2025-09-21,2,5,/content/drive/MyDrive/spoilage_dataset/dataset_root/slightly_aged/IMG_7634.jpg,0.03742068,0.9381522,0.02442641,6.4995237e-07,slightly_aged
IMG_7635.jpg,slightly_aged,8.0,91.0,9,2025-09-21,2,5,/content/drive/MyDrive/spoilage_dataset/dataset_root/slightly_aged/IMG_7635.jpg,0.012939458,0.97580075,0.011259545,2.3764952e-07,slightly_aged
IMG_7636.jpg,slightly_aged,8.0,91.0,9,2025-09-21,2,5,/content/drive/MyDrive/spoilage_dataset/dataset_root/slightly_aged/IMG_7636.jpg,0.12809087,0.85469955,0.01720932,1.8332963e-07,slightly_aged
IMG_7637.jpg,slightly_aged,8.0,91.0,9,2025-09-21,2,5,/content/drive/MyDrive/spoilage_dataset/dataset_root/slightly_aged/IMG_7637.jpg,0.0016672229,0.99788314,0.00044938948,2.882354e-07,slightly_aged
IMG_7638.jpg,slightly_aged,8.0,91.0,9,2025-09-21,2,5,/content/drive/MyDrive/spoilage_dataset/dataset_root/slightly_aged/IMG_7638.jpg,0.008486523,0.98922557,0.0022872472,5.590957e-07,slightly_aged
IMG_7639.jpg,slightly_aged,8.0,91.0,9,2025-09-21,2,5,/content/drive/MyDrive/spoilage_dataset/dataset_root/slightly_aged/IMG_7639.jpg,0.029868828,0.968434,0.001696376,7.5158044e-07,slightly_aged
IMG_7640.jpg,slightly_aged,8.0,91.0,9,2025-09-21,2,5,/content/drive/MyDrive/spoilage_dataset/dataset_root/slightly_aged/IMG_7640.jpg,0.05345319,0.9438525,0.0026927127,1.5543859e-06,slightly_aged
IMG_7641.jpg,slightly_aged,8.0,91.0,9,2025-09-21,2,5,/content/drive/MyDrive/spoilage_dataset/dataset_root/slightly_aged/IMG_7641.jpg,0.25802973,0.7405072,0.0014616088,1.6082903e-06,slightly_aged
IMG_7642.jpg,slightly_aged,8.0,91.0,9,2025-09-21,2,5,/content/drive/MyDrive/spoilage_dataset/dataset_root/slightly_aged/IMG_7642.jpg,0.11926913,0.87786746,0.0028629415,5.3729724e-07,slightly_aged
IMG_7643.jpg,slightly_aged,8.0,91.0,9,2025-09-21,2,5,/content/drive/MyDrive/spoilage_dataset/dataset_root/slightly_aged/IMG_7643.jpg,0.0038526782,0.9954797,0.00066739175,1.8334438e-07,slightly_aged
IMG_7644.jpg,slightly_aged,8.0,91.0,9,2025-09-21,2,5,/content/drive/MyDrive/spoilage_dataset/dataset_root/slightly_aged/IMG_7644.jpg,0.009743176,0.9871334,0.0031230731,3.5601926e-07,slightly_aged
IMG_7645.jpg,slightly_aged,8.0,91.0,9,2025-09-21,2,5,/content/drive/MyDrive/spoilage_dataset/dataset_root/slightly_aged/IMG_7645.jpg,0.013637627,0.9852424,0.0011197221,1.8054766e-07,slightly_aged
IMG_7646.jpg,slightly_aged,8.0,91.0,9,2025-09-21,2,5,/content/drive/MyDrive/spoilage_dataset/dataset_root/slightly_aged/IMG_7646.jpg,0.007620572,0.98978066,0.0025983953,3.5760095e-07,slightly_aged
IMG_7647.jpg,slightly_aged,8.0,91.0,9,2025-09-21,2,5,/content/drive/MyDrive/spoilage_dataset/dataset_root/slightly_aged/IMG_7647.jpg,0.00039015777,0.9968451,0.0027645533,2.5196832e-07,slightly_aged
IMG_7648.jpg,slightly_aged,8.0,91.0,9,2025-09-21,2,5,/content/drive/MyDrive/spoilage_dataset/dataset_root/slightly_aged/IMG_7648.jpg,0.001992311,0.9961196,0.0018878552,1.8649696e-07,slightly_aged
IMG_7649.jpg,slightly_aged,8.0,91.0,9,2025-09-21,2,5,/content/drive/MyDrive/spoilage_dataset/dataset_root/slightly_aged/IMG_7649.jpg,0.0003345197,0.9982653,0.0014000409,8.0566316e-08,slightly_aged
IMG_7650.jpg,slightly_aged,8.0,91.0,9,2025-09-21,2,5,/content/drive/MyDrive/spoilage_dataset/dataset_root/slightly_aged/IMG_7650.jpg,6.22409e-13,0.9999999,6.262044e-08,9.7866125e-11,slightly_aged
IMG_7651.jpg,slightly_aged,8.0,91.0,9,2025-09-21,2,5,/content/drive/MyDrive/spoilage_dataset/dataset_root/slightly_aged/IMG_7651.jpg,5.856245e-13,1.0,2.9911245e-08,6.616964e-12,slightly_aged
IMG_7652.jpg,slightly_aged,8.0,91.0,9,2025-09-21,2,5,/content/drive/MyDrive/spoilage_dataset/dataset_root/slightly_aged/IMG_7652.jpg,1.367883e-12,0.9999999,1.1965889e-07,1.1083631e-11,slightly_aged
IMG_7653.jpg,slightly_aged,8.0,91.0,9,2025-09-21,2,5,/content/drive/MyDrive/spoilage_dataset/dataset_root/slightly_aged/IMG_7653.jpg,7.499474e-12,0.9999999,6.8388424e-08,6.080817e-12,slightly_aged
IMG_7654.jpg,slightly_aged,8.0,91.0,9,2025-09-21,2,5,/content/drive/MyDrive/spoilage_dataset/dataset_root/slightly_aged/IMG_7654.jpg,4.577974e-13,1.0,6.643746e-09,5.330557e-12,slightly_aged
IMG_7655.jpg,slightly_aged,8.0,91.0,9,2025-09-21,2,5,/content/drive/MyDrive/spoilage_dataset/dataset_root/slightly_aged/IMG_7655.jpg,3.9566652e-13,1.0,3.522274e-09,2.149107e-12,slightly_aged
IMG_7656.jpg,slightly_aged,8.0,91.0,9,2025-09-21,2,5,/content/drive/MyDrive/spoilage_dataset/dataset_root/slightly_aged/IMG_7656.jpg,1.9963566e-12,1.0,2.4059773e-08,4.9534482e-12,slightly_aged
IMG_7657.jpg,slightly_aged,8.0,91.0,9,2025-09-21,2,5,/content/drive/MyDrive/spoilage_dataset/dataset_root/slightly_aged/IMG_7657.jpg,3.6575742e-11,0.9999994,6.4137544e-07,2.4826502e-10,slightly_aged
IMG_7658.jpg,slightly_aged,8.0,91.0,9,2025-09-21,2,5,/content/drive/MyDrive/spoilage_dataset/dataset_root/slightly_aged/IMG_7658.jpg,2.0299835e-11,0.9999987,1.3440418e-06,4.1289014e-11,slightly_aged
IMG_7659.jpg,slightly_aged,8.0,91.0,9,2025-09-21,2,5,/content/drive/MyDrive/spoilage_dataset/dataset_root/slightly_aged/IMG_7659.jpg,7.9827193e-13,1.0,5.64894e-08,7.250989e-12,slightly_aged
IMG_7660.jpg,slightly_aged,8.0,91.0,9,2025-09-21,2,5,/content/drive/MyDrive/spoilage_dataset/dataset_root/slightly_aged/IMG_7660.jpg,1.3951655e-12,0.9999999,1.0884214e-07,1.1859743e-11,slightly_aged
IMG_7661.jpg,slightly_aged,8.0,91.0,9,2025-09-21,2,5,/content/drive/MyDrive/spoilage_dataset/dataset_root/slightly_aged/IMG_7661.jpg,4.8884676e-13,1.0,5.799359e-08,6.48924e-12,slightly_aged
IMG_7662.jpg,slightly_aged,8.0,91.0,9,2025-09-21,2,5,/content/drive/MyDrive/spoilage_dataset/dataset_root/slightly_aged/IMG_7662.jpg,8.5841586e-12,0.9999994,5.82465e-07,1.3515246e-10,slightly_aged
IMG_7663.jpg,slightly_aged,8.0,91.0,9,2025-09-21,2,5,/content/drive/MyDrive/spoilage_dataset/dataset_root/slightly_aged/IMG_7663.jpg,1.2026868e-13,1.0,1.4643149e-08,1.1180368e-11,slightly_aged
IMG_7664.jpg,slightly_aged,8.0,91.0,9,2025-09-21,2,5,/content/drive/MyDrive/spoilage_dataset/dataset_root/slightly_aged/IMG_7664.jpg,8.38755e-12,0.99999976,1.8319606e-07,4.8118107e-11,slightly_aged
IMG_7665.jpg,slightly_aged,8.0,91.0,9,2025-09-21,2,5,/content/drive/MyDrive/spoilage_dataset/dataset_root/slightly_aged/IMG_7665.jpg,4.46938e-11,0.9999981,1.8491249e-06,7.967718e-10,slightly_aged
IMG_7666.jpg,slightly_aged,8.0,91.0,9,2025-09-21,2,5,/content/drive/MyDrive/spoilage_dataset/dataset_root/slightly_aged/IMG_7666.jpg,1.3024622e-11,0.9999913,8.664132e-06,6.5359457e-10,slightly_aged
IMG_7667.jpg,slightly_aged,8.0,91.0,9,2025-09-21,2,5,/content/drive/MyDrive/spoilage_dataset/dataset_root/slightly_aged/IMG_7667.jpg,7.344913e-13,0.9999999,1.4164115e-07,1.0449078e-10,slightly_aged
IMG_7668.jpg,slightly_aged,8.0,91.0,9,2025-09-21,2,5,/content/drive/MyDrive/spoilage_dataset/dataset_root/slightly_aged/IMG_7668.jpg,3.6342788e-13,0.9999987,1.2583058e-06,2.6256627e-10,slightly_aged
IMG_7669.jpg,slightly_aged,8.0,91.0,9,2025-09-21,2,5,/content/drive/MyDrive/spoilage_dataset/dataset_root/slightly_aged/IMG_7669.jpg,2.0140738e-12,0.9999988,1.1518621e-06,1.7378959e-09,slightly_aged
IMG_7670.jpg,slightly_aged,8.0,91.0,9,2025-09-21,2,5,/content/drive/MyDrive/spoilage_dataset/dataset_root/slightly_aged/IMG_7670.jpg,9.801133e-13,0.9999995,4.2670013e-07,9.928603e-10,slightly_aged
IMG_7671.jpg,slightly_aged,8.0,91.0,9,2025-09-21,2,5,/content/drive/MyDrive/spoilage_dataset/dataset_root/slightly_aged/IMG_7671.jpg,1.0780927e-11,0.9999999,1.7622568e-07,2.1198348e-09,slightly_aged
IMG_7672.jpg,slightly_aged,8.0,91.0,9,2025-09-21,2,5,/content/drive/MyDrive/spoilage_dataset/dataset_root/slightly_aged/IMG_7672.jpg,8.768644e-12,0.9999999,8.261658e-08,2.2348872e-09,slightly_aged
IMG_7673.jpg,slightly_aged,8.0,91.0,9,2025-09-21,2,5,/content/drive/MyDrive/spoilage_dataset/dataset_root/slightly_aged/IMG_7673.jpg,1.5984861e-11,0.99999976,1.8202212e-07,2.0660338e-09,slightly_aged
IMG_7674.jpg,slightly_aged,8.0,91.0,9,2025-09-21,2,5,/content/drive/MyDrive/spoilage_dataset/dataset_root/slightly_aged/IMG_7674.jpg,3.8969755e-11,0.99999976,2.9261417e-07,6.797662e-10,slightly_aged
IMG_7675.jpg,slightly_aged,8.0,91.0,9,2025-09-21,2,5,/content/drive/MyDrive/spoilage_dataset/dataset_root/slightly_aged/IMG_7675.jpg,7.16132e-11,0.9999995,5.311352e-07,1.1261344e-08,slightly_aged
IMG_7676.jpg,slightly_aged,8.0,91.0,9,2025-09-21,2,5,/content/drive/MyDrive/spoilage_dataset/dataset_root/slightly_aged/IMG_7676.jpg,1.4442304e-10,0.9999993,7.2487484e-07,4.8794098e-09,slightly_aged
IMG_7677.jpg,slightly_aged,8.0,91.0,9,2025-09-21,2,5,/content/drive/MyDrive/spoilage_dataset/dataset_root/slightly_aged/IMG_7677.jpg,3.5981526e-10,0.99999964,3.696584e-07,9.075034e-09,slightly_aged
IMG_7678.jpg,slightly_aged,8.0,91.0,9,2025-09-21,2,5,/content/drive/MyDrive/spoilage_dataset/dataset_root/slightly_aged/IMG_7678.jpg,2.562444e-11,0.9999995,4.43508e-07,1.93507e-09,slightly_aged
IMG_7679.jpg,slightly_aged,8.0,91.0,9,2025-09-21,2,5,/content/drive/MyDrive/spoilage_dataset/dataset_root/slightly_aged/IMG_7679.jpg,1.1593454e-11,0.99999964,3.1800943e-07,2.9201446e-09,slightly_aged
IMG_7680.jpg,slightly_aged,8.0,91.0,9,2025-09-21,2,5,/content/drive/MyDrive/spoilage_dataset/dataset_root/slightly_aged/IMG_7680.jpg,1.7580933e-11,0.99999976,1.9440381e-07,7.526651e-10,slightly_aged
IMG_7681.jpg,slightly_aged,8.0,91.0,9,2025-09-21,2,5,/content/drive/MyDrive/spoilage_dataset/dataset_root/slightly_aged/IMG_7681.jpg,2.663484e-11,0.99999964,3.629015e-07,8.169576e-09,slightly_aged
IMG_7682.jpg,slightly_aged,8.0,91.0,9,2025-09-21,2,5,/content/drive/MyDrive/spoilage_dataset/dataset_root/slightly_aged/IMG_7682.jpg,2.6019617e-11,0.99999917,8.424796e-07,6.553823e-10,slightly_aged
IMG_7683.jpg,slightly_aged,8.0,91.0,9,2025-09-21,2,5,/content/drive/MyDrive/spoilage_dataset/dataset_root/slightly_aged/IMG_7683.jpg,2.1983132e-11,0.99999917,7.9066604e-07,1.5173912e-09,slightly_aged
IMG_7684.jpg,slightly_aged,8.0,91.0,9,2025-09-21,2,5,/content/drive/MyDrive/spoilage_dataset/dataset_root/slightly_aged/IMG_7684.jpg,4.527592e-12,0.99999964,3.8785188e-07,3.7478864e-10,slightly_aged
IMG_7685.jpg,slightly_aged,8.0,91.0,9,2025-09-21,2,5,/content/drive/MyDrive/spoilage_dataset/dataset_root/slightly_aged/IMG_7685.jpg,8.7111325e-12,0.9999999,1.3180353e-07,9.558653e-10,slightly_aged
IMG_4508.JPG,spoiled,5.0,88.0,0,2025-09-26,7,0,/content/drive/MyDrive/spoilage_dataset/dataset_root/spoiled/IMG_4508.JPG,1.2258872e-05,3.247663e-05,0.00091070024,0.9990446,spoiled
IMG_4509.JPG,spoiled,5.0,88.0,0,2025-09-26,7,0,/content/drive/MyDrive/spoilage_dataset/dataset_root/spoiled/IMG_4509.JPG,1.9714729e-07,7.37578e-09,6.378752e-07,0.99999917,spoiled
IMG_4510.JPG,spoiled,5.0,88.0,0,2025-09-26,7,0,/content/drive/MyDrive/spoilage_dataset/dataset_root/spoiled/IMG_4510.JPG,1.7677189e-06,4.9562193e-08,9.22151e-06,0.9999889,spoiled
IMG_4511.JPG,spoiled,5.0,88.0,0,2025-09-26,7,0,/content/drive/MyDrive/spoilage_dataset/dataset_root/spoiled/IMG_4511.JPG,2.0690327e-07,8.3222815e-09,1.1125902e-06,0.9999987,spoiled
IMG_4512.JPG,spoiled,5.0,88.0,0,2025-09-26,7,0,/content/drive/MyDrive/spoilage_dataset/dataset_root/spoiled/IMG_4512.JPG,3.1230918e-06,1.2115073e-07,2.4319776e-05,0.99997246,spoiled
IMG_4513.JPG,spoiled,5.0,88.0,0,2025-09-26,7,0,/content/drive/MyDrive/spoilage_dataset/dataset_root/spoiled/IMG_4513.JPG,6.415393e-08,9.709267e-09,1.111073e-06,0.9999988,spoiled
IMG_4514.JPG,spoiled,5.0,88.0,0,2025-09-26,7,0,/content/drive/MyDrive/spoilage_dataset/dataset_root/spoiled/IMG_4514.JPG,6.9141436e-07,4.54141e-08,2.2414883e-06,0.999997,spoiled
IMG_4515.JPG,spoiled,5.0,88.0,0,2025-09-26,7,0,/content/drive/MyDrive/spoilage_dataset/dataset_root/spoiled/IMG_4515.JPG,6.5434824e-07,9.709322e-09,5.1028724e-07,0.9999988,spoiled
IMG_4516.JPG,spoiled,5.0,88.0,0,2025-09-26,7,0,/content/drive/MyDrive/spoilage_dataset/dataset_root/spoiled/IMG_4516.JPG,1.0829435e-07,1.927225e-08,5.408122e-07,0.9999993,spoiled
IMG_4517.JPG,spoiled,5.0,88.0,0,2025-09-26,7,0,/content/drive/MyDrive/spoilage_dataset/dataset_root/spoiled/IMG_4517.JPG,2.553175e-07,1.0870139e-08,2.3717683e-07,0.9999995,spoiled
IMG_4518.JPG,spoiled,5.0,88.0,0,2025-09-26,7,0,/content/drive/MyDrive/spoilage_dataset/dataset_root/spoiled/IMG_4518.JPG,7.3706804e-07,4.6095842e-08,2.25887e-06,0.9999969,spoiled
IMG_4519.JPG,spoiled,5.0,88.0,0,2025-09-26,7,0,/content/drive/MyDrive/spoilage_dataset/dataset_root/spoiled/IMG_4519.JPG,5.6950194e-07,5.1702514e-08,1.1190691e-06,0.9999982,spoiled
IMG_4520.JPG,spoiled,5.0,88.0,0,2025-09-26,7,0,/content/drive/MyDrive/spoilage_dataset/dataset_root/spoiled/IMG_4520.JPG,3.5289215e-06,1.562312e-07,3.518635e-06,0.99999285,spoiled
IMG_4521.JPG,spoiled,5.0,88.0,0,2025-09-26,7,0,/content/drive/MyDrive/spoilage_dataset/dataset_root/spoiled/IMG_4521.JPG,1.13244624e-07,1.5017291e-09,9.874961e-08,0.99999976,spoiled
IMG_4522.JPG,spoiled,5.0,88.0,0,2025-09-26,7,0,/content/drive/MyDrive/spoilage_dataset/dataset_root/spoiled/IMG_4522.JPG,1.0475419e-06,1.0225454e-07,9.828806e-07,0.99999785,spoiled
IMG_4523.JPG,spoiled,5.0,88.0,0,2025-09-26,7,0,/content/drive/MyDrive/spoilage_dataset/dataset_root/spoiled/IMG_4523.JPG,1.7532855e-07,1.31127855e-08,6.68453e-07,0.99999917,spoiled
IMG_4524.JPG,spoiled,5.0,88.0,0,2025-09-26,7,0,/content/drive/MyDrive/spoilage_dataset/dataset_root/spoiled/IMG_4524.JPG,1.1850193e-06,7.464858e-08,3.9696033e-06,0.99999475,spoiled
IMG_4525.JPG,spoiled,5.0,88.0,0,2025-09-26,7,0,/content/drive/MyDrive/spoilage_dataset/dataset_root/spoiled/IMG_4525.JPG,3.5230178e-07,2.8606703e-08,3.0905749e-06,0.99999654,spoiled
IMG_4526.JPG,spoiled,5.0,88.0,0,2025-09-26,7,0,/content/drive/MyDrive/spoilage_dataset/dataset_root/spoiled/IMG_4526.JPG,5.49917e-07,3.5126398e-08,9.594688e-06,0.99998987,spoiled
IMG_4527.JPG,spoiled,5.0,88.0,0,2025-09-26,7,0,/content/drive/MyDrive/spoilage_dataset/dataset_root/spoiled/IMG_4527.JPG,1.1182136e-06,6.6918716e-07,6.63278e-06,0.99999154,spoiled
IMG_4528.JPG,spoiled,5.0,88.0,0,2025-09-26,7,0,/content/drive/MyDrive/spoilage_dataset/dataset_root/spoiled/IMG_4528.JPG,4.948535e-07,4.7963897e-07,5.969007e-06,0.9999931,spoiled
IMG_4529.JPG,spoiled,5.0,88.0,0,2025-09-26,7,0,/content/drive/MyDrive/spoilage_dataset/dataset_root/spoiled/IMG_4529.JPG,1.1866463e-06,6.216695e-07,3.7415568e-06,0.9999944,spoiled
IMG_4530.JPG,spoiled,5.0,88.0,0,2025-09-26,7,0,/content/drive/MyDrive/spoilage_dataset/dataset_root/spoiled/IMG_4530.JPG,2.837806e-07,1.6154705e-07,1.247379e-06,0.99999833,spoiled
IMG_4531.JPG,spoiled,5.0,88.0,0,2025-09-26,7,0,/content/drive/MyDrive/spoilage_dataset/dataset_root/spoiled/IMG_4531.JPG,2.3912966e-07,5.7242218e-08,1.8746524e-06,0.99999785,spoiled
IMG_4532.JPG,spoiled,5.0,88.0,0,2025-09-26,7,0,/content/drive/MyDrive/spoilage_dataset/dataset_root/spoiled/IMG_4532.JPG,5.4117544e-07,2.2997365e-07,5.729434e-06,0.99999344,spoiled
IMG_4533.JPG,spoiled,5.0,88.0,0,2025-09-26,7,0,/content/drive/MyDrive/spoilage_dataset/dataset_root/spoiled/IMG_4533.JPG,2.6729967e-07,8.6757815e-08,1.7091304e-06,0.999998,spoiled
IMG_4534.JPG,spoiled,5.0,88.0,0,2025-09-26,7,0,/content/drive/MyDrive/spoilage_dataset/dataset_root/spoiled/IMG_4534.JPG,6.308039e-07,3.5320093e-07,3.666866e-06,0.99999535,spoiled
IMG_4535.JPG,spoiled,5.0,88.0,0,2025-09-26,7,0,/content/drive/MyDrive/spoilage_dataset/dataset_root/spoiled/IMG_4535.JPG,1.190383e-06,1.4567662e-07,2.5381787e-06,0.9999962,spoiled
IMG_4536.JPG,spoiled,5.0,88.0,0,2025-09-26,7,0,/content/drive/MyDrive/spoilage_dataset/dataset_root/spoiled/IMG_4536.JPG,8.358404e-07,3.0595632e-07,9.204708e-06,0.9999896,spoiled
IMG_4537.JPG,spoiled,5.0,88.0,0,2025-09-26,7,0,/content/drive/MyDrive/spoilage_dataset/dataset_root/spoiled/IMG_4537.JPG,7.8136316e-07,4.8987096e-07,3.050115e-06,0.9999957,spoiled
IMG_4538.JPG,spoiled,5.0,88.0,0,2025-09-26,7,0,/content/drive/MyDrive/spoilage_dataset/dataset_root/spoiled/IMG_4538.JPG,5.98428e-07,1.7372948e-07,4.1492576e-06,0.9999951,spoiled
IMG_4539.JPG,spoiled,5.0,88.0,0,2025-09-26,7,0,/content/drive/MyDrive/spoilage_dataset/dataset_root/spoiled/IMG_4539.JPG,1.1247814e-06,0.00015286761,0.0037390916,0.9961069,spoiled
IMG_4540.JPG,spoiled,5.0,88.0,0,2025-09-26,7,0,/content/drive/MyDrive/spoilage_dataset/dataset_root/spoiled/IMG_4540.JPG,9.206999e-08,7.5572774e-05,0.0007964245,0.9991279,spoiled
IMG_4541.JPG,spoiled,5.0,88.0,0,2025-09-26,7,0,/content/drive/MyDrive/spoilage_dataset/dataset_root/spoiled/IMG_4541.JPG,9.508792e-08,1.8570356e-05,0.0027538298,0.9972275,spoiled
IMG_4542.JPG,spoiled,5.0,88.0,0,2025-09-26,7,0,/content/drive/MyDrive/spoilage_dataset/dataset_root/spoiled/IMG_4542.JPG,5.523737e-08,1.8473473e-05,0.0008414777,0.99914,spoiled
IMG_4543.JPG,spoiled,5.0,88.0,0,2025-09-26,7,0,/content/drive/MyDrive/spoilage_dataset/dataset_root/spoiled/IMG_4543.JPG,3.6613283e-08,2.272327e-05,0.0003706498,0.99960667,spoiled
IMG_4544.JPG,spoiled,5.0,88.0,0,2025-09-26,7,0,/content/drive/MyDrive/spoilage_dataset/dataset_root/spoiled/IMG_4544.JPG,2.391376e-07,0.0001391291,0.010873101,0.9889875,spoiled
IMG_4545.JPG,spoiled,5.0,88.0,0,2025-09-26,7,0,/content/drive/MyDrive/spoilage_dataset/dataset_root/spoiled/IMG_4545.JPG,3.188071e-07,0.00010347759,0.003407565,0.9964887,spoiled
IMG_4546.JPG,spoiled,5.0,88.0,0,2025-09-26,7,0,/content/drive/MyDrive/spoilage_dataset/dataset_root/spoiled/IMG_4546.JPG,3.172371e-07,0.00011236976,0.004741174,0.9951461,spoiled
IMG_4547.JPG,spoiled,5.0,88.0,0,2025-09-26,7,0,/content/drive/MyDrive/spoilage_dataset/dataset_root/spoiled/IMG_4547.JPG,3.8590755e-07,6.320315e-05,0.004731588,0.9952048,spoiled
IMG_4548.JPG,spoiled,5.0,88.0,0,2025-09-26,7,0,/content/drive/MyDrive/spoilage_dataset/dataset_root/spoiled/IMG_4548.JPG,6.0310435e-07,0.0002845791,0.005803509,0.99391127,spoiled
IMG_4549.JPG,spoiled,5.0,88.0,0,2025-09-26,7,0,/content/drive/MyDrive/spoilage_dataset/dataset_root/spoiled/IMG_4549.JPG,1.0524881e-06,0.00062524265,0.01104375,0.98833,spoiled
IMG_4550.JPG,spoiled,5.0,88.0,0,2025-09-26,7,0,/content/drive/MyDrive/spoilage_dataset/dataset_root/spoiled/IMG_4550.JPG,1.468831e-06,0.0009126701,0.0007801643,0.9983057,spoiled
IMG_4551.JPG,spoiled,5.0,88.0,0,2025-09-26,7,0,/content/drive/MyDrive/spoilage_dataset/dataset_root/spoiled/IMG_4551.JPG,7.840942e-06,0.0031495101,0.0062569217,0.99058574,spoiled
IMG_4552.JPG,spoiled,5.0,88.0,0,2025-09-26,7,0,/content/drive/MyDrive/spoilage_dataset/dataset_root/spoiled/IMG_4552.JPG,1.7849653e-06,0.0004229861,0.0007341461,0.9988411,spoiled
IMG_4553.JPG,spoiled,5.0,88.0,0,2025-09-26,7,0,/content/drive/MyDrive/spoilage_dataset/dataset_root/spoiled/IMG_4553.JPG,5.1859806e-06,0.0025040675,0.016721915,0.98076886,spoiled
IMG_4554.JPG,spoiled,5.0,88.0,0,2025-09-26,7,0,/content/drive/MyDrive/spoilage_dataset/dataset_root/spoiled/IMG_4554.JPG,8.207077e-07,0.00068345334,0.009965598,0.98935014,spoiled
IMG_4555.JPG,spoiled,5.0,88.0,0,2025-09-26,7,0,/content/drive/MyDrive/spoilage_dataset/dataset_root/spoiled/IMG_4555.JPG,6.8771186e-08,1.1131729e-07,0.0006345776,0.99936527,spoiled
IMG_4556.JPG,spoiled,5.0,88.0,0,2025-09-26,7,0,/content/drive/MyDrive/spoilage_dataset/dataset_root/spoiled/IMG_4556.JPG,6.7889823e-07,4.2097405e-08,0.020910572,0.9790887,spoiled
IMG_4557.JPG,spoiled,5.0,88.0,0,2025-09-26,7,0,/content/drive/MyDrive/spoilage_dataset/dataset_root/spoiled/IMG_4557.JPG,4.6603473e-06,0.00011577821,0.06372553,0.93615407,spoiled
IMG_4558.JPG,spoiled,5.0,88.0,0,2025-09-26,7,0,/content/drive/MyDrive/spoilage_dataset/dataset_root/spoiled/IMG_4558.JPG,2.4225435e-06,4.6371195e-05,0.04578355,0.95416766,spoiled
IMG_4559.JPG,spoiled,5.0,88.0,0,2025-09-26,7,0,/content/drive/MyDrive/spoilage_dataset/dataset_root/spoiled/IMG_4559.JPG,2.955286e-07,6.893497e-05,0.010023773,0.98990697,spoiled
IMG_4560.JPG,spoiled,5.0,88.0,0,2025-09-26,7,0,/content/drive/MyDrive/spoilage_dataset/dataset_root/spoiled/IMG_4560.JPG,0.00048921956,0.0068617393,0.028548336,0.96410066,spoiled
IMG_4561.JPG,spoiled,5.0,88.0,0,2025-09-26,7,0,/content/drive/MyDrive/spoilage_dataset/dataset_root/spoiled/IMG_4561.JPG,0.00025345845,0.051117457,0.06752475,0.8811043,spoiled
IMG_4562.JPG,spoiled,5.0,88.0,0,2025-09-26,7,0,/content/drive/MyDrive/spoilage_dataset/dataset_root/spoiled/IMG_4562.JPG,0.00023336784,0.023055317,0.012750497,0.9639608,spoiled
IMG_4563.JPG,spoiled,5.0,88.0,0,2025-09-26,7,0,/content/drive/MyDrive/spoilage_dataset/dataset_root/spoiled/IMG_4563.JPG,5.862289e-05,5.5005994e-06,0.00023960615,0.99969625,spoiled
IMG_4564.JPG,spoiled,5.0,88.0,0,2025-09-26,7,0,/content/drive/MyDrive/spoilage_dataset/dataset_root/spoiled/IMG_4564.JPG,3.2199307e-05,5.78067e-06,0.00088346883,0.9990785,spoiled
IMG_4565.JPG,spoiled,5.0,88.0,0,2025-09-26,7,0,/content/drive/MyDrive/spoilage_dataset/dataset_root/spoiled/IMG_4565.JPG,5.500943e-06,9.277717e-07,7.0028815e-05,0.9999236,spoiled
IMG_4566.JPG,spoiled,5.0,88.0,0,2025-09-26,7,0,/content/drive/MyDrive/spoilage_dataset/dataset_root/spoiled/IMG_4566.JPG,4.3606624e-06,4.3884822e-07,2.6489179e-05,0.99996877,spoiled
IMG_4567.JPG,spoiled,5.0,88.0,0,2025-09-26,7,0,/content/drive/MyDrive/spoilage_dataset/dataset_root/spoiled/IMG_4567.JPG,4.1248622e-06,4.004036e-06,3.610409e-05,0.9999558,spoiled
IMG_4568.JPG,spoiled,5.0,88.0,0,2025-09-26,7,0,/content/drive/MyDrive/spoilage_dataset/dataset_root/spoiled/IMG_4568.JPG,1.6135205e-05,8.155885e-07,6.3215884e-05,0.9999198,spoiled
IMG_4569.JPG,spoiled,5.0,88.0,0,2025-09-26,7,0,/content/drive/MyDrive/spoilage_dataset/dataset_root/spoiled/IMG_4569.JPG,2.560167e-06,3.2168072e-07,3.3540287e-05,0.9999635,spoiled
IMG_4570.JPG,spoiled,5.0,88.0,0,2025-09-26,7,0,/content/drive/MyDrive/spoilage_dataset/dataset_root/spoiled/IMG_4570.JPG,6.889369e-07,5.6828765e-07,5.5961864e-05,0.9999428,spoiled
IMG_4571.JPG,spoiled,5.0,88.0,0,2025-09-26,7,0,/content/drive/MyDrive/spoilage_dataset/dataset_root/spoiled/IMG_4571.JPG,2.0481139e-06,1.2643118e-06,4.0981304e-05,0.99995565,spoiled
IMG_4572.JPG,spoiled,5.0,88.0,0,2025-09-26,7,0,/content/drive/MyDrive/spoilage_dataset/dataset_root/spoiled/IMG_4572.JPG,0.0001462932,2.592096e-06,5.2234875e-05,0.99979895,spoiled
IMG_4574.JPG,spoiled,5.0,88.0,0,2025-09-26,7,0,/content/drive/MyDrive/spoilage_dataset/dataset_root/spoiled/IMG_4574.JPG,0.0031638343,0.00095624157,0.00015104888,0.9957289,spoiled
IMG_4575.JPG,spoiled,5.0,88.0,0,2025-09-26,7,0,/content/drive/MyDrive/spoilage_dataset/dataset_root/spoiled/IMG_4575.JPG,1.6613387e-05,5.647921e-06,6.761718e-05,0.9999101,spoiled
IMG_4576.JPG,spoiled,5.0,88.0,0,2025-09-26,7,0,/content/drive/MyDrive/spoilage_dataset/dataset_root/spoiled/IMG_4576.JPG,1.6760963e-06,1.343651e-06,2.12465e-06,0.9999949,spoiled
IMG_4577.JPG,spoiled,5.0,88.0,0,2025-09-26,7,0,/content/drive/MyDrive/spoilage_dataset/dataset_root/spoiled/IMG_4577.JPG,2.1578367e-06,7.4116593e-07,3.3001727e-06,0.9999938,spoiled
IMG_4578.JPG,spoiled,5.0,88.0,0,2025-09-26,7,0,/content/drive/MyDrive/spoilage_dataset/dataset_root/spoiled/IMG_4578.JPG,5.449067e-06,6.025956e-06,2.3370003e-05,0.9999652,spoiled
IMG_4579.JPG,spoiled,5.0,88.0,0,2025-09-26,7,0,/content/drive/MyDrive/spoilage_dataset/dataset_root/spoiled/IMG_4579.JPG,1.6630956e-05,4.760447e-06,5.9643513e-05,0.99991894,spoiled
IMG_4580.JPG,spoiled,5.0,88.0,0,2025-09-26,7,0,/content/drive/MyDrive/spoilage_dataset/dataset_root/spoiled/IMG_4580.JPG,1.2441108e-05,1.2470033e-05,2.5856896e-05,0.9999492,spoiled
IMG_4581.JPG,spoiled,5.0,88.0,0,2025-09-26,7,0,/content/drive/MyDrive/spoilage_dataset/dataset_root/spoiled/IMG_4581.JPG,2.820013e-05,1.6450433e-05,4.0469527e-06,0.99995124,spoiled
IMG_4582.JPG,spoiled,5.0,88.0,0,2025-09-26,7,0,/content/drive/MyDrive/spoilage_dataset/dataset_root/spoiled/IMG_4582.JPG,1.0866607e-05,9.522954e-06,4.16652e-06,0.99997544,spoiled
IMG_4583.JPG,spoiled,5.0,88.0,0,2025-09-26,7,0,/content/drive/MyDrive/spoilage_dataset/dataset_root/spoiled/IMG_4583.JPG,2.0103313e-05,4.230731e-06,4.5109873e-06,0.99997115,spoiled
IMG_4584.JPG,spoiled,5.0,88.0,0,2025-09-26,7,0,/content/drive/MyDrive/spoilage_dataset/dataset_root/spoiled/IMG_4584.JPG,3.6332867e-06,8.401428e-07,6.7247385e-07,0.9999949,spoiled
IMG_4585.JPG,spoiled,5.0,88.0,0,2025-09-26,7,0,/content/drive/MyDrive/spoilage_dataset/dataset_root/spoiled/IMG_4585.JPG,3.3235208e-06,9.463158e-07,6.14725e-07,0.9999951,spoiled
IMG_4586.JPG,spoiled,5.0,88.0,0,2025-09-26,7,0,/content/drive/MyDrive/spoilage_dataset/dataset_root/spoiled/IMG_4586.JPG,2.8364407e-06,5.7330226e-07,2.5771993e-07,0.9999963,spoiled
IMG_4587.JPG,spoiled,5.0,88.0,0,2025-09-26,7,0,/content/drive/MyDrive/spoilage_dataset/dataset_root/spoiled/IMG_4587.JPG,5.5836117e-06,6.2777694e-06,1.4174479e-05,0.999974,spoiled
IMG_4588.JPG,spoiled,5.0,88.0,0,2025-09-26,7,0,/content/drive/MyDrive/spoilage_dataset/dataset_root/spoiled/IMG_4588.JPG,4.475118e-06,7.84417e-07,6.984905e-07,0.99999404,spoiled
IMG_4589.JPG,spoiled,5.0,88.0,0,2025-09-26,7,0,/content/drive/MyDrive/spoilage_dataset/dataset_root/spoiled/IMG_4589.JPG,1.0618857e-05,4.2719107e-06,6.4383863e-07,0.9999845,spoiled
IMG_4590.JPG,spoiled,5.0,88.0,0,2025-09-26,7,0,/content/drive/MyDrive/spoilage_dataset/dataset_root/spoiled/IMG_4590.JPG,5.37072e-06,2.4135556e-06,1.1901182e-06,0.99999106,spoiled
IMG_4591.JPG,spoiled,5.0,88.0,0,2025-09-26,7,0,/content/drive/MyDrive/spoilage_dataset/dataset_root/spoiled/IMG_4591.JPG,4.0092023e-06,2.9061295e-07,5.4415646e-06,0.9999902,spoiled
IMG_4592.JPG,spoiled,5.0,88.0,0,2025-09-26,7,0,/content/drive/MyDrive/spoilage_dataset/dataset_root/spoiled/IMG_4592.JPG,7.2226385e-07,5.5763593e-07,0.00015745858,0.9998412,spoiled
IMG_4593.JPG,spoiled,5.0,88.0,0,2025-09-26,7,0,/content/drive/MyDrive/spoilage_dataset/dataset_root/spoiled/IMG_4593.JPG,2.482216e-06,1.2629472e-07,0.00016158295,0.9998357,spoiled
IMG_4594.JPG,spoiled,5.0,88.0,1,2025-09-26,7,0,/content/drive/MyDrive/spoilage_dataset/dataset_root/spoiled/IMG_4594.JPG,3.538868e-06,3.5521612e-07,3.545565e-05,0.99996066,spoiled
IMG_4595.JPG,spoiled,5.0,88.0,1,2025-09-26,7,0,/content/drive/MyDrive/spoilage_dataset/dataset_root/spoiled/IMG_4595.JPG,1.2117458e-06,9.0966654e-07,6.5531385e-05,0.9999323,spoiled
IMG_4596.JPG,spoiled,5.0,88.0,1,2025-09-26,7,0,/content/drive/MyDrive/spoilage_dataset/dataset_root/spoiled/IMG_4596.JPG,1.5646116e-06,6.635624e-07,1.3575483e-06,0.9999964,spoiled
IMG_4597.JPG,spoiled,5.0,88.0,1,2025-09-26,7,0,/content/drive/MyDrive/spoilage_dataset/dataset_root/spoiled/IMG_4597.JPG,1.584884e-07,8.2146244e-07,2.394736e-07,0.9999988,spoiled
IMG_4598.JPG,spoiled,5.0,88.0,1,2025-09-26,7,0,/content/drive/MyDrive/spoilage_dataset/dataset_root/spoiled/IMG_4598.JPG,4.9069925e-08,1.24122e-07,2.9082662e-07,0.9999995,spoiled
IMG_4599.JPG,spoiled,5.0,88.0,1,2025-09-26,7,0,/content/drive/MyDrive/spoilage_dataset/dataset_root/spoiled/IMG_4599.JPG,9.83811e-09,2.3210323e-08,8.603113e-08,0.9999999,spoiled
IMG_4600.JPG,spoiled,5.0,88.0,1,2025-09-26,7,0,/content/drive/MyDrive/spoilage_dataset/dataset_root/spoiled/IMG_4600.JPG,4.0212214e-08,1.2475311e-07,1.8459166e-07,0.99999964,spoiled
IMG_4601.JPG,spoiled,5.0,88.0,1,2025-09-26,7,0,/content/drive/MyDrive/spoilage_dataset/dataset_root/spoiled/IMG_4601.JPG,5.172121e-07,4.2902846e-07,1.2600195e-06,0.99999774,spoiled
IMG_4602.JPG,spoiled,5.0,88.0,1,2025-09-26,7,0,/content/drive/MyDrive/spoilage_dataset/dataset_root/spoiled/IMG_4602.JPG,4.7830616e-07,1.3341783e-06,1.9840863e-06,0.9999962,spoiled
IMG_4603.JPG,spoiled,5.0,88.0,1,2025-09-26,7,0,/content/drive/MyDrive/spoilage_dataset/dataset_root/spoiled/IMG_4603.JPG,2.838396e-07,3.943798e-07,1.9065516e-06,0.9999974,spoiled
IMG_4604.JPG,spoiled,5.0,88.0,1,2025-09-26,7,0,/content/drive/MyDrive/spoilage_dataset/dataset_root/spoiled/IMG_4604.JPG,3.1847347e-07,1.0762831e-06,8.7554025e-07,0.99999774,spoiled
IMG_4605.JPG,spoiled,5.0,88.0,1,2025-09-26,7,0,/content/drive/MyDrive/spoilage_dataset/dataset_root/spoiled/IMG_4605.JPG,7.699045e-05,0.024831856,0.01608838,0.95900273,spoiled
IMG_4606.JPG,spoiled,5.0,88.0,1,2025-09-26,7,0,/content/drive/MyDrive/spoilage_dataset/dataset_root/spoiled/IMG_4606.JPG,4.483338e-05,0.20741244,0.01829011,0.7742526,spoiled
IMG_4607.JPG,spoiled,5.0,88.0,1,2025-09-26,7,0,/content/drive/MyDrive/spoilage_dataset/dataset_root/spoiled/IMG_4607.JPG,2.8805416e-06,0.009593807,0.0034910163,0.98691225,spoiled
IMG_4608.JPG,spoiled,5.0,88.0,1,2025-09-26,7,0,/content/drive/MyDrive/spoilage_dataset/dataset_root/spoiled/IMG_4608.JPG,3.2000058e-05,0.21750477,0.08182907,0.7006341,spoiled
IMG_4609.JPG,spoiled,5.0,88.0,1,2025-09-26,7,0,/content/drive/MyDrive/spoilage_dataset/dataset_root/spoiled/IMG_4609.JPG,4.97627e-05,0.027444452,0.01714431,0.9553615,spoiled
IMG_4611.JPG,spoiled,5.0,88.0,1,2025-09-26,7,0,/content/drive/MyDrive/spoilage_dataset/dataset_root/spoiled/IMG_4611.JPG,8.680933e-07,3.643273e-06,5.266882e-06,0.9999902,spoiled
IMG_4612.JPG,spoiled,5.0,88.0,1,2025-09-26,7,0,/content/drive/MyDrive/spoilage_dataset/dataset_root/spoiled/IMG_4612.JPG,2.4824192e-05,2.216742e-06,1.7657581e-05,0.9999553,spoiled
IMG_4613.JPG,spoiled,5.0,88.0,1,2025-09-26,7,0,/content/drive/MyDrive/spoilage_dataset/dataset_root/spoiled/IMG_4613.JPG,8.4833823e-07,9.2338894e-07,2.2997237e-06,0.99999595,spoiled
IMG_4614.JPG,spoiled,5.0,88.0,1,2025-09-26,7,0,/content/drive/MyDrive/spoilage_dataset/dataset_root/spoiled/IMG_4614.JPG,2.3764258e-07,2.2443378e-07,8.031191e-07,0.9999987,spoiled
IMG_4615.JPG,spoiled,5.0,88.0,1,2025-09-26,7,0,/content/drive/MyDrive/spoilage_dataset/dataset_root/spoiled/IMG_4615.JPG,2.4408748e-06,2.1456156e-06,1.2286606e-06,0.99999416,spoiled
IMG_4616.JPG,spoiled,5.0,88.0,1,2025-09-26,7,0,/content/drive/MyDrive/spoilage_dataset/dataset_root/spoiled/IMG_4616.JPG,2.2333163e-05,1.2329792e-05,8.7325325e-06,0.9999566,spoiled
IMG_4617.JPG,spoiled,5.0,88.0,1,2025-09-26,7,0,/content/drive/MyDrive/spoilage_dataset/dataset_root/spoiled/IMG_4617.JPG,1.3715348e-06,1.6542999e-06,4.417605e-06,0.9999926,spoiled
IMG_4618.JPG,spoiled,5.0,88.0,1,2025-09-26,7,0,/content/drive/MyDrive/spoilage_dataset/dataset_root/spoiled/IMG_4618.JPG,3.2520304e-06,2.4282733e-06,1.1159154e-05,0.9999832,spoiled
IMG_4619.JPG,spoiled,5.0,88.0,1,2025-09-26,7,0,/content/drive/MyDrive/spoilage_dataset/dataset_root/spoiled/IMG_4619.JPG,2.2460729e-06,1.5910782e-06,3.4618474e-06,0.9999927,spoiled
IMG_4620.JPG,spoiled,5.0,88.0,1,2025-09-26,7,0,/content/drive/MyDrive/spoilage_dataset/dataset_root/spoiled/IMG_4620.JPG,1.1561528e-06,9.48635e-07,6.973139e-06,0.99999094,spoiled
IMG_4621.JPG,spoiled,5.0,88.0,1,2025-09-26,7,0,/content/drive/MyDrive/spoilage_dataset/dataset_root/spoiled/IMG_4621.JPG,3.4714703e-06,3.1033865e-06,7.621334e-06,0.9999858,spoiled
IMG_4622.JPG,spoiled,5.0,88.0,1,2025-09-26,7,0,/content/drive/MyDrive/spoilage_dataset/dataset_root/spoiled/IMG_4622.JPG,5.7443126e-06,1.3980689e-06,7.685288e-06,0.9999852,spoiled
IMG_4623.JPG,spoiled,5.0,88.0,1,2025-09-26,7,0,/content/drive/MyDrive/spoilage_dataset/dataset_root/spoiled/IMG_4623.JPG,2.1747405e-06,1.1276812e-06,2.6212747e-06,0.99999404,spoiled
IMG_4624.JPG,spoiled,5.0,88.0,1,2025-09-26,7,0,/content/drive/MyDrive/spoilage_dataset/dataset_root/spoiled/IMG_4624.JPG,9.073785e-07,2.5947665e-07,5.1880704e-07,0.99999833,spoiled
IMG_4625.JPG,spoiled,5.0,88.0,1,2025-09-26,7,0,/content/drive/MyDrive/spoilage_dataset/dataset_root/spoiled/IMG_4625.JPG,2.9716332e-06,0.0011919647,0.003137086,0.99566793,spoiled
IMG_4626.JPG,spoiled,5.0,88.0,1,2025-09-26,7,0,/content/drive/MyDrive/spoilage_dataset/dataset_root/spoiled/IMG_4626.JPG,5.364072e-07,0.0008326627,0.000349243,0.9988175,spoiled
IMG_4627.JPG,spoiled,6.0,94.0,1,2025-09-26,7,0,/content/drive/MyDrive/spoilage_dataset/dataset_root/spoiled/IMG_4627.JPG,9.248053e-07,0.0007356766,0.0062465495,0.99301684,spoiled
IMG_4628.JPG,spoiled,6.0,94.0,1,2025-09-26,7,0,/content/drive/MyDrive/spoilage_dataset/dataset_root/spoiled/IMG_4628.JPG,2.2413153e-06,0.00013019306,0.00041573824,0.9994518,spoiled
IMG_4629.JPG,spoiled,6.0,94.0,1,2025-09-26,7,0,/content/drive/MyDrive/spoilage_dataset/dataset_root/spoiled/IMG_4629.JPG,2.4231417e-07,0.00020208502,0.004849222,0.9949484,spoiled
IMG_4630.JPG,spoiled,6.0,94.0,1,2025-09-26,7,0,/content/drive/MyDrive/spoilage_dataset/dataset_root/spoiled/IMG_4630.JPG,2.7206406e-07,8.3102905e-06,0.00035072534,0.9996407,spoiled
IMG_4631.JPG,spoiled,6.0,94.0,1,2025-09-26,7,0,/content/drive/MyDrive/spoilage_dataset/dataset_root/spoiled/IMG_4631.JPG,8.91081e-08,5.789349e-05,0.00048550725,0.99945647,spoiled
IMG_4632.JPG,spoiled,6.0,94.0,1,2025-09-26,7,0,/content/drive/MyDrive/spoilage_dataset/dataset_root/spoiled/IMG_4632.JPG,3.0173414e-06,7.655674e-05,0.00015547757,0.999765,spoiled
IMG_4633.JPG,spoiled,6.0,94.0,1,2025-09-26,7,0,/content/drive/MyDrive/spoilage_dataset/dataset_root/spoiled/IMG_4633.JPG,5.5383778e-05,0.002326987,0.012952239,0.98466545,spoiled
IMG_4634.JPG,spoiled,6.0,94.0,1,2025-09-26,7,0,/content/drive/MyDrive/spoilage_dataset/dataset_root/spoiled/IMG_4634.JPG,8.412778e-06,7.121508e-05,0.001752932,0.9981674,spoiled
IMG_4635.JPG,spoiled,6.0,94.0,1,2025-09-26,7,0,/content/drive/MyDrive/spoilage_dataset/dataset_root/spoiled/IMG_4635.JPG,4.3843506e-06,1.4700294e-06,2.0815616e-05,0.9999733,spoiled
IMG_4636.JPG,spoiled,6.0,94.0,1,2025-09-26,7,0,/content/drive/MyDrive/spoilage_dataset/dataset_root/spoiled/IMG_4636.JPG,3.1108443e-06,0.53858465,0.44840088,0.013011418,slightly_aged
IMG_4637.JPG,spoiled,6.0,94.0,1,2025-09-26,7,0,/content/drive/MyDrive/spoilage_dataset/dataset_root/spoiled/IMG_4637.JPG,1.5268918e-06,1.5055847e-05,0.0008504859,0.99913293,spoiled
IMG_4639.JPG,spoiled,6.0,94.0,1,2025-09-26,7,0,/content/drive/MyDrive/spoilage_dataset/dataset_root/spoiled/IMG_4639.JPG,3.4169196e-07,1.2551673e-07,4.940797e-06,0.99999464,spoiled
IMG_4640.JPG,spoiled,6.0,94.0,1,2025-09-26,7,0,/content/drive/MyDrive/spoilage_dataset/dataset_root/spoiled/IMG_4640.JPG,1.3526647e-05,9.0705896e-07,5.6934186e-06,0.99997985,spoiled
IMG_4641.JPG,spoiled,6.0,94.0,1,2025-09-26,7,0,/content/drive/MyDrive/spoilage_dataset/dataset_root/spoiled/IMG_4641.JPG,1.1122725e-06,1.9376863e-07,5.308906e-06,0.99999344,spoiled
IMG_4642.JPG,spoiled,6.0,94.0,1,2025-09-26,7,0,/content/drive/MyDrive/spoilage_dataset/dataset_root/spoiled/IMG_4642.JPG,1.8362734e-06,5.5163405e-08,1.0480118e-06,0.999997,spoiled
IMG_4643.JPG,spoiled,6.0,94.0,1,2025-09-26,7,0,/content/drive/MyDrive/spoilage_dataset/dataset_root/spoiled/IMG_4643.JPG,2.6860514e-06,8.7405806e-07,1.3612525e-05,0.99998283,spoiled
IMG_4644.JPG,spoiled,6.0,94.0,1,2025-09-26,7,0,/content/drive/MyDrive/spoilage_dataset/dataset_root/spoiled/IMG_4644.JPG,0.008800788,0.00024746195,0.0038879362,0.98706377,spoiled
IMG_4645.JPG,spoiled,6.0,94.0,1,2025-09-26,7,0,/content/drive/MyDrive/spoilage_dataset/dataset_root/spoiled/IMG_4645.JPG,0.0012948086,9.5065756e-05,0.006183334,0.9924269,spoiled
IMG_4646.JPG,spoiled,6.0,94.0,1,2025-09-26,7,0,/content/drive/MyDrive/spoilage_dataset/dataset_root/spoiled/IMG_4646.JPG,0.0039167246,0.00022958007,0.008986139,0.98686755,spoiled
IMG_4647.JPG,spoiled,6.0,94.0,1,2025-09-26,7,0,/content/drive/MyDrive/spoilage_dataset/dataset_root/spoiled/IMG_4647.JPG,0.0021837773,2.6695001e-05,0.004468353,0.9933211,spoiled
IMG_4648.JPG,spoiled,6.0,94.0,1,2025-09-26,7,0,/content/drive/MyDrive/spoilage_dataset/dataset_root/spoiled/IMG_4648.JPG,0.0105386395,0.00055401,0.04230073,0.9466066,spoiled
IMG_4649.JPG,spoiled,6.0,94.0,1,2025-09-26,7,0,/content/drive/MyDrive/spoilage_dataset/dataset_root/spoiled/IMG_4649.JPG,0.00079313724,2.0021287e-05,0.004179496,0.9950073,spoiled
IMG_4650.JPG,spoiled,6.0,94.0,1,2025-09-26,7,0,/content/drive/MyDrive/spoilage_dataset/dataset_root/spoiled/IMG_4650.JPG,0.0035893866,0.00014365558,0.004218312,0.9920487,spoiled
IMG_4651.JPG,spoiled,6.0,94.0,1,2025-09-26,7,0,/content/drive/MyDrive/spoilage_dataset/dataset_root/spoiled/IMG_4651.JPG,0.0010492409,3.3832526e-05,0.00053163205,0.9983853,spoiled
IMG_4652.JPG,spoiled,6.0,94.0,1,2025-09-26,7,0,/content/drive/MyDrive/spoilage_dataset/dataset_root/spoiled/IMG_4652.JPG,0.0004288724,2.6254145e-05,0.00060576404,0.9989391,spoiled
IMG_4653.JPG,spoiled,6.0,94.0,1,2025-09-26,7,0,/content/drive/MyDrive/spoilage_dataset/dataset_root/spoiled/IMG_4653.JPG,0.0023939367,1.3117208e-05,0.0017298838,0.9958631,spoiled
IMG_4654.JPG,spoiled,6.0,94.0,1,2025-09-26,7,0,/content/drive/MyDrive/spoilage_dataset/dataset_root/spoiled/IMG_4654.JPG,0.074467555,0.0001959484,0.012332746,0.91300374,spoiled
IMG_4655.JPG,spoiled,6.0,94.0,1,2025-09-26,7,0,/content/drive/MyDrive/spoilage_dataset/dataset_root/spoiled/IMG_4655.JPG,0.0010544449,0.00014944815,0.0054416717,0.99335444,spoiled
IMG_4656.JPG,spoiled,6.0,94.0,1,2025-09-26,7,0,/content/drive/MyDrive/spoilage_dataset/dataset_root/spoiled/IMG_4656.JPG,0.0027647645,0.00022026265,0.0036952386,0.99331975,spoiled
IMG_4657.JPG,spoiled,6.0,94.0,1,2025-09-26,7,0,/content/drive/MyDrive/spoilage_dataset/dataset_root/spoiled/IMG_4657.JPG,3.5003723e-07,1.3665516e-06,6.3615103e-06,0.9999919,spoiled
IMG_4658.JPG,spoiled,6.0,94.0,1,2025-09-26,7,0,/content/drive/MyDrive/spoilage_dataset/dataset_root/spoiled/IMG_4658.JPG,4.073579e-06,1.32338255e-05,6.633992e-05,0.9999163,spoiled
IMG_4659.JPG,spoiled,6.0,94.0,1,2025-09-26,7,0,/content/drive/MyDrive/spoilage_dataset/dataset_root/spoiled/IMG_4659.JPG,2.9961575e-07,1.9905042e-06,6.990716e-06,0.9999907,spoiled
IMG_4660.JPG,spoiled,6.0,94.0,1,2025-09-26,7,0,/content/drive/MyDrive/spoilage_dataset/dataset_root/spoiled/IMG_4660.JPG,4.3628797e-06,5.094211e-07,1.7708262e-05,0.99997747,spoiled
IMG_4661.JPG,spoiled,6.0,94.0,1,2025-09-26,7,0,/content/drive/MyDrive/spoilage_dataset/dataset_root/spoiled/IMG_4661.JPG,0.014318585,0.141748,0.4630737,0.3808597,near_spoilage
IMG_4662.JPG,spoiled,6.0,94.0,1,2025-09-26,7,0,/content/drive/MyDrive/spoilage_dataset/dataset_root/spoiled/IMG_4662.JPG,0.0006939072,0.010461272,0.105558485,0.8832863,spoiled
IMG_4663.JPG,spoiled,6.0,94.0,1,2025-09-26,7,0,/content/drive/MyDrive/spoilage_dataset/dataset_root/spoiled/IMG_4663.JPG,7.8928904e-05,8.1234255e-05,0.0027031775,0.9971367,spoiled
IMG_4664.JPG,spoiled,6.0,94.0,1,2025-09-26,7,0,/content/drive/MyDrive/spoilage_dataset/dataset_root/spoiled/IMG_4664.JPG,7.368917e-05,0.041300733,0.15893391,0.7996917,spoiled
IMG_4665.JPG,spoiled,6.0,94.0,1,2025-09-26,7,0,/content/drive/MyDrive/spoilage_dataset/dataset_root/spoiled/IMG_4665.JPG,0.000101884354,0.25239682,0.3854149,0.36208645,near_spoilage
IMG_4666.JPG,spoiled,6.0,94.0,1,2025-09-26,7,0,/content/drive/MyDrive/spoilage_dataset/dataset_root/spoiled/IMG_4666.JPG,1.1389058e-05,0.0060674837,0.100169815,0.8937513,spoiled
IMG_4667.JPG,spoiled,6.0,94.0,1,2025-09-26,7,0,/content/drive/MyDrive/spoilage_dataset/dataset_root/spoiled/IMG_4667.JPG,7.629677e-05,0.0055703125,0.37054008,0.6238134,spoiled
IMG_4668.JPG,spoiled,6.0,94.0,1,2025-09-26,7,0,/content/drive/MyDrive/spoilage_dataset/dataset_root/spoiled/IMG_4668.JPG,0.00030305606,0.03211836,0.18335253,0.78422606,spoiled
IMG_4669.JPG,spoiled,6.0,94.0,1,2025-09-26,7,0,/content/drive/MyDrive/spoilage_dataset/dataset_root/spoiled/IMG_4669.JPG,2.6145675e-05,0.0040669725,0.008889432,0.98701745,spoiled
IMG_4670.JPG,spoiled,6.0,94.0,1,2025-09-26,7,0,/content/drive/MyDrive/spoilage_dataset/dataset_root/spoiled/IMG_4670.JPG,7.1794006e-05,0.046392903,0.10478616,0.84874916,spoiled
IMG_4671.JPG,spoiled,6.0,94.0,1,2025-09-26,7,0,/content/drive/MyDrive/spoilage_dataset/dataset_root/spoiled/IMG_4671.JPG,0.00016901045,0.054375134,0.17284119,0.77261466,spoiled
IMG_4672.JPG,spoiled,6.0,94.0,1,2025-09-26,7,0,/content/drive/MyDrive/spoilage_dataset/dataset_root/spoiled/IMG_4672.JPG,3.510059e-05,0.010231289,0.01882381,0.9709098,spoiled
IMG_4674.JPG,spoiled,6.0,94.0,1,2025-09-26,7,0,/content/drive/MyDrive/spoilage_dataset/dataset_root/spoiled/IMG_4674.JPG,1.2827594e-06,4.8090513e-08,3.6965653e-06,0.999995,spoiled
IMG_4675.JPG,spoiled,6.0,94.0,1,2025-09-26,7,0,/content/drive/MyDrive/spoilage_dataset/dataset_root/spoiled/IMG_4675.JPG,6.584475e-06,1.5508618e-08,2.16632e-06,0.9999912,spoiled
IMG_4676.JPG,spoiled,6.0,94.0,1,2025-09-26,7,0,/content/drive/MyDrive/spoilage_dataset/dataset_root/spoiled/IMG_4676.JPG,4.4612057e-07,2.2548257e-09,3.175426e-07,0.9999993,spoiled
IMG_4677.JPG,spoiled,6.0,94.0,1,2025-09-26,7,0,/content/drive/MyDrive/spoilage_dataset/dataset_root/spoiled/IMG_4677.JPG,8.742109e-08,1.1666115e-09,7.2557896e-08,0.9999999,spoiled
IMG_4678.JPG,spoiled,6.0,94.0,1,2025-09-26,7,0,/content/drive/MyDrive/spoilage_dataset/dataset_root/spoiled/IMG_4678.JPG,1.9677225e-07,5.2153104e-09,3.2002862e-07,0.9999995,spoiled
IMG_4679.JPG,spoiled,6.0,94.0,1,2025-09-26,7,0,/content/drive/MyDrive/spoilage_dataset/dataset_root/spoiled/IMG_4679.JPG,5.2214955e-07,7.0848363e-09,2.3743024e-07,0.9999993,spoiled
IMG_4680.JPG,spoiled,6.0,94.0,1,2025-09-26,7,0,/content/drive/MyDrive/spoilage_dataset/dataset_root/spoiled/IMG_4680.JPG,1.5782985e-06,1.9424558e-09,2.785182e-07,0.9999981,spoiled
IMG_4681.JPG,spoiled,6.0,94.0,1,2025-09-26,7,0,/content/drive/MyDrive/spoilage_dataset/dataset_root/spoiled/IMG_4681.JPG,7.134816e-08,1.7403916e-10,3.4098328e-08,0.9999999,spoiled
IMG_4682.JPG,spoiled,6.0,94.0,1,2025-09-26,7,0,/content/drive/MyDrive/spoilage_dataset/dataset_root/spoiled/IMG_4682.JPG,5.925024e-07,2.7037268e-09,2.028537e-07,0.99999917,spoiled
IMG_4683.JPG,spoiled,6.0,94.0,1,2025-09-26,7,0,/content/drive/MyDrive/spoilage_dataset/dataset_root/spoiled/IMG_4683.JPG,6.3814167e-07,2.5555051e-09,2.3384597e-07,0.99999917,spoiled
IMG_4684.JPG,spoiled,6.0,94.0,1,2025-09-26,7,0,/content/drive/MyDrive/spoilage_dataset/dataset_root/spoiled/IMG_4684.JPG,5.833227e-07,1.7108129e-09,1.4172389e-07,0.9999993,spoiled
IMG_4685.JPG,spoiled,6.0,94.0,1,2025-09-26,7,0,/content/drive/MyDrive/spoilage_dataset/dataset_root/spoiled/IMG_4685.JPG,7.107336e-06,2.9158116e-05,1.6792039e-05,0.99994695,spoiled
IMG_4686.JPG,spoiled,6.0,94.0,1,2025-09-26,7,0,/content/drive/MyDrive/spoilage_dataset/dataset_root/spoiled/IMG_4686.JPG,6.210113e-07,1.471123e-05,2.5533557e-06,0.9999821,spoiled
IMG_4687.JPG,spoiled,6.0,94.0,1,2025-09-26,7,0,/content/drive/MyDrive/spoilage_dataset/dataset_root/spoiled/IMG_4687.JPG,2.150555e-06,4.326344e-07,3.0120427e-07,0.99999714,spoiled
IMG_4688.JPG,spoiled,6.0,94.0,1,2025-09-26,7,0,/content/drive/MyDrive/spoilage_dataset/dataset_root/spoiled/IMG_4688.JPG,3.285281e-07,1.4016724e-06,4.310545e-07,0.99999785,spoiled
IMG_4689.JPG,spoiled,6.0,94.0,1,2025-09-26,7,0,/content/drive/MyDrive/spoilage_dataset/dataset_root/spoiled/IMG_4689.JPG,7.593626e-07,2.2804757e-06,1.2283392e-06,0.9999957,spoiled
IMG_4690.JPG,spoiled,6.0,94.0,1,2025-09-26,7,0,/content/drive/MyDrive/spoilage_dataset/dataset_root/spoiled/IMG_4690.JPG,1.558621e-05,0.040025886,0.0028288164,0.95712966,spoiled
IMG_4691.JPG,spoiled,6.0,94.0,1,2025-09-26,7,0,/content/drive/MyDrive/spoilage_dataset/dataset_root/spoiled/IMG_4691.JPG,1.1679869e-07,3.711756e-05,2.4548758e-06,0.9999603,spoiled
IMG_4692.JPG,spoiled,6.0,94.0,1,2025-09-26,7,0,/content/drive/MyDrive/spoilage_dataset/dataset_root/spoiled/IMG_4692.JPG,2.330809e-07,8.530434e-06,3.7917232e-06,0.9999875,spoiled
IMG_4693.JPG,spoiled,6.0,94.0,1,2025-09-26,7,0,/content/drive/MyDrive/spoilage_dataset/dataset_root/spoiled/IMG_4693.JPG,4.2150486e-08,1.6610132e-06,4.273885e-07,0.99999785,spoiled
IMG_4694.JPG,spoiled,6.0,94.0,2,2025-09-26,7,0,/content/drive/MyDrive/spoilage_dataset/dataset_root/spoiled/IMG_4694.JPG,3.174767e-07,1.6501841e-05,1.6932123e-05,0.99996626,spoiled
IMG_4695.JPG,spoiled,6.0,94.0,2,2025-09-26,7,0,/content/drive/MyDrive/spoilage_dataset/dataset_root/spoiled/IMG_4695.JPG,9.781811e-07,8.625177e-05,1.6645588e-05,0.99989617,spoiled
IMG_4696.JPG,spoiled,6.0,94.0,2,2025-09-26,7,0,/content/drive/MyDrive/spoilage_dataset/dataset_root/spoiled/IMG_4696.JPG,3.4409455e-05,0.0011720634,0.0007052001,0.9980883,spoiled
IMG_4697.JPG,spoiled,6.0,94.0,2,2025-09-26,7,0,/content/drive/MyDrive/spoilage_dataset/dataset_root/spoiled/IMG_4697.JPG,1.9294316e-07,2.269643e-06,2.2741158e-05,0.99997485,spoiled
IMG_4698.JPG,spoiled,6.0,94.0,2,2025-09-26,7,0,/content/drive/MyDrive/spoilage_dataset/dataset_root/spoiled/IMG_4698.JPG,1.0416887e-07,6.8445553e-07,4.1299254e-06,0.9999951,spoiled
IMG_4699.JPG,spoiled,6.0,94.0,2,2025-09-26,7,0,/content/drive/MyDrive/spoilage_dataset/dataset_root/spoiled/IMG_4699.JPG,2.4029325e-07,1.3024589e-06,4.5198103e-06,0.9999939,spoiled
IMG_4700.JPG,spoiled,6.0,94.0,2,2025-09-26,7,0,/content/drive/MyDrive/spoilage_dataset/dataset_root/spoiled/IMG_4700.JPG,6.334424e-08,5.6712486e-07,4.7021713e-06,0.99999464,spoiled
IMG_4702.JPG,spoiled,6.0,94.0,2,2025-09-26,7,0,/content/drive/MyDrive/spoilage_dataset/dataset_root/spoiled/IMG_4702.JPG,3.1400104e-05,5.897328e-06,3.4624147e-05,0.9999281,spoiled
IMG_4703.JPG,spoiled,6.0,94.0,2,2025-09-26,7,0,/content/drive/MyDrive/spoilage_dataset/dataset_root/spoiled/IMG_4703.JPG,1.771438e-05,2.503636e-06,4.4956225e-05,0.9999348,spoiled
IMG_4704.JPG,spoiled,6.0,94.0,2,2025-09-26,7,0,/content/drive/MyDrive/spoilage_dataset/dataset_root/spoiled/IMG_4704.JPG,1.9391731e-05,2.2851036e-06,7.334307e-05,0.999905,spoiled
IMG_4705.JPG,spoiled,6.0,94.0,2,2025-09-26,7,0,/content/drive/MyDrive/spoilage_dataset/dataset_root/spoiled/IMG_4705.JPG,1.09009325e-05,2.7287806e-06,3.6674628e-05,0.9999497,spoiled
IMG_4706.JPG,spoiled,6.0,94.0,2,2025-09-26,7,0,/content/drive/MyDrive/spoilage_dataset/dataset_root/spoiled/IMG_4706.JPG,5.6305066e-06,9.4183366e-07,9.026289e-06,0.9999844,spoiled
IMG_4707.JPG,spoiled,6.0,94.0,2,2025-09-26,7,0,/content/drive/MyDrive/spoilage_dataset/dataset_root/spoiled/IMG_4707.JPG,1.1042681e-05,9.554078e-07,1.6330563e-05,0.9999716,spoiled
IMG_4708.JPG,spoiled,6.0,94.0,2,2025-09-26,7,0,/content/drive/MyDrive/spoilage_dataset/dataset_root/spoiled/IMG_4708.JPG,4.8119978e-06,2.1516777e-07,3.7287998e-06,0.9999913,spoiled
IMG_4709.JPG,spoiled,6.0,94.0,2,2025-09-26,7,0,/content/drive/MyDrive/spoilage_dataset/dataset_root/spoiled/IMG_4709.JPG,1.67879e-05,4.102334e-06,4.2963624e-05,0.9999361,spoiled
IMG_4710.JPG,spoiled,6.0,94.0,2,2025-09-26,7,0,/content/drive/MyDrive/spoilage_dataset/dataset_root/spoiled/IMG_4710.JPG,1.1442509e-05,1.9883491e-06,3.3823235e-05,0.9999528,spoiled
IMG_4711.JPG,spoiled,6.0,94.0,2,2025-09-26,7,0,/content/drive/MyDrive/spoilage_dataset/dataset_root/spoiled/IMG_4711.JPG,6.1544324e-06,6.2927757e-07,6.783273e-06,0.9999864,spoiled
IMG_4712.JPG,spoiled,6.0,94.0,2,2025-09-26,7,0,/content/drive/MyDrive/spoilage_dataset/dataset_root/spoiled/IMG_4712.JPG,6.862074e-05,4.869585e-06,0.00011123257,0.9998153,spoiled
IMG_4713.JPG,spoiled,6.0,94.0,2,2025-09-26,7,0,/content/drive/MyDrive/spoilage_dataset/dataset_root/spoiled/IMG_4713.JPG,2.5319287e-05,4.4138824e-06,3.5853976e-05,0.99993443,spoiled
IMG_4714.JPG,spoiled,6.0,94.0,2,2025-09-26,7,0,/content/drive/MyDrive/spoilage_dataset/dataset_root/spoiled/IMG_4714.JPG,4.7963945e-06,1.181736e-06,2.3299053e-05,0.9999707,spoiled
IMG_4715.JPG,spoiled,6.0,94.0,2,2025-09-26,7,0,/content/drive/MyDrive/spoilage_dataset/dataset_root/spoiled/IMG_4715.JPG,1.0157609e-05,1.1925646e-05,5.1129493e-05,0.9999268,spoiled
IMG_4716.JPG,spoiled,6.0,94.0,2,2025-09-26,7,0,/content/drive/MyDrive/spoilage_dataset/dataset_root/spoiled/IMG_4716.JPG,3.6055565e-06,2.2509907e-06,3.7876573e-06,0.99999034,spoiled
IMG_4717.JPG,spoiled,6.0,94.0,2,2025-09-26,7,0,/content/drive/MyDrive/spoilage_dataset/dataset_root/spoiled/IMG_4717.JPG,4.283902e-06,2.7695453e-06,6.2655754e-06,0.99998665,spoiled
IMG_4718.JPG,spoiled,6.0,94.0,2,2025-09-26,7,0,/content/drive/MyDrive/spoilage_dataset/dataset_root/spoiled/IMG_4718.JPG,3.903214e-06,8.345471e-07,3.498665e-06,0.9999918,spoiled
IMG_4719.JPG,spoiled,6.0,94.0,2,2025-09-26,7,0,/content/drive/MyDrive/spoilage_dataset/dataset_root/spoiled/IMG_4719.JPG,5.941493e-06,3.0027406e-06,2.4339102e-05,0.99996674,spoiled
IMG_4720.JPG,spoiled,6.0,94.0,2,2025-09-26,7,0,/content/drive/MyDrive/spoilage_dataset/dataset_root/spoiled/IMG_4720.JPG,4.124823e-06,1.292158e-06,8.289492e-06,0.9999863,spoiled
IMG_4721.JPG,spoiled,6.0,94.0,2,2025-09-26,7,0,/content/drive/MyDrive/spoilage_dataset/dataset_root/spoiled/IMG_4721.JPG,6.1927276e-06,1.3671233e-06,7.5783837e-06,0.99998486,spoiled
IMG_4722.JPG,spoiled,6.0,94.0,2,2025-09-26,7,0,/content/drive/MyDrive/spoilage_dataset/dataset_root/spoiled/IMG_4722.JPG,2.7015505e-05,1.9484052e-05,3.2951335e-05,0.9999205,spoiled
IMG_4723.JPG,spoiled,6.0,94.0,2,2025-09-26,7,0,/content/drive/MyDrive/spoilage_dataset/dataset_root/spoiled/IMG_4723.JPG,0.00013314701,3.2009618e-06,1.01613305e-05,0.9998535,spoiled
IMG_4724.JPG,spoiled,6.0,94.0,2,2025-09-26,7,0,/content/drive/MyDrive/spoilage_dataset/dataset_root/spoiled/IMG_4724.JPG,0.00012229248,6.602836e-07,2.8141822e-06,0.99987423,spoiled
IMG_4725.JPG,spoiled,6.0,94.0,2,2025-09-26,7,0,/content/drive/MyDrive/spoilage_dataset/dataset_root/spoiled/IMG_4725.JPG,0.0015315347,3.2264336e-06,3.140324e-05,0.99843377,spoiled
IMG_4726.JPG,spoiled,6.0,94.0,2,2025-09-26,7,0,/content/drive/MyDrive/spoilage_dataset/dataset_root/spoiled/IMG_4726.JPG,4.529581e-05,1.4002491e-06,2.1659876e-05,0.9999317,spoiled
IMG_4727.JPG,spoiled,6.0,94.0,2,2025-09-26,7,0,/content/drive/MyDrive/spoilage_dataset/dataset_root/spoiled/IMG_4727.JPG,0.000117973614,4.837474e-07,8.197399e-06,0.9998733,spoiled
IMG_4728.JPG,spoiled,6.0,94.0,2,2025-09-26,7,0,/content/drive/MyDrive/spoilage_dataset/dataset_root/spoiled/IMG_4728.JPG,2.1639942e-05,5.6854395e-07,7.4753266e-06,0.9999703,spoiled
IMG_4729.JPG,spoiled,6.0,94.0,2,2025-09-26,7,0,/content/drive/MyDrive/spoilage_dataset/dataset_root/spoiled/IMG_4729.JPG,0.00014138989,3.5973362e-06,1.9505691e-05,0.9998355,spoiled
IMG_4730.JPG,spoiled,6.0,94.0,2,2025-09-26,7,0,/content/drive/MyDrive/spoilage_dataset/dataset_root/spoiled/IMG_4730.JPG,0.0669528,0.0004907803,0.079102315,0.8534541,spoiled
IMG_4731.JPG,spoiled,6.0,94.0,3,2025-09-26,7,0,/content/drive/MyDrive/spoilage_dataset/dataset_root/spoiled/IMG_4731.JPG,0.0063146264,0.00012460488,0.01743407,0.9761267,spoiled
IMG_4732.JPG,spoiled,6.0,94.0,3,2025-09-26,7,0,/content/drive/MyDrive/spoilage_dataset/dataset_root/spoiled/IMG_4732.JPG,0.0022809776,0.0002895298,0.01143087,0.98599863,spoiled
IMG_4733.JPG,spoiled,6.0,94.0,3,2025-09-26,7,0,/content/drive/MyDrive/spoilage_dataset/dataset_root/spoiled/IMG_4733.JPG,0.019000955,0.00029975406,0.02002103,0.9606783,spoiled
IMG_4734.JPG,spoiled,6.0,94.0,3,2025-09-26,7,0,/content/drive/MyDrive/spoilage_dataset/dataset_root/spoiled/IMG_4734.JPG,0.06890129,0.0005537319,0.05559859,0.8749464,spoiled
IMG_4735.JPG,spoiled,6.0,94.0,3,2025-09-26,7,0,/content/drive/MyDrive/spoilage_dataset/dataset_root/spoiled/IMG_4735.JPG,0.00017170404,0.022770602,0.08757015,0.88948756,spoiled
IMG_4736.JPG,spoiled,6.0,94.0,3,2025-09-26,7,0,/content/drive/MyDrive/spoilage_dataset/dataset_root/spoiled/IMG_4736.JPG,9.271668e-05,0.015431287,0.96813655,0.016339384,near_spoilage
IMG_4737.JPG,spoiled,6.0,94.0,3,2025-09-26,7,0,/content/drive/MyDrive/spoilage_dataset/dataset_root/spoiled/IMG_4737.JPG,0.0002452269,0.022808844,0.37916505,0.5977809,spoiled
IMG_4738.JPG,spoiled,6.0,94.0,3,2025-09-26,7,0,/content/drive/MyDrive/spoilage_dataset/dataset_root/spoiled/IMG_4738.JPG,1.4590815e-05,0.0020441685,0.002905057,0.9950362,spoiled
IMG_4739.JPG,spoiled,6.0,94.0,3,2025-09-26,7,0,/content/drive/MyDrive/spoilage_dataset/dataset_root/spoiled/IMG_4739.JPG,5.2787186e-07,0.9183872,0.060688443,0.020923864,slightly_aged
IMG_4740.JPG,spoiled,6.0,94.0,3,2025-09-26,7,0,/content/drive/MyDrive/spoilage_dataset/dataset_root/spoiled/IMG_4740.JPG,9.17953e-08,0.608221,0.008374379,0.38340458,slightly_aged
IMG_4741.JPG,spoiled,6.0,94.0,3,2025-09-26,7,0,/content/drive/MyDrive/spoilage_dataset/dataset_root/spoiled/IMG_4741.JPG,0.00062530476,0.10535441,0.07170325,0.822317,spoiled
IMG_4742.JPG,spoiled,6.0,94.0,3,2025-09-26,7,0,/content/drive/MyDrive/spoilage_dataset/dataset_root/spoiled/IMG_4742.JPG,0.003836433,0.5301932,0.09540904,0.37056133,slightly_aged
IMG_4743.JPG,spoiled,6.0,94.0,3,2025-09-26,7,0,/content/drive/MyDrive/spoilage_dataset/dataset_root/spoiled/IMG_4743.JPG,0.00012654974,0.0067089293,0.07211071,0.9210538,spoiled
IMG_4744.JPG,spoiled,6.0,94.0,3,2025-09-26,7,0,/content/drive/MyDrive/spoilage_dataset/dataset_root/spoiled/IMG_4744.JPG,0.00021959792,0.0034656697,0.13065295,0.8656618,spoiled
IMG_4745.JPG,spoiled,6.0,94.0,3,2025-09-26,7,0,/content/drive/MyDrive/spoilage_dataset/dataset_root/spoiled/IMG_4745.JPG,0.00014635792,0.019301463,0.0026433805,0.9779088,spoiled
IMG_4746.JPG,spoiled,7.0,93.0,3,2025-09-26,7,0,/content/drive/MyDrive/spoilage_dataset/dataset_root/spoiled/IMG_4746.JPG,0.0001419216,1.2212256e-06,0.0001348664,0.99972194,spoiled
IMG_4747.JPG,spoiled,7.0,93.0,3,2025-09-26,7,0,/content/drive/MyDrive/spoilage_dataset/dataset_root/spoiled/IMG_4747.JPG,0.00033282544,6.7936446e-07,0.00019059719,0.9994759,spoiled
IMG_4748.JPG,spoiled,7.0,93.0,3,2025-09-26,7,0,/content/drive/MyDrive/spoilage_dataset/dataset_root/spoiled/IMG_4748.JPG,0.0002727656,6.570115e-07,0.00023850467,0.999488,spoiled
IMG_4749.JPG,spoiled,7.0,93.0,3,2025-09-26,7,0,/content/drive/MyDrive/spoilage_dataset/dataset_root/spoiled/IMG_4749.JPG,0.0017361285,2.7990325e-06,0.00027795983,0.9979831,spoiled
IMG_4750.JPG,spoiled,7.0,93.0,3,2025-09-26,7,0,/content/drive/MyDrive/spoilage_dataset/dataset_root/spoiled/IMG_4750.JPG,0.0006116847,5.412165e-07,0.000118183816,0.99926955,spoiled
IMG_4751.JPG,spoiled,7.0,93.0,3,2025-09-26,7,0,/content/drive/MyDrive/spoilage_dataset/dataset_root/spoiled/IMG_4751.JPG,0.0006450024,4.013286e-06,0.00023813291,0.9991128,spoiled
IMG_4753.JPG,spoiled,7.0,93.0,3,2025-09-26,7,0,/content/drive/MyDrive/spoilage_dataset/dataset_root/spoiled/IMG_4753.JPG,6.236181e-06,0.0012787657,0.0011999685,0.9975151,spoiled
IMG_4754.JPG,spoiled,7.0,93.0,3,2025-09-26,7,0,/content/drive/MyDrive/spoilage_dataset/dataset_root/spoiled/IMG_4754.JPG,1.0275592e-05,0.0037466877,0.0026733556,0.9935696,spoiled
IMG_4755.JPG,spoiled,7.0,93.0,3,2025-09-26,7,0,/content/drive/MyDrive/spoilage_dataset/dataset_root/spoiled/IMG_4755.JPG,8.347481e-06,0.00020088979,0.0013218062,0.99846894,spoiled
IMG_4756.JPG,spoiled,7.0,93.0,3,2025-09-26,7,0,/content/drive/MyDrive/spoilage_dataset/dataset_root/spoiled/IMG_4756.JPG,1.781725e-06,0.00016551832,0.000408785,0.999424,spoiled
IMG_4757.JPG,spoiled,7.0,93.0,3,2025-09-26,7,0,/content/drive/MyDrive/spoilage_dataset/dataset_root/spoiled/IMG_4757.JPG,1.0127831e-06,8.602202e-05,0.00017493834,0.99973804,spoiled
IMG_4758.JPG,spoiled,7.0,93.0,3,2025-09-26,7,0,/content/drive/MyDrive/spoilage_dataset/dataset_root/spoiled/IMG_4758.JPG,1.5679917e-06,2.5555859e-05,2.4214867e-05,0.9999486,spoiled
IMG_4759.JPG,spoiled,7.0,93.0,3,2025-09-26,7,0,/content/drive/MyDrive/spoilage_dataset/dataset_root/spoiled/IMG_4759.JPG,2.5622313e-07,4.1211162e-05,3.4464527e-05,0.99992406,spoiled
IMG_4760.JPG,spoiled,7.0,93.0,3,2025-09-26,7,0,/content/drive/MyDrive/spoilage_dataset/dataset_root/spoiled/IMG_4760.JPG,2.9724804e-06,6.826919e-05,0.0002829879,0.9996457,spoiled
IMG_4761.JPG,spoiled,7.0,93.0,3,2025-09-26,7,0,/content/drive/MyDrive/spoilage_dataset/dataset_root/spoiled/IMG_4761.JPG,4.4265703e-06,0.00015154845,0.00035107537,0.9994929,spoiled
IMG_4762.JPG,spoiled,7.0,93.0,3,2025-09-26,7,0,/content/drive/MyDrive/spoilage_dataset/dataset_root/spoiled/IMG_4762.JPG,6.852927e-06,0.00012616278,0.00030925614,0.9995577,spoiled
IMG_4763.JPG,spoiled,7.0,93.0,3,2025-09-26,7,0,/content/drive/MyDrive/spoilage_dataset/dataset_root/spoiled/IMG_4763.JPG,2.648271e-06,0.00014928426,0.00025933314,0.9995888,spoiled
IMG_4764.JPG,spoiled,7.0,93.0,3,2025-09-26,7,0,/content/drive/MyDrive/spoilage_dataset/dataset_root/spoiled/IMG_4764.JPG,3.7971304e-06,6.360092e-05,0.00016793117,0.9997646,spoiled
IMG_4765.JPG,spoiled,7.0,93.0,3,2025-09-26,7,0,/content/drive/MyDrive/spoilage_dataset/dataset_root/spoiled/IMG_4765.JPG,1.9922436e-06,0.00044312404,0.00042690948,0.99912804,spoiled
IMG_4766.JPG,spoiled,7.0,93.0,3,2025-09-26,7,0,/content/drive/MyDrive/spoilage_dataset/dataset_root/spoiled/IMG_4766.JPG,1.4293356e-06,9.1153095e-05,0.00010309601,0.9998043,spoiled
IMG_4767.JPG,spoiled,7.0,93.0,3,2025-09-26,7,0,/content/drive/MyDrive/spoilage_dataset/dataset_root/spoiled/IMG_4767.JPG,4.1817125e-06,0.000730818,0.0006614194,0.99860364,spoiled
IMG_4768.JPG,spoiled,7.0,93.0,4,2025-09-26,7,0,/content/drive/MyDrive/spoilage_dataset/dataset_root/spoiled/IMG_4768.JPG,4.921727e-06,6.7171095e-05,0.00016988364,0.99975806,spoiled
IMG_4769.JPG,spoiled,7.0,93.0,4,2025-09-26,7,0,/content/drive/MyDrive/spoilage_dataset/dataset_root/spoiled/IMG_4769.JPG,5.8092323e-06,0.0014889367,0.0009991735,0.9975061,spoiled
IMG_4770.JPG,spoiled,7.0,93.0,4,2025-09-26,7,0,/content/drive/MyDrive/spoilage_dataset/dataset_root/spoiled/IMG_4770.JPG,8.831067e-07,0.0068527116,0.966237,0.0269094,near_spoilage
IMG_4771.JPG,spoiled,7.0,93.0,4,2025-09-26,7,0,/content/drive/MyDrive/spoilage_dataset/dataset_root/spoiled/IMG_4771.JPG,9.334851e-06,0.028520716,0.86764663,0.10382333,near_spoilage
IMG_4772.JPG,spoiled,7.0,93.0,4,2025-09-26,7,0,/content/drive/MyDrive/spoilage_dataset/dataset_root/spoiled/IMG_4772.JPG,1.5749917e-07,0.001225445,0.018062599,0.9807118,spoiled
IMG_4773.JPG,spoiled,7.0,93.0,4,2025-09-26,7,0,/content/drive/MyDrive/spoilage_dataset/dataset_root/spoiled/IMG_4773.JPG,3.3741164e-06,0.042878695,0.28006417,0.67705375,spoiled
IMG_4774.JPG,spoiled,7.0,93.0,4,2025-09-26,7,0,/content/drive/MyDrive/spoilage_dataset/dataset_root/spoiled/IMG_4774.JPG,0.019634835,0.0015012386,0.044765428,0.9340985,spoiled
IMG_4775.JPG,spoiled,7.0,93.0,4,2025-09-26,7,0,/content/drive/MyDrive/spoilage_dataset/dataset_root/spoiled/IMG_4775.JPG,0.011119043,0.0004370384,0.023058504,0.9653854,spoiled
IMG_4776.JPG,spoiled,7.0,93.0,4,2025-09-26,7,0,/content/drive/MyDrive/spoilage_dataset/dataset_root/spoiled/IMG_4776.JPG,0.017343177,0.00019988941,0.008795488,0.9736614,spoiled
IMG_4777.JPG,spoiled,7.0,93.0,4,2025-09-26,7,0,/content/drive/MyDrive/spoilage_dataset/dataset_root/spoiled/IMG_4777.JPG,0.0017095525,2.048409e-05,0.0006873119,0.9975827,spoiled
IMG_4778.JPG,spoiled,7.0,93.0,4,2025-09-26,7,0,/content/drive/MyDrive/spoilage_dataset/dataset_root/spoiled/IMG_4778.JPG,0.01174764,0.0006341983,0.02472278,0.9628954,spoiled
IMG_4779.JPG,spoiled,7.0,93.0,4,2025-09-26,7,0,/content/drive/MyDrive/spoilage_dataset/dataset_root/spoiled/IMG_4779.JPG,0.0007614544,4.1722684e-05,0.00061354146,0.9985833,spoiled
IMG_4780.JPG,spoiled,7.0,93.0,4,2025-09-26,7,0,/content/drive/MyDrive/spoilage_dataset/dataset_root/spoiled/IMG_4780.JPG,0.00033283606,4.9955484e-05,0.0004097336,0.99920756,spoiled
IMG_4781.JPG,spoiled,7.0,93.0,4,2025-09-26,7,0,/content/drive/MyDrive/spoilage_dataset/dataset_root/spoiled/IMG_4781.JPG,0.0010418495,3.0558687e-05,0.0007750623,0.99815255,spoiled
IMG_4782.JPG,spoiled,7.0,93.0,4,2025-09-26,7,0,/content/drive/MyDrive/spoilage_dataset/dataset_root/spoiled/IMG_4782.JPG,0.0006848658,0.00017835532,0.00368106,0.99545574,spoiled
IMG_4783.JPG,spoiled,7.0,93.0,4,2025-09-26,7,0,/content/drive/MyDrive/spoilage_dataset/dataset_root/spoiled/IMG_4783.JPG,0.0023096236,0.00018207757,0.0036306889,0.9938776,spoiled
IMG_4784.JPG,spoiled,7.0,93.0,4,2025-09-26,7,0,/content/drive/MyDrive/spoilage_dataset/dataset_root/spoiled/IMG_4784.JPG,0.01320313,0.000594278,0.0030749266,0.9831277,spoiled
IMG_4785.JPG,spoiled,7.0,93.0,4,2025-09-26,7,0,/content/drive/MyDrive/spoilage_dataset/dataset_root/spoiled/IMG_4785.JPG,7.781584e-05,6.207029e-06,0.001590226,0.99832577,spoiled
IMG_4786.JPG,spoiled,7.0,93.0,4,2025-09-26,7,0,/content/drive/MyDrive/spoilage_dataset/dataset_root/spoiled/IMG_4786.JPG,3.718561e-05,1.5279139e-06,0.0003692742,0.999592,spoiled
IMG_4787.JPG,spoiled,7.0,93.0,4,2025-09-26,7,0,/content/drive/MyDrive/spoilage_dataset/dataset_root/spoiled/IMG_4787.JPG,7.856972e-05,9.201144e-07,8.9681016e-05,0.99983084,spoiled
IMG_4788.JPG,spoiled,7.0,93.0,4,2025-09-26,7,0,/content/drive/MyDrive/spoilage_dataset/dataset_root/spoiled/IMG_4788.JPG,0.004949766,1.2537719e-05,0.01281168,0.982226,spoiled
IMG_4790.JPG,spoiled,7.0,93.0,4,2025-09-26,7,0,/content/drive/MyDrive/spoilage_dataset/dataset_root/spoiled/IMG_4790.JPG,0.0033243233,0.024787663,0.97170985,0.00017821348,near_spoilage
IMG_4791.JPG,spoiled,7.0,93.0,4,2025-09-26,7,0,/content/drive/MyDrive/spoilage_dataset/dataset_root/spoiled/IMG_4791.JPG,3.1957534e-05,0.0052876174,0.1465479,0.8481325,spoiled
IMG_4792.JPG,spoiled,7.0,93.0,4,2025-09-26,7,0,/content/drive/MyDrive/spoilage_dataset/dataset_root/spoiled/IMG_4792.JPG,0.000119996665,0.03410232,0.71058124,0.25519636,near_spoilage
IMG_4793.JPG,spoiled,7.0,93.0,4,2025-09-26,7,0,/content/drive/MyDrive/spoilage_dataset/dataset_root/spoiled/IMG_4793.JPG,5.171889e-05,0.05971484,0.33849192,0.6017415,spoiled
IMG_4794.JPG,spoiled,7.0,93.0,4,2025-09-26,7,0,/content/drive/MyDrive/spoilage_dataset/dataset_root/spoiled/IMG_4794.JPG,1.00709485e-05,0.40010357,0.41795427,0.18193215,near_spoilage
IMG_4795.JPG,spoiled,7.0,93.0,4,2025-09-26,7,0,/content/drive/MyDrive/spoilage_dataset/dataset_root/spoiled/IMG_4795.JPG,6.67309e-05,0.20966469,0.39790377,0.3923648,near_spoilage
IMG_4796.JPG,spoiled,7.0,93.0,4,2025-09-26,7,0,/content/drive/MyDrive/spoilage_dataset/dataset_root/spoiled/IMG_4796.JPG,0.00994419,8.105077e-05,0.0011838336,0.988791,spoiled
IMG_4797.JPG,spoiled,7.0,93.0,4,2025-09-26,7,0,/content/drive/MyDrive/spoilage_dataset/dataset_root/spoiled/IMG_4797.JPG,0.07138486,0.00022534709,0.0056972546,0.9226926,spoiled
IMG_4799.JPG,spoiled,7.0,93.0,4,2025-09-26,7,0,/content/drive/MyDrive/spoilage_dataset/dataset_root/spoiled/IMG_4799.JPG,1.1248288e-05,1.0220304e-07,0.00029987557,0.99968874,spoiled
IMG_4800.JPG,spoiled,7.0,93.0,4,2025-09-26,7,0,/content/drive/MyDrive/spoilage_dataset/dataset_root/spoiled/IMG_4800.JPG,1.6727561e-05,2.7535469e-08,0.003925319,0.996058,spoiled
IMG_4801.JPG,spoiled,7.0,93.0,4,2025-09-26,7,0,/content/drive/MyDrive/spoilage_dataset/dataset_root/spoiled/IMG_4801.JPG,5.3776043e-06,6.57441e-08,0.0006154002,0.99937916,spoiled
IMG_4802.JPG,spoiled,7.0,93.0,4,2025-09-26,7,0,/content/drive/MyDrive/spoilage_dataset/dataset_root/spoiled/IMG_4802.JPG,5.9900103e-05,3.043639e-07,0.00076214166,0.99917763,spoiled
IMG_4803.JPG,spoiled,7.0,93.0,4,2025-09-26,7,0,/content/drive/MyDrive/spoilage_dataset/dataset_root/spoiled/IMG_4803.JPG,2.8970358e-05,1.16414824e-07,0.0013599595,0.998611,spoiled
IMG_4804.JPG,spoiled,7.0,93.0,4,2025-09-26,7,0,/content/drive/MyDrive/spoilage_dataset/dataset_root/spoiled/IMG_4804.JPG,3.074029e-05,3.0670915e-07,0.0009887781,0.9989801,spoiled
IMG_4805.JPG,spoiled,7.0,93.0,4,2025-09-26,7,0,/content/drive/MyDrive/spoilage_dataset/dataset_root/spoiled/IMG_4805.JPG,8.8785004e-07,5.4679865e-09,1.866794e-05,0.99998045,spoiled
IMG_4806.JPG,spoiled,7.0,93.0,5,2025-09-26,7,0,/content/drive/MyDrive/spoilage_dataset/dataset_root/spoiled/IMG_4806.JPG,1.4996279e-07,2.710024e-09,1.2927014e-06,0.99999857,spoiled
IMG_4807.JPG,spoiled,7.0,93.0,5,2025-09-26,7,0,/content/drive/MyDrive/spoilage_dataset/dataset_root/spoiled/IMG_4807.JPG,1.0135258e-05,9.139717e-08,0.00050619926,0.9994836,spoiled
IMG_4808.JPG,spoiled,7.0,93.0,5,2025-09-26,7,0,/content/drive/MyDrive/spoilage_dataset/dataset_root/spoiled/IMG_4808.JPG,1.3504854e-06,1.6613662e-08,4.099593e-05,0.9999577,spoiled
IMG_4809.JPG,spoiled,7.0,93.0,5,2025-09-26,7,0,/content/drive/MyDrive/spoilage_dataset/dataset_root/spoiled/IMG_4809.JPG,1.4731651e-05,6.463331e-08,0.00036193838,0.9996233,spoiled
IMG_4810.JPG,spoiled,7.0,93.0,5,2025-09-26,7,0,/content/drive/MyDrive/spoilage_dataset/dataset_root/spoiled/IMG_4810.JPG,4.5006783e-07,1.4725544e-09,8.8130055e-06,0.9999907,spoiled
IMG_4811.JPG,spoiled,7.0,93.0,5,2025-09-26,7,0,/content/drive/MyDrive/spoilage_dataset/dataset_root/spoiled/IMG_4811.JPG,1.3743557e-05,6.9119864e-08,0.00024631186,0.9997398,spoiled
IMG_4812.JPG,spoiled,7.0,93.0,5,2025-09-26,7,0,/content/drive/MyDrive/spoilage_dataset/dataset_root/spoiled/IMG_4812.JPG,2.5315069e-06,2.0746558e-08,1.2583744e-05,0.99998486,spoiled
IMG_4813.JPG,spoiled,7.0,93.0,5,2025-09-26,7,0,/content/drive/MyDrive/spoilage_dataset/dataset_root/spoiled/IMG_4813.JPG,3.4940037e-06,2.5129118e-08,4.953661e-05,0.99994695,spoiled
IMG_4814.JPG,spoiled,7.0,93.0,5,2025-09-26,7,0,/content/drive/MyDrive/spoilage_dataset/dataset_root/spoiled/IMG_4814.JPG,1.0575633e-05,6.244754e-08,4.96796e-05,0.9999397,spoiled
IMG_4815.JPG,spoiled,7.0,93.0,5,2025-09-26,7,0,/content/drive/MyDrive/spoilage_dataset/dataset_root/spoiled/IMG_4815.JPG,2.1415055e-06,1.6488567e-08,3.376007e-05,0.9999641,spoiled
IMG_4816.JPG,spoiled,7.0,93.0,5,2025-09-26,7,0,/content/drive/MyDrive/spoilage_dataset/dataset_root/spoiled/IMG_4816.JPG,5.2414466e-06,1.9911047e-08,1.6103642e-05,0.99997866,spoiled
IMG_4817.JPG,spoiled,7.0,93.0,5,2025-09-26,7,0,/content/drive/MyDrive/spoilage_dataset/dataset_root/spoiled/IMG_4817.JPG,8.852754e-05,1.5241108e-07,0.00017323795,0.99973804,spoiled
IMG_4818.JPG,spoiled,7.0,93.0,5,2025-09-26,7,0,/content/drive/MyDrive/spoilage_dataset/dataset_root/spoiled/IMG_4818.JPG,7.586816e-05,4.6151553e-07,0.00043964773,0.99948394,spoiled
IMG_4819.JPG,spoiled,7.0,93.0,5,2025-09-26,7,0,/content/drive/MyDrive/spoilage_dataset/dataset_root/spoiled/IMG_4819.JPG,1.1292841e-06,2.8980875e-07,0.00011957674,0.999879,spoiled
IMG_4820.JPG,spoiled,7.0,93.0,5,2025-09-26,7,0,/content/drive/MyDrive/spoilage_dataset/dataset_root/spoiled/IMG_4820.JPG,8.339925e-10,2.0248883e-08,5.6264547e-08,0.9999999,spoiled
IMG_4821.JPG,spoiled,7.0,93.0,5,2025-09-26,7,0,/content/drive/MyDrive/spoilage_dataset/dataset_root/spoiled/IMG_4821.JPG,1.4695176e-10,2.2442421e-09,3.7219379e-09,1.0,spoiled
IMG_4822.JPG,spoiled,7.0,93.0,5,2025-09-26,7,0,/content/drive/MyDrive/spoilage_dataset/dataset_root/spoiled/IMG_4822.JPG,3.5011394e-10,3.0598265e-08,4.6983896e-08,0.9999999,spoiled
IMG_4823.JPG,spoiled,7.0,93.0,5,2025-09-26,7,0,/content/drive/MyDrive/spoilage_dataset/dataset_root/spoiled/IMG_4823.JPG,1.4532978e-10,1.666648e-08,1.9228498e-08,1.0,spoiled
IMG_4824.JPG,spoiled,7.0,93.0,5,2025-09-26,7,0,/content/drive/MyDrive/spoilage_dataset/dataset_root/spoiled/IMG_4824.JPG,4.9041077e-10,2.0795522e-08,4.4624105e-08,0.9999999,spoiled
IMG_4825.JPG,spoiled,7.0,93.0,5,2025-09-26,7,0,/content/drive/MyDrive/spoilage_dataset/dataset_root/spoiled/IMG_4825.JPG,1.14466516e-07,5.7490343e-08,2.616398e-06,0.99999726,spoiled
IMG_4826.JPG,spoiled,7.0,93.0,5,2025-09-26,7,0,/content/drive/MyDrive/spoilage_dataset/dataset_root/spoiled/IMG_4826.JPG,2.7377325e-07,3.6587338e-08,1.480473e-06,0.9999982,spoiled
IMG_4827.JPG,spoiled,7.0,93.0,5,2025-09-26,7,0,/content/drive/MyDrive/spoilage_dataset/dataset_root/spoiled/IMG_4827.JPG,4.652027e-09,7.0980146e-09,4.898849e-08,0.9999999,spoiled
IMG_4828.JPG,spoiled,7.0,93.0,5,2025-09-26,7,0,/content/drive/MyDrive/spoilage_dataset/dataset_root/spoiled/IMG_4828.JPG,1.294155e-07,4.870784e-08,4.0599951e-07,0.9999994,spoiled
IMG_4829.JPG,spoiled,7.0,93.0,5,2025-09-26,7,0,/content/drive/MyDrive/spoilage_dataset/dataset_root/spoiled/IMG_4829.JPG,3.8305026e-07,2.3606818e-08,4.7840115e-07,0.99999917,spoiled
IMG_4830.JPG,spoiled,7.0,93.0,5,2025-09-26,7,0,/content/drive/MyDrive/spoilage_dataset/dataset_root/spoiled/IMG_4830.JPG,6.836768e-08,1.21925945e-08,1.7250461e-07,0.99999976,spoiled
IMG_4831.JPG,spoiled,7.0,93.0,5,2025-09-26,7,0,/content/drive/MyDrive/spoilage_dataset/dataset_root/spoiled/IMG_4831.JPG,7.5630027e-07,5.083052e-08,7.71852e-07,0.99999845,spoiled
IMG_4832.JPG,spoiled,7.0,93.0,5,2025-09-26,7,0,/content/drive/MyDrive/spoilage_dataset/dataset_root/spoiled/IMG_4832.JPG,5.02561e-09,2.6260878e-09,1.0832995e-07,0.9999999,spoiled
IMG_4833.JPG,spoiled,7.0,93.0,5,2025-09-26,7,0,/content/drive/MyDrive/spoilage_dataset/dataset_root/spoiled/IMG_4833.JPG,3.181661e-08,4.040564e-09,1.6871356e-07,0.99999976,spoiled
IMG_4834.JPG,spoiled,7.0,93.0,5,2025-09-26,7,0,/content/drive/MyDrive/spoilage_dataset/dataset_root/spoiled/IMG_4834.JPG,4.847004e-08,2.2086311e-08,3.5903528e-07,0.9999995,spoiled
IMG_4835.JPG,spoiled,7.0,93.0,5,2025-09-26,7,0,/content/drive/MyDrive/spoilage_dataset/dataset_root/spoiled/IMG_4835.JPG,5.3878274e-08,2.071025e-08,4.6554956e-07,0.9999994,spoiled
IMG_4836.JPG,spoiled,7.0,93.0,5,2025-09-26,7,0,/content/drive/MyDrive/spoilage_dataset/dataset_root/spoiled/IMG_4836.JPG,2.6057867e-08,3.1991545e-09,1.5804314e-07,0.99999976,spoiled
IMG_4837.JPG,spoiled,7.0,93.0,5,2025-09-26,7,0,/content/drive/MyDrive/spoilage_dataset/dataset_root/spoiled/IMG_4837.JPG,4.213057e-08,3.0217478e-07,1.3394566e-06,0.99999833,spoiled
IMG_4838.JPG,spoiled,7.0,93.0,5,2025-09-26,7,0,/content/drive/MyDrive/spoilage_dataset/dataset_root/spoiled/IMG_4838.JPG,2.0637446e-08,4.245817e-09,1.1404583e-06,0.9999988,spoiled
IMG_4839.JPG,spoiled,7.0,93.0,5,2025-09-26,7,0,/content/drive/MyDrive/spoilage_dataset/dataset_root/spoiled/IMG_4839.JPG,1.3361874e-07,5.3214478e-08,8.970857e-06,0.9999908,spoiled
IMG_4840.JPG,spoiled,7.0,93.0,5,2025-09-26,7,0,/content/drive/MyDrive/spoilage_dataset/dataset_root/spoiled/IMG_4840.JPG,2.074686e-09,1.9975288e-09,7.1244536e-08,0.9999999,spoiled
IMG_4841.JPG,spoiled,7.0,93.0,6,2025-09-26,7,0,/content/drive/MyDrive/spoilage_dataset/dataset_root/spoiled/IMG_4841.JPG,2.7274304e-08,6.441649e-08,4.8303474e-07,0.9999994,spoiled
IMG_4842.JPG,spoiled,7.0,93.0,6,2025-09-26,7,0,/content/drive/MyDrive/spoilage_dataset/dataset_root/spoiled/IMG_4842.JPG,6.2151084e-09,7.932811e-09,4.1126086e-07,0.9999995,spoiled
IMG_4843.JPG,spoiled,7.0,93.0,6,2025-09-26,7,0,/content/drive/MyDrive/spoilage_dataset/dataset_root/spoiled/IMG_4843.JPG,8.492129e-09,1.113214e-08,5.288242e-07,0.9999994,spoiled
IMG_4844.JPG,spoiled,7.0,93.0,6,2025-09-26,7,0,/content/drive/MyDrive/spoilage_dataset/dataset_root/spoiled/IMG_4844.JPG,2.9532485e-09,3.937715e-09,2.3721421e-07,0.99999976,spoiled
IMG_4845.JPG,spoiled,7.0,93.0,6,2025-09-26,7,0,/content/drive/MyDrive/spoilage_dataset/dataset_root/spoiled/IMG_4845.JPG,1.2840414e-09,7.347096e-10,1.4211459e-07,0.9999999,spoiled
IMG_4846.JPG,spoiled,7.0,93.0,6,2025-09-26,7,0,/content/drive/MyDrive/spoilage_dataset/dataset_root/spoiled/IMG_4846.JPG,7.365562e-10,3.3482878e-10,3.118463e-08,1.0,spoiled
IMG_4847.JPG,spoiled,7.0,93.0,6,2025-09-26,7,0,/content/drive/MyDrive/spoilage_dataset/dataset_root/spoiled/IMG_4847.JPG,2.2444636e-10,6.47346e-10,5.2963207e-09,1.0,spoiled
IMG_4848.JPG,spoiled,7.0,93.0,6,2025-09-26,7,0,/content/drive/MyDrive/spoilage_dataset/dataset_root/spoiled/IMG_4848.JPG,1.1388891e-09,1.28442394e-08,3.6202627e-07,0.99999964,spoiled
IMG_4849.JPG,spoiled,7.0,93.0,6,2025-09-26,7,0,/content/drive/MyDrive/spoilage_dataset/dataset_root/spoiled/IMG_4849.JPG,3.8266577e-09,2.6780352e-08,8.491618e-07,0.99999917,spoiled
IMG_4850.JPG,spoiled,7.0,93.0,6,2025-09-26,7,0,/content/drive/MyDrive/spoilage_dataset/dataset_root/spoiled/IMG_4850.JPG,2.4899938e-09,7.02342e-09,7.4298114e-08,0.9999999,spoiled
IMG_4851.JPG,spoiled,7.0,93.0,6,2025-09-26,7,0,/content/drive/MyDrive/spoilage_dataset/dataset_root/spoiled/IMG_4851.JPG,7.2398723e-09,7.4733535e-09,3.05071e-07,0.99999964,spoiled
IMG_4852.JPG,spoiled,7.0,93.0,6,2025-09-26,7,0,/content/drive/MyDrive/spoilage_dataset/dataset_root/spoiled/IMG_4852.JPG,1.8263696e-09,2.054234e-09,1.7926543e-07,0.99999976,spoiled
IMG_4853.JPG,spoiled,7.0,93.0,6,2025-09-26,7,0,/content/drive/MyDrive/spoilage_dataset/dataset_root/spoiled/IMG_4853.JPG,2.670609e-09,2.187526e-09,1.6641711e-07,0.9999999,spoiled
IMG_4854.JPG,spoiled,7.0,93.0,6,2025-09-26,7,0,/content/drive/MyDrive/spoilage_dataset/dataset_root/spoiled/IMG_4854.JPG,1.4636355e-09,6.051828e-10,3.106649e-08,1.0,spoiled
IMG_4855.JPG,spoiled,7.0,93.0,6,2025-09-26,7,0,/content/drive/MyDrive/spoilage_dataset/dataset_root/spoiled/IMG_4855.JPG,1.0283396e-09,2.1675401e-09,1.9337277e-07,0.99999976,spoiled
IMG_4856.JPG,spoiled,7.0,93.0,6,2025-09-26,7,0,/content/drive/MyDrive/spoilage_dataset/dataset_root/spoiled/IMG_4856.JPG,8.71897e-10,4.5301913e-09,6.9052966e-08,0.9999999,spoiled
IMG_4857.JPG,spoiled,7.0,93.0,6,2025-09-26,7,0,/content/drive/MyDrive/spoilage_dataset/dataset_root/spoiled/IMG_4857.JPG,4.4259485e-09,3.6131533e-09,5.216112e-07,0.9999995,spoiled
IMG_4859.JPG,spoiled,7.0,93.0,6,2025-09-26,7,0,/content/drive/MyDrive/spoilage_dataset/dataset_root/spoiled/IMG_4859.JPG,2.8788612e-08,3.0481817e-07,4.4401736e-07,0.99999917,spoiled
IMG_4860.JPG,spoiled,7.0,93.0,6,2025-09-26,7,0,/content/drive/MyDrive/spoilage_dataset/dataset_root/spoiled/IMG_4860.JPG,1.1110552e-06,3.9910658e-05,0.00034809567,0.99961096,spoiled
IMG_4861.JPG,spoiled,7.0,93.0,6,2025-09-26,7,0,/content/drive/MyDrive/spoilage_dataset/dataset_root/spoiled/IMG_4861.JPG,1.3245006e-09,4.7681567e-08,2.0159133e-08,0.9999999,spoiled
IMG_4862.JPG,spoiled,7.0,93.0,6,2025-09-26,7,0,/content/drive/MyDrive/spoilage_dataset/dataset_root/spoiled/IMG_4862.JPG,1.9726126e-12,4.3350888e-06,1.6608896e-06,0.99999404,spoiled
IMG_4863.JPG,spoiled,7.0,93.0,6,2025-09-26,7,0,/content/drive/MyDrive/spoilage_dataset/dataset_root/spoiled/IMG_4863.JPG,1.2697802e-12,3.4700347e-06,0.0004005181,0.99959606,spoiled
IMG_4864.JPG,spoiled,7.0,93.0,6,2025-09-26,7,0,/content/drive/MyDrive/spoilage_dataset/dataset_root/spoiled/IMG_4864.JPG,1.791594e-10,4.7168736e-10,6.1756994e-10,1.0,spoiled
IMG_4865.JPG,spoiled,7.0,93.0,6,2025-09-26,7,0,/content/drive/MyDrive/spoilage_dataset/dataset_root/spoiled/IMG_4865.JPG,2.3626184e-10,3.2827743e-10,5.6295846e-10,1.0,spoiled
IMG_4866.JPG,spoiled,8.0,91.0,6,2025-09-26,7,0,/content/drive/MyDrive/spoilage_dataset/dataset_root/spoiled/IMG_4866.JPG,6.781812e-10,4.766116e-10,1.39684e-09,1.0,spoiled
IMG_4867.JPG,spoiled,8.0,91.0,6,2025-09-26,7,0,/content/drive/MyDrive/spoilage_dataset/dataset_root/spoiled/IMG_4867.JPG,8.0976496e-11,3.629127e-11,2.5554084e-10,1.0,spoiled
IMG_4868.JPG,spoiled,8.0,91.0,6,2025-09-26,7,0,/content/drive/MyDrive/spoilage_dataset/dataset_root/spoiled/IMG_4868.JPG,2.315715e-10,1.5958522e-10,6.0152094e-10,1.0,spoiled
IMG_4869.JPG,spoiled,8.0,91.0,6,2025-09-26,7,0,/content/drive/MyDrive/spoilage_dataset/dataset_root/spoiled/IMG_4869.JPG,5.7194594e-10,5.5218434e-11,6.8586525e-10,1.0,spoiled
IMG_4870.JPG,spoiled,8.0,91.0,6,2025-09-26,7,0,/content/drive/MyDrive/spoilage_dataset/dataset_root/spoiled/IMG_4870.JPG,1.5132412e-10,2.3377522e-11,4.4089624e-10,1.0,spoiled
IMG_4871.JPG,spoiled,8.0,91.0,6,2025-09-26,7,0,/content/drive/MyDrive/spoilage_dataset/dataset_root/spoiled/IMG_4871.JPG,3.1909617e-11,8.002378e-11,2.1153909e-10,1.0,spoiled
IMG_4872.JPG,spoiled,8.0,91.0,6,2025-09-26,7,0,/content/drive/MyDrive/spoilage_dataset/dataset_root/spoiled/IMG_4872.JPG,2.6008887e-10,1.04141806e-10,5.366185e-10,1.0,spoiled
IMG_4873.JPG,spoiled,8.0,91.0,6,2025-09-26,7,0,/content/drive/MyDrive/spoilage_dataset/dataset_root/spoiled/IMG_4873.JPG,3.045624e-09,1.504209e-09,6.001735e-09,1.0,spoiled
IMG_4874.JPG,spoiled,8.0,91.0,6,2025-09-26,7,0,/content/drive/MyDrive/spoilage_dataset/dataset_root/spoiled/IMG_4874.JPG,3.2458225e-10,3.6664262e-11,2.0150849e-10,1.0,spoiled
IMG_4875.JPG,spoiled,8.0,91.0,6,2025-09-26,7,0,/content/drive/MyDrive/spoilage_dataset/dataset_root/spoiled/IMG_4875.JPG,1.5590516e-09,1.0814798e-09,1.5544344e-09,1.0,spoiled
IMG_4876.JPG,spoiled,8.0,91.0,6,2025-09-26,7,0,/content/drive/MyDrive/spoilage_dataset/dataset_root/spoiled/IMG_4876.JPG,2.2504908e-10,2.672096e-10,2.3406269e-10,1.0,spoiled
IMG_4877.JPG,spoiled,8.0,91.0,7,2025-09-26,7,0,/content/drive/MyDrive/spoilage_dataset/dataset_root/spoiled/IMG_4877.JPG,2.5218736e-07,1.2795519e-10,1.0209406e-09,0.99999976,spoiled
IMG_4878.JPG,spoiled,8.0,91.0,7,2025-09-26,7,0,/content/drive/MyDrive/spoilage_dataset/dataset_root/spoiled/IMG_4878.JPG,3.126244e-07,3.9461803e-09,1.6665193e-07,0.9999995,spoiled
IMG_4879.JPG,spoiled,8.0,91.0,7,2025-09-26,7,0,/content/drive/MyDrive/spoilage_dataset/dataset_root/spoiled/IMG_4879.JPG,5.1929e-09,2.1455182e-09,5.9209636e-08,0.9999999,spoiled
IMG_4880.JPG,spoiled,8.0,91.0,7,2025-09-26,7,0,/content/drive/MyDrive/spoilage_dataset/dataset_root/spoiled/IMG_4880.JPG,7.2605415e-11,4.5040668e-10,3.4625443e-09,1.0,spoiled
IMG_4881.JPG,spoiled,8.0,91.0,7,2025-09-26,7,0,/content/drive/MyDrive/spoilage_dataset/dataset_root/spoiled/IMG_4881.JPG,6.3797145e-09,1.3978574e-09,5.0976087e-07,0.9999995,spoiled
IMG_4882.JPG,spoiled,8.0,91.0,7,2025-09-26,7,0,/content/drive/MyDrive/spoilage_dataset/dataset_root/spoiled/IMG_4882.JPG,1.2512472e-10,6.76472e-10,6.7604287e-09,1.0,spoiled
IMG_4883.JPG,spoiled,8.0,91.0,7,2025-09-26,7,0,/content/drive/MyDrive/spoilage_dataset/dataset_root/spoiled/IMG_4883.JPG,7.3774355e-12,1.6011695e-10,1.2165992e-09,1.0,spoiled
IMG_4885.JPG,spoiled,8.0,91.0,7,2025-09-26,7,0,/content/drive/MyDrive/spoilage_dataset/dataset_root/spoiled/IMG_4885.JPG,3.8227377e-06,3.9721613e-06,0.000990311,0.9990019,spoiled
IMG_4886.JPG,spoiled,8.0,91.0,7,2025-09-26,7,0,/content/drive/MyDrive/spoilage_dataset/dataset_root/spoiled/IMG_4886.JPG,7.649108e-05,7.0444075e-06,0.0016649636,0.9982515,spoiled
IMG_4887.JPG,spoiled,8.0,91.0,7,2025-09-26,7,0,/content/drive/MyDrive/spoilage_dataset/dataset_root/spoiled/IMG_4887.JPG,1.2284505e-06,5.228752e-07,0.00021799398,0.99978024,spoiled
IMG_4888.JPG,spoiled,8.0,91.0,7,2025-09-26,7,0,/content/drive/MyDrive/spoilage_dataset/dataset_root/spoiled/IMG_4888.JPG,5.4153077e-07,3.2269307e-07,4.543941e-05,0.99995375,spoiled
IMG_4889.JPG,spoiled,8.0,91.0,7,2025-09-26,7,0,/content/drive/MyDrive/spoilage_dataset/dataset_root/spoiled/IMG_4889.JPG,3.046444e-06,2.0780708e-06,0.0006787712,0.9993161,spoiled
IMG_4890.JPG,spoiled,8.0,91.0,7,2025-09-26,7,0,/content/drive/MyDrive/spoilage_dataset/dataset_root/spoiled/IMG_4890.JPG,1.3680264e-05,2.0684179e-07,3.1869567e-05,0.9999542,spoiled
IMG_4891.JPG,spoiled,8.0,91.0,7,2025-09-26,7,0,/content/drive/MyDrive/spoilage_dataset/dataset_root/spoiled/IMG_4891.JPG,5.8338435e-07,1.18834784e-07,0.0001632227,0.9998361,spoiled
IMG_4892.JPG,spoiled,8.0,91.0,7,2025-09-26,7,0,/content/drive/MyDrive/spoilage_dataset/dataset_root/spoiled/IMG_4892.JPG,3.402234e-06,1.2392773e-06,0.0001150482,0.9998803,spoiled
IMG_4893.JPG,spoiled,8.0,91.0,7,2025-09-26,7,0,/content/drive/MyDrive/spoilage_dataset/dataset_root/spoiled/IMG_4893.JPG,1.4211407e-05,3.8757656e-07,9.315381e-05,0.99989223,spoiled
IMG_4894.JPG,spoiled,8.0,91.0,7,2025-09-26,7,0,/content/drive/MyDrive/spoilage_dataset/dataset_root/spoiled/IMG_4894.JPG,7.1596764e-06,2.4065292e-07,0.00011359259,0.999879,spoiled
IMG_4895.JPG,spoiled,8.0,91.0,7,2025-09-26,7,0,/content/drive/MyDrive/spoilage_dataset/dataset_root/spoiled/IMG_4895.JPG,7.0926185e-06,6.431045e-08,6.158141e-05,0.9999312,spoiled
IMG_4896.JPG,spoiled,8.0,91.0,7,2025-09-26,7,0,/content/drive/MyDrive/spoilage_dataset/dataset_root/spoiled/IMG_4896.JPG,5.077833e-05,6.7269195e-07,0.000388479,0.99956006,spoiled
IMG_4897.JPG,spoiled,8.0,91.0,7,2025-09-26,7,0,/content/drive/MyDrive/spoilage_dataset/dataset_root/spoiled/IMG_4897.JPG,4.4262473e-05,3.3319568e-06,0.0006101468,0.99934226,spoiled
IMG_4898.JPG,spoiled,8.0,91.0,7,2025-09-26,7,0,/content/drive/MyDrive/spoilage_dataset/dataset_root/spoiled/IMG_4898.JPG,0.00011805352,1.425727e-06,0.0010090409,0.9988715,spoiled
IMG_4899.JPG,spoiled,8.0,91.0,7,2025-09-26,7,0,/content/drive/MyDrive/spoilage_dataset/dataset_root/spoiled/IMG_4899.JPG,2.6311702e-06,2.4160695e-07,2.3155657e-05,0.999974,spoiled
IMG_4900.JPG,spoiled,8.0,91.0,7,2025-09-26,7,0,/content/drive/MyDrive/spoilage_dataset/dataset_root/spoiled/IMG_4900.JPG,6.623744e-06,1.3631072e-07,1.6423593e-05,0.9999769,spoiled
IMG_4901.JPG,spoiled,8.0,91.0,7,2025-09-26,7,0,/content/drive/MyDrive/spoilage_dataset/dataset_root/spoiled/IMG_4901.JPG,0.00014570184,1.1777973e-05,0.004371748,0.99547076,spoiled
IMG_4902.JPG,spoiled,8.0,91.0,7,2025-09-26,7,0,/content/drive/MyDrive/spoilage_dataset/dataset_root/spoiled/IMG_4902.JPG,1.5434167e-05,1.5408804e-06,0.00029852806,0.9996846,spoiled
IMG_4903.JPG,spoiled,8.0,91.0,7,2025-09-26,7,0,/content/drive/MyDrive/spoilage_dataset/dataset_root/spoiled/IMG_4903.JPG,4.7209082e-06,3.490305e-07,1.4614269e-05,0.99998033,spoiled
IMG_4904.JPG,spoiled,8.0,91.0,7,2025-09-26,7,0,/content/drive/MyDrive/spoilage_dataset/dataset_root/spoiled/IMG_4904.JPG,5.7123416e-06,1.3854928e-07,2.65811e-06,0.99999154,spoiled
IMG_4905.JPG,spoiled,8.0,91.0,7,2025-09-26,7,0,/content/drive/MyDrive/spoilage_dataset/dataset_root/spoiled/IMG_4905.JPG,4.4557244e-05,1.6102812e-06,0.00016736852,0.99978644,spoiled
IMG_4906.JPG,spoiled,8.0,91.0,7,2025-09-26,7,0,/content/drive/MyDrive/spoilage_dataset/dataset_root/spoiled/IMG_4906.JPG,8.012052e-07,1.445578e-07,1.1641897e-05,0.99998736,spoiled
IMG_4907.JPG,spoiled,8.0,91.0,7,2025-09-26,7,0,/content/drive/MyDrive/spoilage_dataset/dataset_root/spoiled/IMG_4907.JPG,0.0003262381,2.5070656e-05,0.00062624394,0.9990225,spoiled
IMG_4908.JPG,spoiled,8.0,91.0,7,2025-09-26,7,0,/content/drive/MyDrive/spoilage_dataset/dataset_root/spoiled/IMG_4908.JPG,0.0001974475,1.8464545e-05,0.0019940957,0.99779,spoiled
IMG_4909.JPG,spoiled,8.0,91.0,7,2025-09-26,7,0,/content/drive/MyDrive/spoilage_dataset/dataset_root/spoiled/IMG_4909.JPG,1.5232044e-05,8.9062223e-07,2.8187455e-05,0.99995565,spoiled
IMG_4910.JPG,spoiled,8.0,91.0,7,2025-09-26,7,0,/content/drive/MyDrive/spoilage_dataset/dataset_root/spoiled/IMG_4910.JPG,2.4893972e-05,0.0073649315,0.0050609307,0.9875493,spoiled
IMG_4911.JPG,spoiled,8.0,91.0,7,2025-09-26,7,0,/content/drive/MyDrive/spoilage_dataset/dataset_root/spoiled/IMG_4911.JPG,3.370571e-05,0.0002009916,0.02299117,0.97677416,spoiled
IMG_4912.JPG,spoiled,8.0,91.0,7,2025-09-26,7,0,/content/drive/MyDrive/spoilage_dataset/dataset_root/spoiled/IMG_4912.JPG,0.008867233,1.590629e-06,0.050129857,0.9410013,spoiled
IMG_4913.JPG,spoiled,8.0,91.0,8,2025-09-26,7,0,/content/drive/MyDrive/spoilage_dataset/dataset_root/spoiled/IMG_4913.JPG,1.7046232e-05,7.4723157e-06,0.0007320618,0.9992435,spoiled
IMG_4914.JPG,spoiled,8.0,91.0,8,2025-09-26,7,0,/content/drive/MyDrive/spoilage_dataset/dataset_root/spoiled/IMG_4914.JPG,2.2280545e-05,2.7970274e-05,0.0017515015,0.99819833,spoiled
IMG_4915.JPG,spoiled,8.0,91.0,8,2025-09-26,7,0,/content/drive/MyDrive/spoilage_dataset/dataset_root/spoiled/IMG_4915.JPG,1.562728e-05,1.5043753e-05,0.0030033768,0.99696594,spoiled
IMG_4916.JPG,spoiled,8.0,91.0,8,2025-09-26,7,0,/content/drive/MyDrive/spoilage_dataset/dataset_root/spoiled/IMG_4916.JPG,4.5103832e-05,4.215845e-06,0.0015450944,0.99840564,spoiled
IMG_4917.JPG,spoiled,8.0,91.0,8,2025-09-26,7,0,/content/drive/MyDrive/spoilage_dataset/dataset_root/spoiled/IMG_4917.JPG,9.702217e-06,9.897998e-07,0.00017003686,0.99981934,spoiled
IMG_4918.JPG,spoiled,8.0,91.0,8,2025-09-26,7,0,/content/drive/MyDrive/spoilage_dataset/dataset_root/spoiled/IMG_4918.JPG,3.6109723e-05,6.5062404e-06,2.9621411e-05,0.99992776,spoiled
IMG_4919.JPG,spoiled,8.0,91.0,8,2025-09-26,7,0,/content/drive/MyDrive/spoilage_dataset/dataset_root/spoiled/IMG_4919.JPG,9.187271e-06,6.834299e-06,1.7432547e-05,0.9999665,spoiled
IMG_4920.JPG,spoiled,8.0,91.0,8,2025-09-26,7,0,/content/drive/MyDrive/spoilage_dataset/dataset_root/spoiled/IMG_4920.JPG,8.060847e-05,2.3676304e-05,0.0005025712,0.9993931,spoiled
IMG_4921.JPG,spoiled,8.0,91.0,8,2025-09-26,7,0,/content/drive/MyDrive/spoilage_dataset/dataset_root/spoiled/IMG_4921.JPG,3.2628222e-08,1.4809244e-07,1.3412566e-06,0.99999845,spoiled
IMG_4922.JPG,spoiled,8.0,91.0,8,2025-09-26,7,0,/content/drive/MyDrive/spoilage_dataset/dataset_root/spoiled/IMG_4922.JPG,3.804574e-06,3.2599587e-06,0.00010105307,0.9998919,spoiled
IMG_4923.JPG,spoiled,8.0,91.0,8,2025-09-26,7,0,/content/drive/MyDrive/spoilage_dataset/dataset_root/spoiled/IMG_4923.JPG,0.00042590464,0.00025261802,0.0040887566,0.99523276,spoiled
IMG_4924.JPG,spoiled,8.0,91.0,8,2025-09-26,7,0,/content/drive/MyDrive/spoilage_dataset/dataset_root/spoiled/IMG_4924.JPG,6.1036946e-05,3.5462804e-06,0.0005000743,0.99943537,spoiled
IMG_4925.JPG,spoiled,8.0,91.0,8,2025-09-26,7,0,/content/drive/MyDrive/spoilage_dataset/dataset_root/spoiled/IMG_4925.JPG,8.9952874e-07,1.343777e-07,5.6626843e-05,0.9999423,spoiled
IMG_4926.JPG,spoiled,8.0,91.0,8,2025-09-26,7,0,/content/drive/MyDrive/spoilage_dataset/dataset_root/spoiled/IMG_4926.JPG,3.01926e-07,9.296105e-08,2.1909267e-05,0.9999777,spoiled
IMG_4927.JPG,spoiled,8.0,91.0,8,2025-09-26,7,0,/content/drive/MyDrive/spoilage_dataset/dataset_root/spoiled/IMG_4927.JPG,3.518245e-07,1.2658329e-07,2.8243865e-05,0.9999713,spoiled
IMG_4928.JPG,spoiled,8.0,91.0,8,2025-09-26,7,0,/content/drive/MyDrive/spoilage_dataset/dataset_root/spoiled/IMG_4928.JPG,2.1644678e-06,3.7363748e-08,6.5542913e-06,0.9999913,spoiled
IMG_4929.JPG,spoiled,8.0,91.0,8,2025-09-26,7,0,/content/drive/MyDrive/spoilage_dataset/dataset_root/spoiled/IMG_4929.JPG,1.2733522e-06,1.6947446e-06,5.9332488e-05,0.99993765,spoiled
IMG_4931.JPG,spoiled,8.0,91.0,8,2025-09-26,7,0,/content/drive/MyDrive/spoilage_dataset/dataset_root/spoiled/IMG_4931.JPG,2.1035768e-05,3.0290724e-07,6.564985e-05,0.999913,spoiled
IMG_4932.JPG,spoiled,8.0,91.0,8,2025-09-26,7,0,/content/drive/MyDrive/spoilage_dataset/dataset_root/spoiled/IMG_4932.JPG,0.0006265424,1.3368403e-06,0.0005976005,0.99877447,spoiled
IMG_4933.JPG,spoiled,8.0,91.0,8,2025-09-26,7,0,/content/drive/MyDrive/spoilage_dataset/dataset_root/spoiled/IMG_4933.JPG,1.2179652e-06,1.4676051e-07,1.2904006e-05,0.9999857,spoiled
IMG_4934.JPG,spoiled,8.0,91.0,8,2025-09-26,7,0,/content/drive/MyDrive/spoilage_dataset/dataset_root/spoiled/IMG_4934.JPG,2.903252e-06,3.5841587e-08,4.196629e-06,0.99999285,spoiled
IMG_4935.JPG,spoiled,8.0,91.0,8,2025-09-26,7,0,/content/drive/MyDrive/spoilage_dataset/dataset_root/spoiled/IMG_4935.JPG,7.202747e-06,6.43927e-08,4.984686e-05,0.9999429,spoiled
IMG_4936.JPG,spoiled,8.0,91.0,8,2025-09-26,7,0,/content/drive/MyDrive/spoilage_dataset/dataset_root/spoiled/IMG_4936.JPG,2.0558314e-06,3.662941e-08,1.3874619e-05,0.999984,spoiled
IMG_4937.JPG,spoiled,8.0,91.0,8,2025-09-26,7,0,/content/drive/MyDrive/spoilage_dataset/dataset_root/spoiled/IMG_4937.JPG,5.4639477e-06,1.3249962e-07,2.001553e-05,0.99997437,spoiled
IMG_4938.JPG,spoiled,8.0,91.0,8,2025-09-26,7,0,/content/drive/MyDrive/spoilage_dataset/dataset_root/spoiled/IMG_4938.JPG,8.587509e-06,4.8188673e-07,6.1242856e-05,0.99992967,spoiled
IMG_4939.JPG,spoiled,8.0,91.0,8,2025-09-26,7,0,/content/drive/MyDrive/spoilage_dataset/dataset_root/spoiled/IMG_4939.JPG,2.9949459e-05,8.051852e-08,2.7989596e-05,0.99994195,spoiled
IMG_4940.JPG,spoiled,8.0,91.0,8,2025-09-26,7,0,/content/drive/MyDrive/spoilage_dataset/dataset_root/spoiled/IMG_4940.JPG,3.9352517e-06,3.4737585e-08,2.0773137e-05,0.9999752,spoiled
IMG_4941.JPG,spoiled,8.0,91.0,8,2025-09-26,7,0,/content/drive/MyDrive/spoilage_dataset/dataset_root/spoiled/IMG_4941.JPG,1.2188012e-06,1.3139367e-08,3.9193365e-06,0.9999949,spoiled
IMG_4942.JPG,spoiled,8.0,91.0,8,2025-09-26,7,0,/content/drive/MyDrive/spoilage_dataset/dataset_root/spoiled/IMG_4942.JPG,1.7632759e-06,5.3768595e-08,1.47414285e-05,0.99998343,spoiled
IMG_4943.JPG,spoiled,8.0,91.0,8,2025-09-26,7,0,/content/drive/MyDrive/spoilage_dataset/dataset_root/spoiled/IMG_4943.JPG,1.4401807e-06,1.9677634e-08,3.6033837e-06,0.999995,spoiled
IMG_4944.JPG,spoiled,8.0,91.0,8,2025-09-26,7,0,/content/drive/MyDrive/spoilage_dataset/dataset_root/spoiled/IMG_4944.JPG,6.8871736e-07,1.680777e-08,5.29454e-06,0.99999404,spoiled
IMG_4945.JPG,spoiled,8.0,91.0,8,2025-09-26,7,0,/content/drive/MyDrive/spoilage_dataset/dataset_root/spoiled/IMG_4945.JPG,1.4241615e-06,4.6044097e-08,8.98715e-06,0.9999895,spoiled
IMG_4946.JPG,spoiled,8.0,91.0,8,2025-09-26,7,0,/content/drive/MyDrive/spoilage_dataset/dataset_root/spoiled/IMG_4946.JPG,3.8067524e-06,2.0996264e-07,2.9438152e-05,0.9999665,spoiled
IMG_4947.JPG,spoiled,8.0,91.0,8,2025-09-26,7,0,/content/drive/MyDrive/spoilage_dataset/dataset_root/spoiled/IMG_4947.JPG,1.7405868e-06,1.2689475e-08,3.561911e-06,0.99999464,spoiled
IMG_4948.JPG,spoiled,8.0,91.0,8,2025-09-26,7,0,/content/drive/MyDrive/spoilage_dataset/dataset_root/spoiled/IMG_4948.JPG,8.390411e-06,5.477907e-07,3.762642e-05,0.9999534,spoiled
IMG_4949.JPG,spoiled,8.0,91.0,9,2025-09-26,7,0,/content/drive/MyDrive/spoilage_dataset/dataset_root/spoiled/IMG_4949.JPG,1.0315199e-06,3.7042206e-08,2.6055518e-06,0.9999963,spoiled
IMG_4950.JPG,spoiled,8.0,91.0,9,2025-09-26,7,0,/content/drive/MyDrive/spoilage_dataset/dataset_root/spoiled/IMG_4950.JPG,1.729453e-06,9.199603e-08,2.4410801e-05,0.9999738,spoiled
IMG_4951.JPG,spoiled,8.0,91.0,9,2025-09-26,7,0,/content/drive/MyDrive/spoilage_dataset/dataset_root/spoiled/IMG_4951.JPG,1.2166939e-07,4.181175e-09,2.9442012e-07,0.9999995,spoiled
IMG_4952.JPG,spoiled,8.0,91.0,9,2025-09-26,7,0,/content/drive/MyDrive/spoilage_dataset/dataset_root/spoiled/IMG_4952.JPG,1.5141059e-07,2.8735117e-09,4.9061106e-07,0.9999994,spoiled
IMG_4953.JPG,spoiled,8.0,91.0,9,2025-09-26,7,0,/content/drive/MyDrive/spoilage_dataset/dataset_root/spoiled/IMG_4953.JPG,9.765797e-08,5.4133307e-09,2.65221e-07,0.99999964,spoiled
IMG_4954.JPG,spoiled,8.0,91.0,9,2025-09-26,7,0,/content/drive/MyDrive/spoilage_dataset/dataset_root/spoiled/IMG_4954.JPG,9.629126e-06,2.8472616e-07,0.000114758,0.9998753,spoiled
IMG_4955.JPG,spoiled,8.0,91.0,9,2025-09-26,7,0,/content/drive/MyDrive/spoilage_dataset/dataset_root/spoiled/IMG_4955.JPG,5.9429378e-05,8.500838e-08,3.424097e-05,0.9999062,spoiled
IMG_4956.JPG,spoiled,8.0,91.0,9,2025-09-26,7,0,/content/drive/MyDrive/spoilage_dataset/dataset_root/spoiled/IMG_4956.JPG,1.3222543e-05,8.148309e-08,1.5398862e-05,0.9999713,spoiled
IMG_4957.JPG,spoiled,8.0,91.0,9,2025-09-26,7,0,/content/drive/MyDrive/spoilage_dataset/dataset_root/spoiled/IMG_4957.JPG,0.00025678883,4.9700258e-08,8.879587e-06,0.9997342,spoiled
IMG_4958.JPG,spoiled,8.0,91.0,9,2025-09-26,7,0,/content/drive/MyDrive/spoilage_dataset/dataset_root/spoiled/IMG_4958.JPG,0.00042556922,2.1549393e-07,8.41366e-05,0.99949,spoiled
IMG_4959.JPG,spoiled,8.0,91.0,9,2025-09-26,7,0,/content/drive/MyDrive/spoilage_dataset/dataset_root/spoiled/IMG_4959.JPG,3.6808247e-05,1.0322535e-08,2.6910245e-06,0.99996054,spoiled
IMG_4960.JPG,spoiled,8.0,91.0,9,2025-09-26,7,0,/content/drive/MyDrive/spoilage_dataset/dataset_root/spoiled/IMG_4960.JPG,5.8148344e-06,4.3436987e-08,4.2188194e-06,0.99998987,spoiled
IMG_4961.JPG,spoiled,8.0,91.0,9,2025-09-26,7,0,/content/drive/MyDrive/spoilage_dataset/dataset_root/spoiled/IMG_4961.JPG,0.0001814588,0.000112837,0.031065708,0.96863997,spoiled
IMG_4962.JPG,spoiled,8.0,91.0,9,2025-09-26,7,0,/content/drive/MyDrive/spoilage_dataset/dataset_root/spoiled/IMG_4962.JPG,0.00077739835,0.015060369,0.11702741,0.86713487,spoiled
IMG_4963.JPG,spoiled,8.0,91.0,9,2025-09-26,7,0,/content/drive/MyDrive/spoilage_dataset/dataset_root/spoiled/IMG_4963.JPG,9.394014e-06,2.127008e-06,0.00047702258,0.9995115,spoiled
IMG_4964.JPG,spoiled,8.0,91.0,9,2025-09-26,7,0,/content/drive/MyDrive/spoilage_dataset/dataset_root/spoiled/IMG_4964.JPG,8.0516e-06,1.5410744e-06,0.0017976749,0.9981927,spoiled
IMG_4965.JPG,spoiled,8.0,91.0,9,2025-09-26,7,0,/content/drive/MyDrive/spoilage_dataset/dataset_root/spoiled/IMG_4965.JPG,5.0625717e-05,4.4417566e-06,0.004920745,0.99502414,spoiled
IMG_4966.JPG,spoiled,8.0,91.0,9,2025-09-26,7,0,/content/drive/MyDrive/spoilage_dataset/dataset_root/spoiled/IMG_4966.JPG,1.3755367e-06,1.1765325e-07,2.6794936e-05,0.99997175,spoiled
IMG_4967.JPG,spoiled,8.0,91.0,9,2025-09-26,7,0,/content/drive/MyDrive/spoilage_dataset/dataset_root/spoiled/IMG_4967.JPG,2.725527e-06,1.3605275e-07,5.876826e-05,0.99993837,spoiled
IMG_4968.JPG,spoiled,8.0,91.0,9,2025-09-26,7,0,/content/drive/MyDrive/spoilage_dataset/dataset_root/spoiled/IMG_4968.JPG,6.455874e-07,1.6427937e-07,4.4965203e-05,0.9999542,spoiled
IMG_4969.JPG,spoiled,8.0,91.0,9,2025-09-26,7,0,/content/drive/MyDrive/spoilage_dataset/dataset_root/spoiled/IMG_4969.JPG,1.1999658e-06,2.7080603e-07,7.830035e-05,0.99992025,spoiled
IMG_4970.JPG,spoiled,8.0,91.0,9,2025-09-26,7,0,/content/drive/MyDrive/spoilage_dataset/dataset_root/spoiled/IMG_4970.JPG,2.9137232e-06,5.083235e-07,0.0005346704,0.99946195,spoiled
IMG_4971.JPG,spoiled,8.0,91.0,9,2025-09-26,7,0,/content/drive/MyDrive/spoilage_dataset/dataset_root/spoiled/IMG_4971.JPG,1.4964081e-06,2.894657e-07,8.374364e-05,0.9999144,spoiled
IMG_4972.JPG,spoiled,8.0,91.0,9,2025-09-26,7,0,/content/drive/MyDrive/spoilage_dataset/dataset_root/spoiled/IMG_4972.JPG,2.3565892e-06,3.5224778e-07,0.00010257133,0.99989474,spoiled
IMG_4973.JPG,spoiled,8.0,91.0,9,2025-09-26,7,0,/content/drive/MyDrive/spoilage_dataset/dataset_root/spoiled/IMG_4973.JPG,1.2783341e-05,5.7885137e-07,0.0020209537,0.9979657,spoiled
IMG_4974.JPG,spoiled,8.0,91.0,9,2025-09-26,7,0,/content/drive/MyDrive/spoilage_dataset/dataset_root/spoiled/IMG_4974.JPG,7.394707e-05,1.691576e-06,0.0059644785,0.9939599,spoiled
IMG_4975.JPG,spoiled,8.0,91.0,9,2025-09-26,7,0,/content/drive/MyDrive/spoilage_dataset/dataset_root/spoiled/IMG_4975.JPG,2.9524117e-05,1.6893741e-06,0.001167279,0.99880147,spoiled
IMG_4976.JPG,spoiled,8.0,91.0,9,2025-09-26,7,0,/content/drive/MyDrive/spoilage_dataset/dataset_root/spoiled/IMG_4976.JPG,3.443511e-05,1.9424867e-06,0.0034336015,0.99653,spoiled
IMG_4977.JPG,spoiled,8.0,91.0,9,2025-09-26,7,0,/content/drive/MyDrive/spoilage_dataset/dataset_root/spoiled/IMG_4977.JPG,3.340341e-05,6.1832156e-07,0.0017422441,0.9982237,spoiled
IMG_4978.JPG,spoiled,8.0,91.0,9,2025-09-26,7,0,/content/drive/MyDrive/spoilage_dataset/dataset_root/spoiled/IMG_4978.JPG,8.2035345e-05,4.2949064e-06,0.012909912,0.98700374,spoiled
IMG_4979.JPG,spoiled,8.0,91.0,9,2025-09-26,7,0,/content/drive/MyDrive/spoilage_dataset/dataset_root/spoiled/IMG_4979.JPG,2.848634e-06,5.4724214e-06,5.971411e-06,0.9999857,spoiled
IMG_4980.JPG,spoiled,8.0,91.0,9,2025-09-26,7,0,/content/drive/MyDrive/spoilage_dataset/dataset_root/spoiled/IMG_4980.JPG,9.459458e-06,2.2636304e-06,1.2847991e-05,0.99997544,spoiled
IMG_4981.JPG,spoiled,8.0,91.0,9,2025-09-26,7,0,/content/drive/MyDrive/spoilage_dataset/dataset_root/spoiled/IMG_4981.JPG,1.9978828e-05,2.1115627e-06,8.797378e-05,0.99988997,spoiled
IMG_5029.JPG,spoiled,8.0,91.0,9,2025-09-26,7,0,/content/drive/MyDrive/spoilage_dataset/dataset_root/spoiled/IMG_5029.JPG,8.192687e-05,6.5345336e-07,0.00024478332,0.99967265,spoiled
IMG_5030.JPG,spoiled,8.0,91.0,9,2025-09-26,7,0,/content/drive/MyDrive/spoilage_dataset/dataset_root/spoiled/IMG_5030.JPG,2.9137288e-06,5.083245e-07,0.0005346712,0.99946195,spoiled
